2026-06-09 11:22:09 [INFO][module01-actuator] [background-preinit] traceId= o.h.validator.internal.util.Version - HV000001: Hibernate Validator 8.0.2.Final
2026-06-09 11:22:09 [INFO][module01-actuator] [main] traceId= c.w.a.PopularShopStarterApplication - Starting PopularShopStarterApplication using Java 17.0.18 with PID 75536 (C:\Lecture\14_Monitoring\module01-actuator\module01-actuator\build\classes\java\main started by user in C:\Lecture\14_Monitoring\module01-actuator\module01-actuator)
2026-06-09 11:22:09 [INFO][module01-actuator] [main] traceId= c.w.a.PopularShopStarterApplication - No active profile set, falling back to 1 default profile: "default"
2026-06-09 11:22:11 [INFO][module01-actuator] [main] traceId= o.s.d.r.c.RepositoryConfigurationDelegate - Bootstrapping Spring Data JPA repositories in DEFAULT mode.
2026-06-09 11:22:11 [INFO][module01-actuator] [main] traceId= o.s.d.r.c.RepositoryConfigurationDelegate - Finished Spring Data repository scanning in 88 ms. Found 2 JPA repository interfaces.
2026-06-09 11:22:12 [INFO][module01-actuator] [main] traceId= o.s.b.w.e.tomcat.TomcatWebServer - Tomcat initialized with port 8080 (http)
2026-06-09 11:22:12 [INFO][module01-actuator] [main] traceId= o.a.coyote.http11.Http11NioProtocol - Initializing ProtocolHandler ["http-nio-8080"]
2026-06-09 11:22:12 [INFO][module01-actuator] [main] traceId= o.a.catalina.core.StandardService - Starting service [Tomcat]
2026-06-09 11:22:12 [INFO][module01-actuator] [main] traceId= o.a.catalina.core.StandardEngine - Starting Servlet engine: [Apache Tomcat/10.1.41]
2026-06-09 11:22:12 [INFO][module01-actuator] [main] traceId= o.a.c.c.C.[Tomcat].[localhost].[/] - Initializing Spring embedded WebApplicationContext
2026-06-09 11:22:12 [INFO][module01-actuator] [main] traceId= o.s.b.w.s.c.ServletWebServerApplicationContext - Root WebApplicationContext: initialization completed in 2989 ms
2026-06-09 11:22:13 [INFO][module01-actuator] [main] traceId= com.zaxxer.hikari.HikariDataSource - HikariPool-1 - Starting...
2026-06-09 11:22:14 [INFO][module01-actuator] [main] traceId= com.zaxxer.hikari.pool.HikariPool - HikariPool-1 - Added connection com.mysql.cj.jdbc.ConnectionImpl@3feebf9c
2026-06-09 11:22:14 [INFO][module01-actuator] [main] traceId= com.zaxxer.hikari.HikariDataSource - HikariPool-1 - Start completed.
2026-06-09 11:22:14 [INFO][module01-actuator] [main] traceId= o.h.jpa.internal.util.LogHelper - HHH000204: Processing PersistenceUnitInfo [name: default]
2026-06-09 11:22:14 [INFO][module01-actuator] [main] traceId= org.hibernate.Version - HHH000412: Hibernate ORM core version 6.6.15.Final
2026-06-09 11:22:14 [INFO][module01-actuator] [main] traceId= o.h.c.i.RegionFactoryInitiator - HHH000026: Second-level cache disabled
2026-06-09 11:22:15 [INFO][module01-actuator] [main] traceId= o.s.o.j.p.SpringPersistenceUnitInfo - No LoadTimeWeaver setup: ignoring JPA class transformer
2026-06-09 11:22:15 [INFO][module01-actuator] [main] traceId= o.hibernate.orm.connections.pooling - HHH10001005: Database info:
	Database JDBC URL [Connecting through datasource 'HikariDataSource (HikariPool-1)']
	Database driver: undefined/unknown
	Database version: 8.0.45
	Autocommit mode: undefined/unknown
	Isolation level: undefined/unknown
	Minimum pool size: undefined/unknown
	Maximum pool size: undefined/unknown
2026-06-09 11:22:17 [INFO][module01-actuator] [main] traceId= o.h.e.t.j.p.i.JtaPlatformInitiator - HHH000489: No JTA platform available (set 'hibernate.transaction.jta.platform' to enable JTA platform integration)
2026-06-09 11:22:17 [INFO][module01-actuator] [main] traceId= o.s.o.j.LocalContainerEntityManagerFactoryBean - Initialized JPA EntityManagerFactory for persistence unit 'default'
2026-06-09 11:22:18 [INFO][module01-actuator] [main] traceId= o.s.d.j.r.query.QueryEnhancerFactory - Hibernate is in classpath; If applicable, HQL parser will be used.
2026-06-09 11:22:20 [INFO][module01-actuator] [main] traceId= o.s.b.a.e.web.EndpointLinksResolver - Exposing 5 endpoints beneath base path '/actuator'
2026-06-09 11:22:20 [INFO][module01-actuator] [main] traceId= o.a.coyote.http11.Http11NioProtocol - Starting ProtocolHandler ["http-nio-8080"]
2026-06-09 11:22:20 [INFO][module01-actuator] [main] traceId= o.s.b.w.e.tomcat.TomcatWebServer - Tomcat started on port 8080 (http) with context path '/'
2026-06-09 11:22:20 [INFO][module01-actuator] [main] traceId= c.w.a.PopularShopStarterApplication - Started PopularShopStarterApplication in 12.029 seconds (process running for 13.298)
2026-06-09 11:22:21 [INFO][module01-actuator] [http-nio-8080-exec-1] traceId= o.a.c.c.C.[Tomcat].[localhost].[/] - Initializing Spring DispatcherServlet 'dispatcherServlet'
2026-06-09 11:22:21 [INFO][module01-actuator] [http-nio-8080-exec-1] traceId= o.s.web.servlet.DispatcherServlet - Initializing Servlet 'dispatcherServlet'
2026-06-09 11:22:21 [INFO][module01-actuator] [http-nio-8080-exec-1] traceId= o.s.web.servlet.DispatcherServlet - Completed initialization in 2 ms
2026-06-09 11:22:21 [INFO][module01-actuator] [http-nio-8080-exec-1] traceId= c.w.a.g.log.RequestLoggingFilter - event=request_started method=GET uri=/actuator/prometheus
2026-06-09 11:22:21 [INFO][module01-actuator] [http-nio-8080-exec-1] traceId= c.w.a.g.log.RequestLoggingFilter - event=request_completed method=GET uri=/actuator/prometheus status=200 durationMs=260
2026-06-09 11:22:25 [INFO][module01-actuator] [http-nio-8080-exec-2] traceId= c.w.a.g.log.RequestLoggingFilter - event=request_started method=GET uri=/actuator/prometheus
2026-06-09 11:22:26 [INFO][module01-actuator] [http-nio-8080-exec-2] traceId= c.w.a.g.log.RequestLoggingFilter - event=request_completed method=GET uri=/actuator/prometheus status=200 durationMs=189
2026-06-09 11:22:30 [INFO][module01-actuator] [http-nio-8080-exec-3] traceId= c.w.a.g.log.RequestLoggingFilter - event=request_started method=GET uri=/actuator/prometheus
2026-06-09 11:22:31 [INFO][module01-actuator] [http-nio-8080-exec-3] traceId= c.w.a.g.log.RequestLoggingFilter - event=request_completed method=GET uri=/actuator/prometheus status=200 durationMs=193
2026-06-09 11:22:35 [INFO][module01-actuator] [http-nio-8080-exec-4] traceId= c.w.a.g.log.RequestLoggingFilter - event=request_started method=GET uri=/actuator/prometheus
2026-06-09 11:22:36 [INFO][module01-actuator] [http-nio-8080-exec-4] traceId= c.w.a.g.log.RequestLoggingFilter - event=request_completed method=GET uri=/actuator/prometheus status=200 durationMs=213
2026-06-09 11:22:40 [INFO][module01-actuator] [http-nio-8080-exec-6] traceId= c.w.a.g.log.RequestLoggingFilter - event=request_started method=GET uri=/actuator/prometheus
2026-06-09 11:22:41 [INFO][module01-actuator] [http-nio-8080-exec-6] traceId= c.w.a.g.log.RequestLoggingFilter - event=request_completed method=GET uri=/actuator/prometheus status=200 durationMs=256
2026-06-09 11:22:45 [INFO][module01-actuator] [http-nio-8080-exec-5] traceId= c.w.a.g.log.RequestLoggingFilter - event=request_started method=GET uri=/actuator/prometheus
2026-06-09 11:22:46 [INFO][module01-actuator] [http-nio-8080-exec-5] traceId= c.w.a.g.log.RequestLoggingFilter - event=request_completed method=GET uri=/actuator/prometheus status=200 durationMs=385
2026-06-09 11:22:50 [INFO][module01-actuator] [http-nio-8080-exec-10] traceId= c.w.a.g.log.RequestLoggingFilter - event=request_started method=GET uri=/actuator/prometheus
2026-06-09 11:22:51 [INFO][module01-actuator] [http-nio-8080-exec-10] traceId= c.w.a.g.log.RequestLoggingFilter - event=request_completed method=GET uri=/actuator/prometheus status=200 durationMs=323
2026-06-09 11:22:55 [INFO][module01-actuator] [http-nio-8080-exec-8] traceId= c.w.a.g.log.RequestLoggingFilter - event=request_started method=GET uri=/actuator/prometheus
2026-06-09 11:22:56 [INFO][module01-actuator] [http-nio-8080-exec-8] traceId= c.w.a.g.log.RequestLoggingFilter - event=request_completed method=GET uri=/actuator/prometheus status=200 durationMs=159
2026-06-09 11:23:00 [INFO][module01-actuator] [http-nio-8080-exec-9] traceId= c.w.a.g.log.RequestLoggingFilter - event=request_started method=GET uri=/actuator/prometheus
2026-06-09 11:23:01 [INFO][module01-actuator] [http-nio-8080-exec-9] traceId= c.w.a.g.log.RequestLoggingFilter - event=request_completed method=GET uri=/actuator/prometheus status=200 durationMs=202
2026-06-09 11:23:05 [INFO][module01-actuator] [http-nio-8080-exec-7] traceId= c.w.a.g.log.RequestLoggingFilter - event=request_started method=GET uri=/actuator/prometheus
2026-06-09 11:23:06 [INFO][module01-actuator] [http-nio-8080-exec-7] traceId= c.w.a.g.log.RequestLoggingFilter - event=request_completed method=GET uri=/actuator/prometheus status=200 durationMs=194
2026-06-09 11:23:10 [INFO][module01-actuator] [http-nio-8080-exec-1] traceId= c.w.a.g.log.RequestLoggingFilter - event=request_started method=GET uri=/actuator/prometheus
2026-06-09 11:23:11 [INFO][module01-actuator] [http-nio-8080-exec-1] traceId= c.w.a.g.log.RequestLoggingFilter - event=request_completed method=GET uri=/actuator/prometheus status=200 durationMs=325
2026-06-09 11:23:15 [INFO][module01-actuator] [http-nio-8080-exec-2] traceId= c.w.a.g.log.RequestLoggingFilter - event=request_started method=GET uri=/actuator/prometheus
2026-06-09 11:23:16 [INFO][module01-actuator] [http-nio-8080-exec-2] traceId= c.w.a.g.log.RequestLoggingFilter - event=request_completed method=GET uri=/actuator/prometheus status=200 durationMs=349
2026-06-09 11:23:20 [INFO][module01-actuator] [http-nio-8080-exec-3] traceId= c.w.a.g.log.RequestLoggingFilter - event=request_started method=GET uri=/actuator/prometheus
2026-06-09 11:23:21 [INFO][module01-actuator] [http-nio-8080-exec-3] traceId= c.w.a.g.log.RequestLoggingFilter - event=request_completed method=GET uri=/actuator/prometheus status=200 durationMs=229
2026-06-09 11:23:25 [INFO][module01-actuator] [http-nio-8080-exec-4] traceId= c.w.a.g.log.RequestLoggingFilter - event=request_started method=GET uri=/actuator/prometheus
2026-06-09 11:23:26 [INFO][module01-actuator] [http-nio-8080-exec-4] traceId= c.w.a.g.log.RequestLoggingFilter - event=request_completed method=GET uri=/actuator/prometheus status=200 durationMs=166
2026-06-09 11:23:30 [INFO][module01-actuator] [http-nio-8080-exec-6] traceId= c.w.a.g.log.RequestLoggingFilter - event=request_started method=GET uri=/actuator/prometheus
2026-06-09 11:23:31 [INFO][module01-actuator] [http-nio-8080-exec-6] traceId= c.w.a.g.log.RequestLoggingFilter - event=request_completed method=GET uri=/actuator/prometheus status=200 durationMs=176
2026-06-09 11:23:35 [INFO][module01-actuator] [http-nio-8080-exec-5] traceId= c.w.a.g.log.RequestLoggingFilter - event=request_started method=GET uri=/actuator/prometheus
2026-06-09 11:23:36 [INFO][module01-actuator] [http-nio-8080-exec-5] traceId= c.w.a.g.log.RequestLoggingFilter - event=request_completed method=GET uri=/actuator/prometheus status=200 durationMs=207
2026-06-09 11:23:40 [INFO][module01-actuator] [http-nio-8080-exec-10] traceId= c.w.a.g.log.RequestLoggingFilter - event=request_started method=GET uri=/actuator/prometheus
2026-06-09 11:23:41 [INFO][module01-actuator] [http-nio-8080-exec-10] traceId= c.w.a.g.log.RequestLoggingFilter - event=request_completed method=GET uri=/actuator/prometheus status=200 durationMs=189
2026-06-09 11:23:45 [INFO][module01-actuator] [http-nio-8080-exec-8] traceId= c.w.a.g.log.RequestLoggingFilter - event=request_started method=GET uri=/actuator/prometheus
2026-06-09 11:23:46 [INFO][module01-actuator] [http-nio-8080-exec-8] traceId= c.w.a.g.log.RequestLoggingFilter - event=request_completed method=GET uri=/actuator/prometheus status=200 durationMs=293
2026-06-09 11:23:50 [INFO][module01-actuator] [http-nio-8080-exec-9] traceId= c.w.a.g.log.RequestLoggingFilter - event=request_started method=GET uri=/actuator/prometheus
2026-06-09 11:23:51 [INFO][module01-actuator] [http-nio-8080-exec-9] traceId= c.w.a.g.log.RequestLoggingFilter - event=request_completed method=GET uri=/actuator/prometheus status=200 durationMs=175
2026-06-09 11:23:55 [INFO][module01-actuator] [http-nio-8080-exec-7] traceId= c.w.a.g.log.RequestLoggingFilter - event=request_started method=GET uri=/actuator/prometheus
2026-06-09 11:23:56 [INFO][module01-actuator] [http-nio-8080-exec-7] traceId= c.w.a.g.log.RequestLoggingFilter - event=request_completed method=GET uri=/actuator/prometheus status=200 durationMs=206
2026-06-09 11:24:00 [INFO][module01-actuator] [http-nio-8080-exec-1] traceId= c.w.a.g.log.RequestLoggingFilter - event=request_started method=GET uri=/actuator/prometheus
2026-06-09 11:24:01 [INFO][module01-actuator] [http-nio-8080-exec-1] traceId= c.w.a.g.log.RequestLoggingFilter - event=request_completed method=GET uri=/actuator/prometheus status=200 durationMs=266
2026-06-09 11:24:05 [INFO][module01-actuator] [http-nio-8080-exec-2] traceId= c.w.a.g.log.RequestLoggingFilter - event=request_started method=GET uri=/actuator/prometheus
2026-06-09 11:24:06 [INFO][module01-actuator] [http-nio-8080-exec-2] traceId= c.w.a.g.log.RequestLoggingFilter - event=request_completed method=GET uri=/actuator/prometheus status=200 durationMs=327
2026-06-09 11:24:10 [INFO][module01-actuator] [http-nio-8080-exec-3] traceId= c.w.a.g.log.RequestLoggingFilter - event=request_started method=GET uri=/actuator/prometheus
2026-06-09 11:24:11 [INFO][module01-actuator] [http-nio-8080-exec-3] traceId= c.w.a.g.log.RequestLoggingFilter - event=request_completed method=GET uri=/actuator/prometheus status=200 durationMs=180
2026-06-09 11:24:15 [INFO][module01-actuator] [http-nio-8080-exec-4] traceId= c.w.a.g.log.RequestLoggingFilter - event=request_started method=GET uri=/actuator/prometheus
2026-06-09 11:24:16 [INFO][module01-actuator] [http-nio-8080-exec-4] traceId= c.w.a.g.log.RequestLoggingFilter - event=request_completed method=GET uri=/actuator/prometheus status=200 durationMs=187
2026-06-09 11:24:20 [INFO][module01-actuator] [http-nio-8080-exec-6] traceId= c.w.a.g.log.RequestLoggingFilter - event=request_started method=GET uri=/actuator/prometheus
2026-06-09 11:24:21 [INFO][module01-actuator] [http-nio-8080-exec-6] traceId= c.w.a.g.log.RequestLoggingFilter - event=request_completed method=GET uri=/actuator/prometheus status=200 durationMs=189
2026-06-09 11:24:25 [INFO][module01-actuator] [http-nio-8080-exec-5] traceId= c.w.a.g.log.RequestLoggingFilter - event=request_started method=GET uri=/actuator/prometheus
2026-06-09 11:24:26 [INFO][module01-actuator] [http-nio-8080-exec-5] traceId= c.w.a.g.log.RequestLoggingFilter - event=request_completed method=GET uri=/actuator/prometheus status=200 durationMs=174
2026-06-09 11:24:30 [INFO][module01-actuator] [http-nio-8080-exec-10] traceId= c.w.a.g.log.RequestLoggingFilter - event=request_started method=GET uri=/actuator/prometheus
2026-06-09 11:24:31 [INFO][module01-actuator] [http-nio-8080-exec-10] traceId= c.w.a.g.log.RequestLoggingFilter - event=request_completed method=GET uri=/actuator/prometheus status=200 durationMs=314
2026-06-09 11:24:35 [INFO][module01-actuator] [http-nio-8080-exec-8] traceId= c.w.a.g.log.RequestLoggingFilter - event=request_started method=GET uri=/actuator/prometheus
2026-06-09 11:24:36 [INFO][module01-actuator] [http-nio-8080-exec-8] traceId= c.w.a.g.log.RequestLoggingFilter - event=request_completed method=GET uri=/actuator/prometheus status=200 durationMs=165
2026-06-09 11:24:40 [INFO][module01-actuator] [http-nio-8080-exec-9] traceId= c.w.a.g.log.RequestLoggingFilter - event=request_started method=GET uri=/actuator/prometheus
2026-06-09 11:24:41 [INFO][module01-actuator] [http-nio-8080-exec-9] traceId= c.w.a.g.log.RequestLoggingFilter - event=request_completed method=GET uri=/actuator/prometheus status=200 durationMs=179
2026-06-09 11:24:45 [INFO][module01-actuator] [http-nio-8080-exec-7] traceId= c.w.a.g.log.RequestLoggingFilter - event=request_started method=GET uri=/actuator/prometheus
2026-06-09 11:24:46 [INFO][module01-actuator] [http-nio-8080-exec-7] traceId= c.w.a.g.log.RequestLoggingFilter - event=request_completed method=GET uri=/actuator/prometheus status=200 durationMs=197
2026-06-09 11:24:50 [INFO][module01-actuator] [http-nio-8080-exec-1] traceId= c.w.a.g.log.RequestLoggingFilter - event=request_started method=GET uri=/actuator/prometheus
2026-06-09 11:24:51 [INFO][module01-actuator] [http-nio-8080-exec-1] traceId= c.w.a.g.log.RequestLoggingFilter - event=request_completed method=GET uri=/actuator/prometheus status=200 durationMs=315
2026-06-09 11:24:55 [INFO][module01-actuator] [http-nio-8080-exec-2] traceId= c.w.a.g.log.RequestLoggingFilter - event=request_started method=GET uri=/actuator/prometheus
2026-06-09 11:24:56 [INFO][module01-actuator] [http-nio-8080-exec-2] traceId= c.w.a.g.log.RequestLoggingFilter - event=request_completed method=GET uri=/actuator/prometheus status=200 durationMs=256
2026-06-09 11:25:00 [INFO][module01-actuator] [http-nio-8080-exec-3] traceId= c.w.a.g.log.RequestLoggingFilter - event=request_started method=GET uri=/actuator/prometheus
2026-06-09 11:25:01 [INFO][module01-actuator] [http-nio-8080-exec-3] traceId= c.w.a.g.log.RequestLoggingFilter - event=request_completed method=GET uri=/actuator/prometheus status=200 durationMs=212
2026-06-09 11:25:05 [INFO][module01-actuator] [http-nio-8080-exec-4] traceId= c.w.a.g.log.RequestLoggingFilter - event=request_started method=GET uri=/actuator/prometheus
2026-06-09 11:25:06 [INFO][module01-actuator] [http-nio-8080-exec-4] traceId= c.w.a.g.log.RequestLoggingFilter - event=request_completed method=GET uri=/actuator/prometheus status=200 durationMs=341
2026-06-09 11:25:10 [INFO][module01-actuator] [http-nio-8080-exec-6] traceId= c.w.a.g.log.RequestLoggingFilter - event=request_started method=GET uri=/actuator/prometheus
2026-06-09 11:25:11 [INFO][module01-actuator] [http-nio-8080-exec-6] traceId= c.w.a.g.log.RequestLoggingFilter - event=request_completed method=GET uri=/actuator/prometheus status=200 durationMs=261
2026-06-09 11:25:15 [INFO][module01-actuator] [http-nio-8080-exec-5] traceId= c.w.a.g.log.RequestLoggingFilter - event=request_started method=GET uri=/actuator/prometheus
2026-06-09 11:25:16 [INFO][module01-actuator] [http-nio-8080-exec-5] traceId= c.w.a.g.log.RequestLoggingFilter - event=request_completed method=GET uri=/actuator/prometheus status=200 durationMs=177
2026-06-09 11:25:20 [INFO][module01-actuator] [http-nio-8080-exec-10] traceId= c.w.a.g.log.RequestLoggingFilter - event=request_started method=GET uri=/actuator/prometheus
2026-06-09 11:25:21 [INFO][module01-actuator] [http-nio-8080-exec-10] traceId= c.w.a.g.log.RequestLoggingFilter - event=request_completed method=GET uri=/actuator/prometheus status=200 durationMs=202
2026-06-09 11:25:25 [INFO][module01-actuator] [http-nio-8080-exec-8] traceId= c.w.a.g.log.RequestLoggingFilter - event=request_started method=GET uri=/actuator/prometheus
2026-06-09 11:25:26 [INFO][module01-actuator] [http-nio-8080-exec-8] traceId= c.w.a.g.log.RequestLoggingFilter - event=request_completed method=GET uri=/actuator/prometheus status=200 durationMs=188
2026-06-09 11:25:30 [INFO][module01-actuator] [http-nio-8080-exec-9] traceId= c.w.a.g.log.RequestLoggingFilter - event=request_started method=GET uri=/actuator/prometheus
2026-06-09 11:25:31 [INFO][module01-actuator] [http-nio-8080-exec-9] traceId= c.w.a.g.log.RequestLoggingFilter - event=request_completed method=GET uri=/actuator/prometheus status=200 durationMs=158
2026-06-09 11:25:35 [INFO][module01-actuator] [http-nio-8080-exec-7] traceId= c.w.a.g.log.RequestLoggingFilter - event=request_started method=GET uri=/actuator/prometheus
2026-06-09 11:25:36 [INFO][module01-actuator] [http-nio-8080-exec-7] traceId= c.w.a.g.log.RequestLoggingFilter - event=request_completed method=GET uri=/actuator/prometheus status=200 durationMs=208
2026-06-09 11:25:40 [INFO][module01-actuator] [http-nio-8080-exec-1] traceId= c.w.a.g.log.RequestLoggingFilter - event=request_started method=GET uri=/actuator/prometheus
2026-06-09 11:25:41 [INFO][module01-actuator] [http-nio-8080-exec-1] traceId= c.w.a.g.log.RequestLoggingFilter - event=request_completed method=GET uri=/actuator/prometheus status=200 durationMs=303
2026-06-09 11:25:45 [INFO][module01-actuator] [http-nio-8080-exec-2] traceId= c.w.a.g.log.RequestLoggingFilter - event=request_started method=GET uri=/actuator/prometheus
2026-06-09 11:25:46 [INFO][module01-actuator] [http-nio-8080-exec-2] traceId= c.w.a.g.log.RequestLoggingFilter - event=request_completed method=GET uri=/actuator/prometheus status=200 durationMs=238
2026-06-09 11:25:50 [INFO][module01-actuator] [http-nio-8080-exec-3] traceId= c.w.a.g.log.RequestLoggingFilter - event=request_started method=GET uri=/actuator/prometheus
2026-06-09 11:25:51 [INFO][module01-actuator] [http-nio-8080-exec-3] traceId= c.w.a.g.log.RequestLoggingFilter - event=request_completed method=GET uri=/actuator/prometheus status=200 durationMs=174
2026-06-09 11:25:55 [INFO][module01-actuator] [http-nio-8080-exec-4] traceId= c.w.a.g.log.RequestLoggingFilter - event=request_started method=GET uri=/actuator/prometheus
2026-06-09 11:25:56 [INFO][module01-actuator] [http-nio-8080-exec-4] traceId= c.w.a.g.log.RequestLoggingFilter - event=request_completed method=GET uri=/actuator/prometheus status=200 durationMs=183
2026-06-09 11:26:00 [INFO][module01-actuator] [http-nio-8080-exec-6] traceId= c.w.a.g.log.RequestLoggingFilter - event=request_started method=GET uri=/actuator/prometheus
2026-06-09 11:26:01 [INFO][module01-actuator] [http-nio-8080-exec-6] traceId= c.w.a.g.log.RequestLoggingFilter - event=request_completed method=GET uri=/actuator/prometheus status=200 durationMs=166
2026-06-09 11:26:05 [INFO][module01-actuator] [http-nio-8080-exec-5] traceId= c.w.a.g.log.RequestLoggingFilter - event=request_started method=GET uri=/actuator/prometheus
2026-06-09 11:26:06 [INFO][module01-actuator] [http-nio-8080-exec-5] traceId= c.w.a.g.log.RequestLoggingFilter - event=request_completed method=GET uri=/actuator/prometheus status=200 durationMs=191
2026-06-09 11:26:10 [INFO][module01-actuator] [http-nio-8080-exec-10] traceId= c.w.a.g.log.RequestLoggingFilter - event=request_started method=GET uri=/actuator/prometheus
2026-06-09 11:26:11 [INFO][module01-actuator] [http-nio-8080-exec-10] traceId= c.w.a.g.log.RequestLoggingFilter - event=request_completed method=GET uri=/actuator/prometheus status=200 durationMs=322
2026-06-09 11:26:15 [INFO][module01-actuator] [http-nio-8080-exec-8] traceId= c.w.a.g.log.RequestLoggingFilter - event=request_started method=GET uri=/actuator/prometheus
2026-06-09 11:26:16 [INFO][module01-actuator] [http-nio-8080-exec-8] traceId= c.w.a.g.log.RequestLoggingFilter - event=request_completed method=GET uri=/actuator/prometheus status=200 durationMs=197
2026-06-09 11:26:20 [INFO][module01-actuator] [http-nio-8080-exec-9] traceId= c.w.a.g.log.RequestLoggingFilter - event=request_started method=GET uri=/actuator/prometheus
2026-06-09 11:26:21 [INFO][module01-actuator] [http-nio-8080-exec-9] traceId= c.w.a.g.log.RequestLoggingFilter - event=request_completed method=GET uri=/actuator/prometheus status=200 durationMs=166
2026-06-09 11:26:25 [INFO][module01-actuator] [http-nio-8080-exec-7] traceId= c.w.a.g.log.RequestLoggingFilter - event=request_started method=GET uri=/actuator/prometheus
2026-06-09 11:26:26 [INFO][module01-actuator] [http-nio-8080-exec-7] traceId= c.w.a.g.log.RequestLoggingFilter - event=request_completed method=GET uri=/actuator/prometheus status=200 durationMs=262
2026-06-09 11:26:30 [INFO][module01-actuator] [http-nio-8080-exec-1] traceId= c.w.a.g.log.RequestLoggingFilter - event=request_started method=GET uri=/actuator/prometheus
2026-06-09 11:26:31 [INFO][module01-actuator] [http-nio-8080-exec-1] traceId= c.w.a.g.log.RequestLoggingFilter - event=request_completed method=GET uri=/actuator/prometheus status=200 durationMs=189
2026-06-09 11:26:35 [INFO][module01-actuator] [http-nio-8080-exec-2] traceId= c.w.a.g.log.RequestLoggingFilter - event=request_started method=GET uri=/actuator/prometheus
2026-06-09 11:26:36 [INFO][module01-actuator] [http-nio-8080-exec-2] traceId= c.w.a.g.log.RequestLoggingFilter - event=request_completed method=GET uri=/actuator/prometheus status=200 durationMs=251
2026-06-09 11:26:40 [INFO][module01-actuator] [http-nio-8080-exec-3] traceId= c.w.a.g.log.RequestLoggingFilter - event=request_started method=GET uri=/actuator/prometheus
2026-06-09 11:26:41 [INFO][module01-actuator] [http-nio-8080-exec-3] traceId= c.w.a.g.log.RequestLoggingFilter - event=request_completed method=GET uri=/actuator/prometheus status=200 durationMs=311
2026-06-09 11:26:45 [INFO][module01-actuator] [http-nio-8080-exec-4] traceId= c.w.a.g.log.RequestLoggingFilter - event=request_started method=GET uri=/actuator/prometheus
2026-06-09 11:26:46 [INFO][module01-actuator] [http-nio-8080-exec-4] traceId= c.w.a.g.log.RequestLoggingFilter - event=request_completed method=GET uri=/actuator/prometheus status=200 durationMs=192
2026-06-09 11:26:50 [INFO][module01-actuator] [http-nio-8080-exec-6] traceId= c.w.a.g.log.RequestLoggingFilter - event=request_started method=GET uri=/actuator/prometheus
2026-06-09 11:26:51 [INFO][module01-actuator] [http-nio-8080-exec-6] traceId= c.w.a.g.log.RequestLoggingFilter - event=request_completed method=GET uri=/actuator/prometheus status=200 durationMs=201
2026-06-09 11:26:55 [INFO][module01-actuator] [http-nio-8080-exec-5] traceId= c.w.a.g.log.RequestLoggingFilter - event=request_started method=GET uri=/actuator/prometheus
2026-06-09 11:26:56 [INFO][module01-actuator] [http-nio-8080-exec-5] traceId= c.w.a.g.log.RequestLoggingFilter - event=request_completed method=GET uri=/actuator/prometheus status=200 durationMs=215
2026-06-09 11:27:00 [INFO][module01-actuator] [http-nio-8080-exec-10] traceId= c.w.a.g.log.RequestLoggingFilter - event=request_started method=GET uri=/actuator/prometheus
2026-06-09 11:27:01 [INFO][module01-actuator] [http-nio-8080-exec-10] traceId= c.w.a.g.log.RequestLoggingFilter - event=request_completed method=GET uri=/actuator/prometheus status=200 durationMs=325
2026-06-09 11:27:05 [INFO][module01-actuator] [http-nio-8080-exec-8] traceId= c.w.a.g.log.RequestLoggingFilter - event=request_started method=GET uri=/actuator/prometheus
2026-06-09 11:27:06 [INFO][module01-actuator] [http-nio-8080-exec-8] traceId= c.w.a.g.log.RequestLoggingFilter - event=request_completed method=GET uri=/actuator/prometheus status=200 durationMs=195
2026-06-09 11:27:10 [INFO][module01-actuator] [http-nio-8080-exec-9] traceId= c.w.a.g.log.RequestLoggingFilter - event=request_started method=GET uri=/actuator/prometheus
2026-06-09 11:27:11 [INFO][module01-actuator] [http-nio-8080-exec-9] traceId= c.w.a.g.log.RequestLoggingFilter - event=request_completed method=GET uri=/actuator/prometheus status=200 durationMs=191
2026-06-09 11:27:15 [INFO][module01-actuator] [http-nio-8080-exec-7] traceId= c.w.a.g.log.RequestLoggingFilter - event=request_started method=GET uri=/actuator/prometheus
2026-06-09 11:27:16 [INFO][module01-actuator] [http-nio-8080-exec-7] traceId= c.w.a.g.log.RequestLoggingFilter - event=request_completed method=GET uri=/actuator/prometheus status=200 durationMs=208
2026-06-09 11:27:20 [INFO][module01-actuator] [http-nio-8080-exec-1] traceId= c.w.a.g.log.RequestLoggingFilter - event=request_started method=GET uri=/actuator/prometheus
2026-06-09 11:27:21 [INFO][module01-actuator] [http-nio-8080-exec-1] traceId= c.w.a.g.log.RequestLoggingFilter - event=request_completed method=GET uri=/actuator/prometheus status=200 durationMs=186
2026-06-09 11:27:25 [INFO][module01-actuator] [http-nio-8080-exec-2] traceId= c.w.a.g.log.RequestLoggingFilter - event=request_started method=GET uri=/actuator/prometheus
2026-06-09 11:27:26 [INFO][module01-actuator] [http-nio-8080-exec-2] traceId= c.w.a.g.log.RequestLoggingFilter - event=request_completed method=GET uri=/actuator/prometheus status=200 durationMs=328
2026-06-09 11:27:30 [INFO][module01-actuator] [http-nio-8080-exec-3] traceId= c.w.a.g.log.RequestLoggingFilter - event=request_started method=GET uri=/actuator/prometheus
2026-06-09 11:27:31 [INFO][module01-actuator] [http-nio-8080-exec-3] traceId= c.w.a.g.log.RequestLoggingFilter - event=request_completed method=GET uri=/actuator/prometheus status=200 durationMs=350
2026-06-09 11:27:35 [INFO][module01-actuator] [http-nio-8080-exec-4] traceId= c.w.a.g.log.RequestLoggingFilter - event=request_started method=GET uri=/actuator/prometheus
2026-06-09 11:27:36 [INFO][module01-actuator] [http-nio-8080-exec-4] traceId= c.w.a.g.log.RequestLoggingFilter - event=request_completed method=GET uri=/actuator/prometheus status=200 durationMs=178
2026-06-09 11:27:40 [INFO][module01-actuator] [http-nio-8080-exec-6] traceId= c.w.a.g.log.RequestLoggingFilter - event=request_started method=GET uri=/actuator/prometheus
2026-06-09 11:27:41 [INFO][module01-actuator] [http-nio-8080-exec-6] traceId= c.w.a.g.log.RequestLoggingFilter - event=request_completed method=GET uri=/actuator/prometheus status=200 durationMs=159
2026-06-09 11:27:45 [INFO][module01-actuator] [http-nio-8080-exec-5] traceId= c.w.a.g.log.RequestLoggingFilter - event=request_started method=GET uri=/actuator/prometheus
2026-06-09 11:27:46 [INFO][module01-actuator] [http-nio-8080-exec-5] traceId= c.w.a.g.log.RequestLoggingFilter - event=request_completed method=GET uri=/actuator/prometheus status=200 durationMs=188
2026-06-09 11:27:50 [INFO][module01-actuator] [http-nio-8080-exec-10] traceId= c.w.a.g.log.RequestLoggingFilter - event=request_started method=GET uri=/actuator/prometheus
2026-06-09 11:27:51 [INFO][module01-actuator] [http-nio-8080-exec-10] traceId= c.w.a.g.log.RequestLoggingFilter - event=request_completed method=GET uri=/actuator/prometheus status=200 durationMs=179
2026-06-09 11:27:55 [INFO][module01-actuator] [http-nio-8080-exec-8] traceId= c.w.a.g.log.RequestLoggingFilter - event=request_started method=GET uri=/actuator/prometheus
2026-06-09 11:27:56 [INFO][module01-actuator] [http-nio-8080-exec-8] traceId= c.w.a.g.log.RequestLoggingFilter - event=request_completed method=GET uri=/actuator/prometheus status=200 durationMs=414
2026-06-09 11:28:00 [INFO][module01-actuator] [http-nio-8080-exec-9] traceId= c.w.a.g.log.RequestLoggingFilter - event=request_started method=GET uri=/actuator/prometheus
2026-06-09 11:28:01 [INFO][module01-actuator] [http-nio-8080-exec-9] traceId= c.w.a.g.log.RequestLoggingFilter - event=request_completed method=GET uri=/actuator/prometheus status=200 durationMs=312
2026-06-09 11:28:05 [INFO][module01-actuator] [http-nio-8080-exec-7] traceId= c.w.a.g.log.RequestLoggingFilter - event=request_started method=GET uri=/actuator/prometheus
2026-06-09 11:28:06 [INFO][module01-actuator] [http-nio-8080-exec-7] traceId= c.w.a.g.log.RequestLoggingFilter - event=request_completed method=GET uri=/actuator/prometheus status=200 durationMs=215
2026-06-09 11:28:10 [INFO][module01-actuator] [http-nio-8080-exec-1] traceId= c.w.a.g.log.RequestLoggingFilter - event=request_started method=GET uri=/actuator/prometheus
2026-06-09 11:28:11 [INFO][module01-actuator] [http-nio-8080-exec-1] traceId= c.w.a.g.log.RequestLoggingFilter - event=request_completed method=GET uri=/actuator/prometheus status=200 durationMs=199
2026-06-09 11:28:15 [INFO][module01-actuator] [http-nio-8080-exec-2] traceId= c.w.a.g.log.RequestLoggingFilter - event=request_started method=GET uri=/actuator/prometheus
2026-06-09 11:28:16 [INFO][module01-actuator] [http-nio-8080-exec-2] traceId= c.w.a.g.log.RequestLoggingFilter - event=request_completed method=GET uri=/actuator/prometheus status=200 durationMs=190
2026-06-09 11:28:20 [INFO][module01-actuator] [http-nio-8080-exec-3] traceId= c.w.a.g.log.RequestLoggingFilter - event=request_started method=GET uri=/actuator/prometheus
2026-06-09 11:28:21 [INFO][module01-actuator] [http-nio-8080-exec-3] traceId= c.w.a.g.log.RequestLoggingFilter - event=request_completed method=GET uri=/actuator/prometheus status=200 durationMs=223
2026-06-09 11:28:25 [INFO][module01-actuator] [http-nio-8080-exec-4] traceId= c.w.a.g.log.RequestLoggingFilter - event=request_started method=GET uri=/actuator/prometheus
2026-06-09 11:28:26 [INFO][module01-actuator] [http-nio-8080-exec-4] traceId= c.w.a.g.log.RequestLoggingFilter - event=request_completed method=GET uri=/actuator/prometheus status=200 durationMs=374
2026-06-09 11:28:30 [INFO][module01-actuator] [http-nio-8080-exec-6] traceId= c.w.a.g.log.RequestLoggingFilter - event=request_started method=GET uri=/actuator/prometheus
2026-06-09 11:28:31 [INFO][module01-actuator] [http-nio-8080-exec-6] traceId= c.w.a.g.log.RequestLoggingFilter - event=request_completed method=GET uri=/actuator/prometheus status=200 durationMs=324
2026-06-09 11:28:35 [INFO][module01-actuator] [http-nio-8080-exec-5] traceId= c.w.a.g.log.RequestLoggingFilter - event=request_started method=GET uri=/actuator/prometheus
2026-06-09 11:28:36 [INFO][module01-actuator] [http-nio-8080-exec-5] traceId= c.w.a.g.log.RequestLoggingFilter - event=request_completed method=GET uri=/actuator/prometheus status=200 durationMs=246
2026-06-09 11:28:40 [INFO][module01-actuator] [http-nio-8080-exec-10] traceId= c.w.a.g.log.RequestLoggingFilter - event=request_started method=GET uri=/actuator/prometheus
2026-06-09 11:28:41 [INFO][module01-actuator] [http-nio-8080-exec-10] traceId= c.w.a.g.log.RequestLoggingFilter - event=request_completed method=GET uri=/actuator/prometheus status=200 durationMs=212
2026-06-09 11:28:45 [INFO][module01-actuator] [http-nio-8080-exec-8] traceId= c.w.a.g.log.RequestLoggingFilter - event=request_started method=GET uri=/actuator/prometheus
2026-06-09 11:28:46 [INFO][module01-actuator] [http-nio-8080-exec-8] traceId= c.w.a.g.log.RequestLoggingFilter - event=request_completed method=GET uri=/actuator/prometheus status=200 durationMs=208
2026-06-09 11:28:50 [INFO][module01-actuator] [http-nio-8080-exec-9] traceId= c.w.a.g.log.RequestLoggingFilter - event=request_started method=GET uri=/actuator/prometheus
2026-06-09 11:28:51 [INFO][module01-actuator] [http-nio-8080-exec-9] traceId= c.w.a.g.log.RequestLoggingFilter - event=request_completed method=GET uri=/actuator/prometheus status=200 durationMs=201
2026-06-09 11:28:55 [INFO][module01-actuator] [http-nio-8080-exec-7] traceId= c.w.a.g.log.RequestLoggingFilter - event=request_started method=GET uri=/actuator/prometheus
2026-06-09 11:28:56 [INFO][module01-actuator] [http-nio-8080-exec-7] traceId= c.w.a.g.log.RequestLoggingFilter - event=request_completed method=GET uri=/actuator/prometheus status=200 durationMs=282
2026-06-09 11:29:00 [INFO][module01-actuator] [http-nio-8080-exec-1] traceId= c.w.a.g.log.RequestLoggingFilter - event=request_started method=GET uri=/actuator/prometheus
2026-06-09 11:29:01 [INFO][module01-actuator] [http-nio-8080-exec-1] traceId= c.w.a.g.log.RequestLoggingFilter - event=request_completed method=GET uri=/actuator/prometheus status=200 durationMs=203
2026-06-09 11:29:05 [INFO][module01-actuator] [http-nio-8080-exec-2] traceId= c.w.a.g.log.RequestLoggingFilter - event=request_started method=GET uri=/actuator/prometheus
2026-06-09 11:29:06 [INFO][module01-actuator] [http-nio-8080-exec-2] traceId= c.w.a.g.log.RequestLoggingFilter - event=request_completed method=GET uri=/actuator/prometheus status=200 durationMs=200
2026-06-09 11:29:10 [INFO][module01-actuator] [http-nio-8080-exec-3] traceId= c.w.a.g.log.RequestLoggingFilter - event=request_started method=GET uri=/actuator/prometheus
2026-06-09 11:29:11 [INFO][module01-actuator] [http-nio-8080-exec-3] traceId= c.w.a.g.log.RequestLoggingFilter - event=request_completed method=GET uri=/actuator/prometheus status=200 durationMs=326
2026-06-09 11:29:15 [INFO][module01-actuator] [http-nio-8080-exec-4] traceId= c.w.a.g.log.RequestLoggingFilter - event=request_started method=GET uri=/actuator/prometheus
2026-06-09 11:29:16 [INFO][module01-actuator] [http-nio-8080-exec-4] traceId= c.w.a.g.log.RequestLoggingFilter - event=request_completed method=GET uri=/actuator/prometheus status=200 durationMs=175
2026-06-09 11:29:20 [INFO][module01-actuator] [http-nio-8080-exec-6] traceId= c.w.a.g.log.RequestLoggingFilter - event=request_started method=GET uri=/actuator/prometheus
2026-06-09 11:29:21 [INFO][module01-actuator] [http-nio-8080-exec-6] traceId= c.w.a.g.log.RequestLoggingFilter - event=request_completed method=GET uri=/actuator/prometheus status=200 durationMs=243
2026-06-09 11:29:25 [INFO][module01-actuator] [http-nio-8080-exec-5] traceId= c.w.a.g.log.RequestLoggingFilter - event=request_started method=GET uri=/actuator/prometheus
2026-06-09 11:29:26 [INFO][module01-actuator] [http-nio-8080-exec-5] traceId= c.w.a.g.log.RequestLoggingFilter - event=request_completed method=GET uri=/actuator/prometheus status=200 durationMs=214
2026-06-09 11:29:30 [INFO][module01-actuator] [http-nio-8080-exec-10] traceId= c.w.a.g.log.RequestLoggingFilter - event=request_started method=GET uri=/actuator/prometheus
2026-06-09 11:29:31 [INFO][module01-actuator] [http-nio-8080-exec-10] traceId= c.w.a.g.log.RequestLoggingFilter - event=request_completed method=GET uri=/actuator/prometheus status=200 durationMs=315
2026-06-09 11:29:35 [INFO][module01-actuator] [http-nio-8080-exec-8] traceId= c.w.a.g.log.RequestLoggingFilter - event=request_started method=GET uri=/actuator/prometheus
2026-06-09 11:29:36 [INFO][module01-actuator] [http-nio-8080-exec-8] traceId= c.w.a.g.log.RequestLoggingFilter - event=request_completed method=GET uri=/actuator/prometheus status=200 durationMs=355
2026-06-09 11:29:40 [INFO][module01-actuator] [http-nio-8080-exec-9] traceId= c.w.a.g.log.RequestLoggingFilter - event=request_started method=GET uri=/actuator/prometheus
2026-06-09 11:29:41 [INFO][module01-actuator] [http-nio-8080-exec-9] traceId= c.w.a.g.log.RequestLoggingFilter - event=request_completed method=GET uri=/actuator/prometheus status=200 durationMs=195
2026-06-09 11:29:45 [INFO][module01-actuator] [http-nio-8080-exec-7] traceId= c.w.a.g.log.RequestLoggingFilter - event=request_started method=GET uri=/actuator/prometheus
2026-06-09 11:29:46 [INFO][module01-actuator] [http-nio-8080-exec-7] traceId= c.w.a.g.log.RequestLoggingFilter - event=request_completed method=GET uri=/actuator/prometheus status=200 durationMs=183
2026-06-09 11:29:50 [INFO][module01-actuator] [http-nio-8080-exec-1] traceId= c.w.a.g.log.RequestLoggingFilter - event=request_started method=GET uri=/actuator/prometheus
2026-06-09 11:29:51 [INFO][module01-actuator] [http-nio-8080-exec-1] traceId= c.w.a.g.log.RequestLoggingFilter - event=request_completed method=GET uri=/actuator/prometheus status=200 durationMs=157
2026-06-09 11:29:55 [INFO][module01-actuator] [http-nio-8080-exec-2] traceId= c.w.a.g.log.RequestLoggingFilter - event=request_started method=GET uri=/actuator/prometheus
2026-06-09 11:29:56 [INFO][module01-actuator] [http-nio-8080-exec-2] traceId= c.w.a.g.log.RequestLoggingFilter - event=request_completed method=GET uri=/actuator/prometheus status=200 durationMs=216
2026-06-09 11:30:00 [INFO][module01-actuator] [http-nio-8080-exec-3] traceId= c.w.a.g.log.RequestLoggingFilter - event=request_started method=GET uri=/actuator/prometheus
2026-06-09 11:30:01 [INFO][module01-actuator] [http-nio-8080-exec-3] traceId= c.w.a.g.log.RequestLoggingFilter - event=request_completed method=GET uri=/actuator/prometheus status=200 durationMs=236
2026-06-09 11:30:05 [INFO][module01-actuator] [http-nio-8080-exec-4] traceId= c.w.a.g.log.RequestLoggingFilter - event=request_started method=GET uri=/actuator/prometheus
2026-06-09 11:30:06 [INFO][module01-actuator] [http-nio-8080-exec-4] traceId= c.w.a.g.log.RequestLoggingFilter - event=request_completed method=GET uri=/actuator/prometheus status=200 durationMs=375
2026-06-09 11:30:10 [INFO][module01-actuator] [http-nio-8080-exec-6] traceId= c.w.a.g.log.RequestLoggingFilter - event=request_started method=GET uri=/actuator/prometheus
2026-06-09 11:30:11 [INFO][module01-actuator] [http-nio-8080-exec-6] traceId= c.w.a.g.log.RequestLoggingFilter - event=request_completed method=GET uri=/actuator/prometheus status=200 durationMs=165
2026-06-09 11:30:15 [INFO][module01-actuator] [http-nio-8080-exec-5] traceId= c.w.a.g.log.RequestLoggingFilter - event=request_started method=GET uri=/actuator/prometheus
2026-06-09 11:30:16 [INFO][module01-actuator] [http-nio-8080-exec-5] traceId= c.w.a.g.log.RequestLoggingFilter - event=request_completed method=GET uri=/actuator/prometheus status=200 durationMs=206
2026-06-09 11:30:20 [INFO][module01-actuator] [http-nio-8080-exec-10] traceId= c.w.a.g.log.RequestLoggingFilter - event=request_started method=GET uri=/actuator/prometheus
2026-06-09 11:30:21 [INFO][module01-actuator] [http-nio-8080-exec-10] traceId= c.w.a.g.log.RequestLoggingFilter - event=request_completed method=GET uri=/actuator/prometheus status=200 durationMs=185
2026-06-09 11:30:25 [INFO][module01-actuator] [http-nio-8080-exec-8] traceId= c.w.a.g.log.RequestLoggingFilter - event=request_started method=GET uri=/actuator/prometheus
2026-06-09 11:30:26 [INFO][module01-actuator] [http-nio-8080-exec-8] traceId= c.w.a.g.log.RequestLoggingFilter - event=request_completed method=GET uri=/actuator/prometheus status=200 durationMs=175
2026-06-09 11:30:30 [INFO][module01-actuator] [http-nio-8080-exec-9] traceId= c.w.a.g.log.RequestLoggingFilter - event=request_started method=GET uri=/actuator/prometheus
2026-06-09 11:30:31 [INFO][module01-actuator] [http-nio-8080-exec-9] traceId= c.w.a.g.log.RequestLoggingFilter - event=request_completed method=GET uri=/actuator/prometheus status=200 durationMs=366
2026-06-09 11:30:35 [INFO][module01-actuator] [http-nio-8080-exec-7] traceId= c.w.a.g.log.RequestLoggingFilter - event=request_started method=GET uri=/actuator/prometheus
2026-06-09 11:30:36 [INFO][module01-actuator] [http-nio-8080-exec-7] traceId= c.w.a.g.log.RequestLoggingFilter - event=request_completed method=GET uri=/actuator/prometheus status=200 durationMs=270
2026-06-09 11:30:40 [INFO][module01-actuator] [http-nio-8080-exec-1] traceId= c.w.a.g.log.RequestLoggingFilter - event=request_started method=GET uri=/actuator/prometheus
2026-06-09 11:30:41 [INFO][module01-actuator] [http-nio-8080-exec-1] traceId= c.w.a.g.log.RequestLoggingFilter - event=request_completed method=GET uri=/actuator/prometheus status=200 durationMs=170
2026-06-09 11:30:45 [INFO][module01-actuator] [http-nio-8080-exec-2] traceId= c.w.a.g.log.RequestLoggingFilter - event=request_started method=GET uri=/actuator/prometheus
2026-06-09 11:30:46 [INFO][module01-actuator] [http-nio-8080-exec-2] traceId= c.w.a.g.log.RequestLoggingFilter - event=request_completed method=GET uri=/actuator/prometheus status=200 durationMs=170
2026-06-09 11:30:50 [INFO][module01-actuator] [http-nio-8080-exec-3] traceId= c.w.a.g.log.RequestLoggingFilter - event=request_started method=GET uri=/actuator/prometheus
2026-06-09 11:30:51 [INFO][module01-actuator] [http-nio-8080-exec-3] traceId= c.w.a.g.log.RequestLoggingFilter - event=request_completed method=GET uri=/actuator/prometheus status=200 durationMs=208
2026-06-09 11:30:55 [INFO][module01-actuator] [http-nio-8080-exec-4] traceId= c.w.a.g.log.RequestLoggingFilter - event=request_started method=GET uri=/actuator/prometheus
2026-06-09 11:30:56 [INFO][module01-actuator] [http-nio-8080-exec-4] traceId= c.w.a.g.log.RequestLoggingFilter - event=request_completed method=GET uri=/actuator/prometheus status=200 durationMs=314
2026-06-09 11:31:00 [INFO][module01-actuator] [http-nio-8080-exec-6] traceId= c.w.a.g.log.RequestLoggingFilter - event=request_started method=GET uri=/actuator/prometheus
2026-06-09 11:31:01 [INFO][module01-actuator] [http-nio-8080-exec-6] traceId= c.w.a.g.log.RequestLoggingFilter - event=request_completed method=GET uri=/actuator/prometheus status=200 durationMs=303
2026-06-09 11:31:05 [INFO][module01-actuator] [http-nio-8080-exec-5] traceId= c.w.a.g.log.RequestLoggingFilter - event=request_started method=GET uri=/actuator/prometheus
2026-06-09 11:31:06 [INFO][module01-actuator] [http-nio-8080-exec-5] traceId= c.w.a.g.log.RequestLoggingFilter - event=request_completed method=GET uri=/actuator/prometheus status=200 durationMs=216
2026-06-09 11:31:10 [INFO][module01-actuator] [http-nio-8080-exec-10] traceId= c.w.a.g.log.RequestLoggingFilter - event=request_started method=GET uri=/actuator/prometheus
2026-06-09 11:31:11 [INFO][module01-actuator] [http-nio-8080-exec-10] traceId= c.w.a.g.log.RequestLoggingFilter - event=request_completed method=GET uri=/actuator/prometheus status=200 durationMs=156
2026-06-09 11:31:15 [INFO][module01-actuator] [http-nio-8080-exec-8] traceId= c.w.a.g.log.RequestLoggingFilter - event=request_started method=GET uri=/actuator/prometheus
2026-06-09 11:31:16 [INFO][module01-actuator] [http-nio-8080-exec-8] traceId= c.w.a.g.log.RequestLoggingFilter - event=request_completed method=GET uri=/actuator/prometheus status=200 durationMs=223
2026-06-09 11:31:20 [INFO][module01-actuator] [http-nio-8080-exec-9] traceId= c.w.a.g.log.RequestLoggingFilter - event=request_started method=GET uri=/actuator/prometheus
2026-06-09 11:31:21 [INFO][module01-actuator] [http-nio-8080-exec-9] traceId= c.w.a.g.log.RequestLoggingFilter - event=request_completed method=GET uri=/actuator/prometheus status=200 durationMs=222
2026-06-09 11:31:25 [INFO][module01-actuator] [http-nio-8080-exec-7] traceId= c.w.a.g.log.RequestLoggingFilter - event=request_started method=GET uri=/actuator/prometheus
2026-06-09 11:31:26 [INFO][module01-actuator] [http-nio-8080-exec-7] traceId= c.w.a.g.log.RequestLoggingFilter - event=request_completed method=GET uri=/actuator/prometheus status=200 durationMs=350
2026-06-09 11:31:30 [INFO][module01-actuator] [http-nio-8080-exec-1] traceId= c.w.a.g.log.RequestLoggingFilter - event=request_started method=GET uri=/actuator/prometheus
2026-06-09 11:31:31 [INFO][module01-actuator] [http-nio-8080-exec-1] traceId= c.w.a.g.log.RequestLoggingFilter - event=request_completed method=GET uri=/actuator/prometheus status=200 durationMs=313
2026-06-09 11:31:35 [INFO][module01-actuator] [http-nio-8080-exec-2] traceId= c.w.a.g.log.RequestLoggingFilter - event=request_started method=GET uri=/actuator/prometheus
2026-06-09 11:31:36 [INFO][module01-actuator] [http-nio-8080-exec-2] traceId= c.w.a.g.log.RequestLoggingFilter - event=request_completed method=GET uri=/actuator/prometheus status=200 durationMs=226
2026-06-09 11:31:40 [INFO][module01-actuator] [http-nio-8080-exec-3] traceId= c.w.a.g.log.RequestLoggingFilter - event=request_started method=GET uri=/actuator/prometheus
2026-06-09 11:31:41 [INFO][module01-actuator] [http-nio-8080-exec-3] traceId= c.w.a.g.log.RequestLoggingFilter - event=request_completed method=GET uri=/actuator/prometheus status=200 durationMs=180
2026-06-09 11:31:45 [INFO][module01-actuator] [http-nio-8080-exec-4] traceId= c.w.a.g.log.RequestLoggingFilter - event=request_started method=GET uri=/actuator/prometheus
2026-06-09 11:31:46 [INFO][module01-actuator] [http-nio-8080-exec-4] traceId= c.w.a.g.log.RequestLoggingFilter - event=request_completed method=GET uri=/actuator/prometheus status=200 durationMs=267
2026-06-09 11:31:50 [INFO][module01-actuator] [http-nio-8080-exec-6] traceId= c.w.a.g.log.RequestLoggingFilter - event=request_started method=GET uri=/actuator/prometheus
2026-06-09 11:31:51 [INFO][module01-actuator] [http-nio-8080-exec-6] traceId= c.w.a.g.log.RequestLoggingFilter - event=request_completed method=GET uri=/actuator/prometheus status=200 durationMs=388
2026-06-09 11:31:55 [INFO][module01-actuator] [http-nio-8080-exec-5] traceId= c.w.a.g.log.RequestLoggingFilter - event=request_started method=GET uri=/actuator/prometheus
2026-06-09 11:31:56 [INFO][module01-actuator] [http-nio-8080-exec-5] traceId= c.w.a.g.log.RequestLoggingFilter - event=request_completed method=GET uri=/actuator/prometheus status=200 durationMs=227
2026-06-09 11:32:00 [INFO][module01-actuator] [http-nio-8080-exec-10] traceId= c.w.a.g.log.RequestLoggingFilter - event=request_started method=GET uri=/actuator/prometheus
2026-06-09 11:32:01 [INFO][module01-actuator] [http-nio-8080-exec-10] traceId= c.w.a.g.log.RequestLoggingFilter - event=request_completed method=GET uri=/actuator/prometheus status=200 durationMs=158
2026-06-09 11:32:05 [INFO][module01-actuator] [http-nio-8080-exec-8] traceId= c.w.a.g.log.RequestLoggingFilter - event=request_started method=GET uri=/actuator/prometheus
2026-06-09 11:32:06 [INFO][module01-actuator] [http-nio-8080-exec-8] traceId= c.w.a.g.log.RequestLoggingFilter - event=request_completed method=GET uri=/actuator/prometheus status=200 durationMs=183
2026-06-09 11:32:10 [INFO][module01-actuator] [http-nio-8080-exec-9] traceId= c.w.a.g.log.RequestLoggingFilter - event=request_started method=GET uri=/actuator/prometheus
2026-06-09 11:32:11 [INFO][module01-actuator] [http-nio-8080-exec-9] traceId= c.w.a.g.log.RequestLoggingFilter - event=request_completed method=GET uri=/actuator/prometheus status=200 durationMs=160
2026-06-09 11:32:15 [INFO][module01-actuator] [http-nio-8080-exec-7] traceId= c.w.a.g.log.RequestLoggingFilter - event=request_started method=GET uri=/actuator/prometheus
2026-06-09 11:32:16 [INFO][module01-actuator] [http-nio-8080-exec-7] traceId= c.w.a.g.log.RequestLoggingFilter - event=request_completed method=GET uri=/actuator/prometheus status=200 durationMs=297
2026-06-09 11:32:20 [INFO][module01-actuator] [http-nio-8080-exec-1] traceId= c.w.a.g.log.RequestLoggingFilter - event=request_started method=GET uri=/actuator/prometheus
2026-06-09 11:32:21 [INFO][module01-actuator] [http-nio-8080-exec-1] traceId= c.w.a.g.log.RequestLoggingFilter - event=request_completed method=GET uri=/actuator/prometheus status=200 durationMs=210
2026-06-09 11:32:25 [INFO][module01-actuator] [http-nio-8080-exec-2] traceId= c.w.a.g.log.RequestLoggingFilter - event=request_started method=GET uri=/actuator/prometheus
2026-06-09 11:32:26 [INFO][module01-actuator] [http-nio-8080-exec-2] traceId= c.w.a.g.log.RequestLoggingFilter - event=request_completed method=GET uri=/actuator/prometheus status=200 durationMs=250
2026-06-09 11:32:30 [INFO][module01-actuator] [http-nio-8080-exec-3] traceId= c.w.a.g.log.RequestLoggingFilter - event=request_started method=GET uri=/actuator/prometheus
2026-06-09 11:32:31 [INFO][module01-actuator] [http-nio-8080-exec-3] traceId= c.w.a.g.log.RequestLoggingFilter - event=request_completed method=GET uri=/actuator/prometheus status=200 durationMs=214
2026-06-09 11:32:35 [INFO][module01-actuator] [http-nio-8080-exec-4] traceId= c.w.a.g.log.RequestLoggingFilter - event=request_started method=GET uri=/actuator/prometheus
2026-06-09 11:32:36 [INFO][module01-actuator] [http-nio-8080-exec-4] traceId= c.w.a.g.log.RequestLoggingFilter - event=request_completed method=GET uri=/actuator/prometheus status=200 durationMs=175
2026-06-09 11:32:40 [INFO][module01-actuator] [http-nio-8080-exec-6] traceId= c.w.a.g.log.RequestLoggingFilter - event=request_started method=GET uri=/actuator/prometheus
2026-06-09 11:32:41 [INFO][module01-actuator] [http-nio-8080-exec-6] traceId= c.w.a.g.log.RequestLoggingFilter - event=request_completed method=GET uri=/actuator/prometheus status=200 durationMs=187
2026-06-09 11:32:45 [INFO][module01-actuator] [http-nio-8080-exec-5] traceId= c.w.a.g.log.RequestLoggingFilter - event=request_started method=GET uri=/actuator/prometheus
2026-06-09 11:32:46 [INFO][module01-actuator] [http-nio-8080-exec-5] traceId= c.w.a.g.log.RequestLoggingFilter - event=request_completed method=GET uri=/actuator/prometheus status=200 durationMs=163
2026-06-09 11:32:50 [INFO][module01-actuator] [http-nio-8080-exec-10] traceId= c.w.a.g.log.RequestLoggingFilter - event=request_started method=GET uri=/actuator/prometheus
2026-06-09 11:32:51 [INFO][module01-actuator] [http-nio-8080-exec-10] traceId= c.w.a.g.log.RequestLoggingFilter - event=request_completed method=GET uri=/actuator/prometheus status=200 durationMs=181
2026-06-09 11:32:55 [INFO][module01-actuator] [http-nio-8080-exec-8] traceId= c.w.a.g.log.RequestLoggingFilter - event=request_started method=GET uri=/actuator/prometheus
2026-06-09 11:32:56 [INFO][module01-actuator] [http-nio-8080-exec-8] traceId= c.w.a.g.log.RequestLoggingFilter - event=request_completed method=GET uri=/actuator/prometheus status=200 durationMs=219
2026-06-09 11:33:00 [INFO][module01-actuator] [http-nio-8080-exec-9] traceId= c.w.a.g.log.RequestLoggingFilter - event=request_started method=GET uri=/actuator/prometheus
2026-06-09 11:33:01 [INFO][module01-actuator] [http-nio-8080-exec-9] traceId= c.w.a.g.log.RequestLoggingFilter - event=request_completed method=GET uri=/actuator/prometheus status=200 durationMs=196
2026-06-09 11:33:05 [INFO][module01-actuator] [http-nio-8080-exec-7] traceId= c.w.a.g.log.RequestLoggingFilter - event=request_started method=GET uri=/actuator/prometheus
2026-06-09 11:33:06 [INFO][module01-actuator] [http-nio-8080-exec-7] traceId= c.w.a.g.log.RequestLoggingFilter - event=request_completed method=GET uri=/actuator/prometheus status=200 durationMs=296
2026-06-09 11:33:10 [INFO][module01-actuator] [http-nio-8080-exec-1] traceId= c.w.a.g.log.RequestLoggingFilter - event=request_started method=GET uri=/actuator/prometheus
2026-06-09 11:33:11 [INFO][module01-actuator] [http-nio-8080-exec-1] traceId= c.w.a.g.log.RequestLoggingFilter - event=request_completed method=GET uri=/actuator/prometheus status=200 durationMs=176
2026-06-09 11:33:15 [INFO][module01-actuator] [http-nio-8080-exec-2] traceId= c.w.a.g.log.RequestLoggingFilter - event=request_started method=GET uri=/actuator/prometheus
2026-06-09 11:33:16 [INFO][module01-actuator] [http-nio-8080-exec-2] traceId= c.w.a.g.log.RequestLoggingFilter - event=request_completed method=GET uri=/actuator/prometheus status=200 durationMs=213
2026-06-09 11:33:20 [INFO][module01-actuator] [http-nio-8080-exec-3] traceId= c.w.a.g.log.RequestLoggingFilter - event=request_started method=GET uri=/actuator/prometheus
2026-06-09 11:33:21 [INFO][module01-actuator] [http-nio-8080-exec-3] traceId= c.w.a.g.log.RequestLoggingFilter - event=request_completed method=GET uri=/actuator/prometheus status=200 durationMs=206
2026-06-09 11:33:25 [INFO][module01-actuator] [http-nio-8080-exec-4] traceId= c.w.a.g.log.RequestLoggingFilter - event=request_started method=GET uri=/actuator/prometheus
2026-06-09 11:33:26 [INFO][module01-actuator] [http-nio-8080-exec-4] traceId= c.w.a.g.log.RequestLoggingFilter - event=request_completed method=GET uri=/actuator/prometheus status=200 durationMs=326
2026-06-09 11:33:30 [INFO][module01-actuator] [http-nio-8080-exec-6] traceId= c.w.a.g.log.RequestLoggingFilter - event=request_started method=GET uri=/actuator/prometheus
2026-06-09 11:33:31 [INFO][module01-actuator] [http-nio-8080-exec-6] traceId= c.w.a.g.log.RequestLoggingFilter - event=request_completed method=GET uri=/actuator/prometheus status=200 durationMs=194
2026-06-09 11:33:35 [INFO][module01-actuator] [http-nio-8080-exec-5] traceId= c.w.a.g.log.RequestLoggingFilter - event=request_started method=GET uri=/actuator/prometheus
2026-06-09 11:33:36 [INFO][module01-actuator] [http-nio-8080-exec-5] traceId= c.w.a.g.log.RequestLoggingFilter - event=request_completed method=GET uri=/actuator/prometheus status=200 durationMs=187
2026-06-09 11:33:40 [INFO][module01-actuator] [http-nio-8080-exec-10] traceId= c.w.a.g.log.RequestLoggingFilter - event=request_started method=GET uri=/actuator/prometheus
2026-06-09 11:33:41 [INFO][module01-actuator] [http-nio-8080-exec-10] traceId= c.w.a.g.log.RequestLoggingFilter - event=request_completed method=GET uri=/actuator/prometheus status=200 durationMs=217
2026-06-09 11:33:45 [INFO][module01-actuator] [http-nio-8080-exec-8] traceId= c.w.a.g.log.RequestLoggingFilter - event=request_started method=GET uri=/actuator/prometheus
2026-06-09 11:33:46 [INFO][module01-actuator] [http-nio-8080-exec-8] traceId= c.w.a.g.log.RequestLoggingFilter - event=request_completed method=GET uri=/actuator/prometheus status=200 durationMs=338
2026-06-09 11:33:50 [INFO][module01-actuator] [http-nio-8080-exec-9] traceId= c.w.a.g.log.RequestLoggingFilter - event=request_started method=GET uri=/actuator/prometheus
2026-06-09 11:33:51 [INFO][module01-actuator] [http-nio-8080-exec-9] traceId= c.w.a.g.log.RequestLoggingFilter - event=request_completed method=GET uri=/actuator/prometheus status=200 durationMs=340
2026-06-09 11:33:55 [INFO][module01-actuator] [http-nio-8080-exec-7] traceId= c.w.a.g.log.RequestLoggingFilter - event=request_started method=GET uri=/actuator/prometheus
2026-06-09 11:33:56 [INFO][module01-actuator] [http-nio-8080-exec-7] traceId= c.w.a.g.log.RequestLoggingFilter - event=request_completed method=GET uri=/actuator/prometheus status=200 durationMs=172
2026-06-09 11:34:00 [INFO][module01-actuator] [http-nio-8080-exec-1] traceId= c.w.a.g.log.RequestLoggingFilter - event=request_started method=GET uri=/actuator/prometheus
2026-06-09 11:34:01 [INFO][module01-actuator] [http-nio-8080-exec-1] traceId= c.w.a.g.log.RequestLoggingFilter - event=request_completed method=GET uri=/actuator/prometheus status=200 durationMs=176
2026-06-09 11:34:05 [INFO][module01-actuator] [http-nio-8080-exec-2] traceId= c.w.a.g.log.RequestLoggingFilter - event=request_started method=GET uri=/actuator/prometheus
2026-06-09 11:34:06 [INFO][module01-actuator] [http-nio-8080-exec-2] traceId= c.w.a.g.log.RequestLoggingFilter - event=request_completed method=GET uri=/actuator/prometheus status=200 durationMs=174
2026-06-09 11:34:10 [INFO][module01-actuator] [http-nio-8080-exec-3] traceId= c.w.a.g.log.RequestLoggingFilter - event=request_started method=GET uri=/actuator/prometheus
2026-06-09 11:34:11 [INFO][module01-actuator] [http-nio-8080-exec-3] traceId= c.w.a.g.log.RequestLoggingFilter - event=request_completed method=GET uri=/actuator/prometheus status=200 durationMs=372
2026-06-09 11:34:15 [INFO][module01-actuator] [http-nio-8080-exec-4] traceId= c.w.a.g.log.RequestLoggingFilter - event=request_started method=GET uri=/actuator/prometheus
2026-06-09 11:34:16 [INFO][module01-actuator] [http-nio-8080-exec-4] traceId= c.w.a.g.log.RequestLoggingFilter - event=request_completed method=GET uri=/actuator/prometheus status=200 durationMs=190
2026-06-09 11:34:20 [INFO][module01-actuator] [http-nio-8080-exec-6] traceId= c.w.a.g.log.RequestLoggingFilter - event=request_started method=GET uri=/actuator/prometheus
2026-06-09 11:34:21 [INFO][module01-actuator] [http-nio-8080-exec-6] traceId= c.w.a.g.log.RequestLoggingFilter - event=request_completed method=GET uri=/actuator/prometheus status=200 durationMs=365
2026-06-09 11:34:25 [INFO][module01-actuator] [http-nio-8080-exec-5] traceId= c.w.a.g.log.RequestLoggingFilter - event=request_started method=GET uri=/actuator/prometheus
2026-06-09 11:34:26 [INFO][module01-actuator] [http-nio-8080-exec-5] traceId= c.w.a.g.log.RequestLoggingFilter - event=request_completed method=GET uri=/actuator/prometheus status=200 durationMs=191
2026-06-09 11:34:30 [INFO][module01-actuator] [http-nio-8080-exec-10] traceId= c.w.a.g.log.RequestLoggingFilter - event=request_started method=GET uri=/actuator/prometheus
2026-06-09 11:34:31 [INFO][module01-actuator] [http-nio-8080-exec-10] traceId= c.w.a.g.log.RequestLoggingFilter - event=request_completed method=GET uri=/actuator/prometheus status=200 durationMs=158
2026-06-09 11:34:35 [INFO][module01-actuator] [http-nio-8080-exec-8] traceId= c.w.a.g.log.RequestLoggingFilter - event=request_started method=GET uri=/actuator/prometheus
2026-06-09 11:34:36 [INFO][module01-actuator] [http-nio-8080-exec-8] traceId= c.w.a.g.log.RequestLoggingFilter - event=request_completed method=GET uri=/actuator/prometheus status=200 durationMs=206
2026-06-09 11:34:40 [INFO][module01-actuator] [http-nio-8080-exec-9] traceId= c.w.a.g.log.RequestLoggingFilter - event=request_started method=GET uri=/actuator/prometheus
2026-06-09 11:34:41 [INFO][module01-actuator] [http-nio-8080-exec-9] traceId= c.w.a.g.log.RequestLoggingFilter - event=request_completed method=GET uri=/actuator/prometheus status=200 durationMs=273
2026-06-09 11:34:45 [INFO][module01-actuator] [http-nio-8080-exec-7] traceId= c.w.a.g.log.RequestLoggingFilter - event=request_started method=GET uri=/actuator/prometheus
2026-06-09 11:34:46 [INFO][module01-actuator] [http-nio-8080-exec-7] traceId= c.w.a.g.log.RequestLoggingFilter - event=request_completed method=GET uri=/actuator/prometheus status=200 durationMs=279
2026-06-09 11:34:50 [INFO][module01-actuator] [http-nio-8080-exec-1] traceId= c.w.a.g.log.RequestLoggingFilter - event=request_started method=GET uri=/actuator/prometheus
2026-06-09 11:34:51 [INFO][module01-actuator] [http-nio-8080-exec-1] traceId= c.w.a.g.log.RequestLoggingFilter - event=request_completed method=GET uri=/actuator/prometheus status=200 durationMs=185
2026-06-09 11:34:55 [INFO][module01-actuator] [http-nio-8080-exec-2] traceId= c.w.a.g.log.RequestLoggingFilter - event=request_started method=GET uri=/actuator/prometheus
2026-06-09 11:34:56 [INFO][module01-actuator] [http-nio-8080-exec-2] traceId= c.w.a.g.log.RequestLoggingFilter - event=request_completed method=GET uri=/actuator/prometheus status=200 durationMs=165
2026-06-09 11:35:00 [INFO][module01-actuator] [http-nio-8080-exec-3] traceId= c.w.a.g.log.RequestLoggingFilter - event=request_started method=GET uri=/actuator/prometheus
2026-06-09 11:35:01 [INFO][module01-actuator] [http-nio-8080-exec-3] traceId= c.w.a.g.log.RequestLoggingFilter - event=request_completed method=GET uri=/actuator/prometheus status=200 durationMs=333
2026-06-09 11:35:05 [INFO][module01-actuator] [http-nio-8080-exec-4] traceId= c.w.a.g.log.RequestLoggingFilter - event=request_started method=GET uri=/actuator/prometheus
2026-06-09 11:35:06 [INFO][module01-actuator] [http-nio-8080-exec-4] traceId= c.w.a.g.log.RequestLoggingFilter - event=request_completed method=GET uri=/actuator/prometheus status=200 durationMs=191
2026-06-09 11:35:10 [INFO][module01-actuator] [http-nio-8080-exec-6] traceId= c.w.a.g.log.RequestLoggingFilter - event=request_started method=GET uri=/actuator/prometheus
2026-06-09 11:35:11 [INFO][module01-actuator] [http-nio-8080-exec-6] traceId= c.w.a.g.log.RequestLoggingFilter - event=request_completed method=GET uri=/actuator/prometheus status=200 durationMs=174
2026-06-09 11:35:15 [INFO][module01-actuator] [http-nio-8080-exec-5] traceId= c.w.a.g.log.RequestLoggingFilter - event=request_started method=GET uri=/actuator/prometheus
2026-06-09 11:35:16 [INFO][module01-actuator] [http-nio-8080-exec-5] traceId= c.w.a.g.log.RequestLoggingFilter - event=request_completed method=GET uri=/actuator/prometheus status=200 durationMs=208
2026-06-09 11:35:20 [INFO][module01-actuator] [http-nio-8080-exec-10] traceId= c.w.a.g.log.RequestLoggingFilter - event=request_started method=GET uri=/actuator/prometheus
2026-06-09 11:35:21 [INFO][module01-actuator] [http-nio-8080-exec-10] traceId= c.w.a.g.log.RequestLoggingFilter - event=request_completed method=GET uri=/actuator/prometheus status=200 durationMs=228
2026-06-09 11:35:25 [INFO][module01-actuator] [http-nio-8080-exec-8] traceId= c.w.a.g.log.RequestLoggingFilter - event=request_started method=GET uri=/actuator/prometheus
2026-06-09 11:35:26 [INFO][module01-actuator] [http-nio-8080-exec-8] traceId= c.w.a.g.log.RequestLoggingFilter - event=request_completed method=GET uri=/actuator/prometheus status=200 durationMs=279
2026-06-09 11:35:30 [INFO][module01-actuator] [http-nio-8080-exec-9] traceId= c.w.a.g.log.RequestLoggingFilter - event=request_started method=GET uri=/actuator/prometheus
2026-06-09 11:35:31 [INFO][module01-actuator] [http-nio-8080-exec-9] traceId= c.w.a.g.log.RequestLoggingFilter - event=request_completed method=GET uri=/actuator/prometheus status=200 durationMs=178
2026-06-09 11:35:35 [INFO][module01-actuator] [http-nio-8080-exec-7] traceId= c.w.a.g.log.RequestLoggingFilter - event=request_started method=GET uri=/actuator/prometheus
2026-06-09 11:35:36 [INFO][module01-actuator] [http-nio-8080-exec-7] traceId= c.w.a.g.log.RequestLoggingFilter - event=request_completed method=GET uri=/actuator/prometheus status=200 durationMs=189
2026-06-09 11:35:40 [INFO][module01-actuator] [http-nio-8080-exec-1] traceId= c.w.a.g.log.RequestLoggingFilter - event=request_started method=GET uri=/actuator/prometheus
2026-06-09 11:35:41 [INFO][module01-actuator] [http-nio-8080-exec-1] traceId= c.w.a.g.log.RequestLoggingFilter - event=request_completed method=GET uri=/actuator/prometheus status=200 durationMs=217
2026-06-09 11:35:45 [INFO][module01-actuator] [http-nio-8080-exec-2] traceId= c.w.a.g.log.RequestLoggingFilter - event=request_started method=GET uri=/actuator/prometheus
2026-06-09 11:35:46 [INFO][module01-actuator] [http-nio-8080-exec-2] traceId= c.w.a.g.log.RequestLoggingFilter - event=request_completed method=GET uri=/actuator/prometheus status=200 durationMs=175
2026-06-09 11:35:50 [INFO][module01-actuator] [http-nio-8080-exec-3] traceId= c.w.a.g.log.RequestLoggingFilter - event=request_started method=GET uri=/actuator/prometheus
2026-06-09 11:35:51 [INFO][module01-actuator] [http-nio-8080-exec-3] traceId= c.w.a.g.log.RequestLoggingFilter - event=request_completed method=GET uri=/actuator/prometheus status=200 durationMs=187
2026-06-09 11:35:55 [INFO][module01-actuator] [http-nio-8080-exec-4] traceId= c.w.a.g.log.RequestLoggingFilter - event=request_started method=GET uri=/actuator/prometheus
2026-06-09 11:35:56 [INFO][module01-actuator] [http-nio-8080-exec-4] traceId= c.w.a.g.log.RequestLoggingFilter - event=request_completed method=GET uri=/actuator/prometheus status=200 durationMs=281
2026-06-09 11:36:00 [INFO][module01-actuator] [http-nio-8080-exec-6] traceId= c.w.a.g.log.RequestLoggingFilter - event=request_started method=GET uri=/actuator/prometheus
2026-06-09 11:36:01 [INFO][module01-actuator] [http-nio-8080-exec-6] traceId= c.w.a.g.log.RequestLoggingFilter - event=request_completed method=GET uri=/actuator/prometheus status=200 durationMs=161
2026-06-09 11:36:05 [INFO][module01-actuator] [http-nio-8080-exec-5] traceId= c.w.a.g.log.RequestLoggingFilter - event=request_started method=GET uri=/actuator/prometheus
2026-06-09 11:36:06 [INFO][module01-actuator] [http-nio-8080-exec-5] traceId= c.w.a.g.log.RequestLoggingFilter - event=request_completed method=GET uri=/actuator/prometheus status=200 durationMs=190
2026-06-09 11:36:10 [INFO][module01-actuator] [http-nio-8080-exec-10] traceId= c.w.a.g.log.RequestLoggingFilter - event=request_started method=GET uri=/actuator/prometheus
2026-06-09 11:36:11 [INFO][module01-actuator] [http-nio-8080-exec-10] traceId= c.w.a.g.log.RequestLoggingFilter - event=request_completed method=GET uri=/actuator/prometheus status=200 durationMs=199
2026-06-09 11:36:15 [INFO][module01-actuator] [http-nio-8080-exec-8] traceId= c.w.a.g.log.RequestLoggingFilter - event=request_started method=GET uri=/actuator/prometheus
2026-06-09 11:36:16 [INFO][module01-actuator] [http-nio-8080-exec-8] traceId= c.w.a.g.log.RequestLoggingFilter - event=request_completed method=GET uri=/actuator/prometheus status=200 durationMs=314
2026-06-09 11:36:20 [INFO][module01-actuator] [http-nio-8080-exec-9] traceId= c.w.a.g.log.RequestLoggingFilter - event=request_started method=GET uri=/actuator/prometheus
2026-06-09 11:36:21 [INFO][module01-actuator] [http-nio-8080-exec-9] traceId= c.w.a.g.log.RequestLoggingFilter - event=request_completed method=GET uri=/actuator/prometheus status=200 durationMs=173
2026-06-09 11:36:25 [INFO][module01-actuator] [http-nio-8080-exec-7] traceId= c.w.a.g.log.RequestLoggingFilter - event=request_started method=GET uri=/actuator/prometheus
2026-06-09 11:36:26 [INFO][module01-actuator] [http-nio-8080-exec-7] traceId= c.w.a.g.log.RequestLoggingFilter - event=request_completed method=GET uri=/actuator/prometheus status=200 durationMs=310
2026-06-09 11:36:30 [INFO][module01-actuator] [http-nio-8080-exec-1] traceId= c.w.a.g.log.RequestLoggingFilter - event=request_started method=GET uri=/actuator/prometheus
2026-06-09 11:36:31 [INFO][module01-actuator] [http-nio-8080-exec-1] traceId= c.w.a.g.log.RequestLoggingFilter - event=request_completed method=GET uri=/actuator/prometheus status=200 durationMs=167
2026-06-09 11:36:35 [INFO][module01-actuator] [http-nio-8080-exec-2] traceId= c.w.a.g.log.RequestLoggingFilter - event=request_started method=GET uri=/actuator/prometheus
2026-06-09 11:36:36 [INFO][module01-actuator] [http-nio-8080-exec-2] traceId= c.w.a.g.log.RequestLoggingFilter - event=request_completed method=GET uri=/actuator/prometheus status=200 durationMs=160
2026-06-09 11:36:40 [INFO][module01-actuator] [http-nio-8080-exec-3] traceId= c.w.a.g.log.RequestLoggingFilter - event=request_started method=GET uri=/actuator/prometheus
2026-06-09 11:36:41 [INFO][module01-actuator] [http-nio-8080-exec-3] traceId= c.w.a.g.log.RequestLoggingFilter - event=request_completed method=GET uri=/actuator/prometheus status=200 durationMs=284
2026-06-09 11:36:45 [INFO][module01-actuator] [http-nio-8080-exec-4] traceId= c.w.a.g.log.RequestLoggingFilter - event=request_started method=GET uri=/actuator/prometheus
2026-06-09 11:36:46 [INFO][module01-actuator] [http-nio-8080-exec-4] traceId= c.w.a.g.log.RequestLoggingFilter - event=request_completed method=GET uri=/actuator/prometheus status=200 durationMs=197
2026-06-09 11:36:50 [INFO][module01-actuator] [http-nio-8080-exec-6] traceId= c.w.a.g.log.RequestLoggingFilter - event=request_started method=GET uri=/actuator/prometheus
2026-06-09 11:36:51 [INFO][module01-actuator] [http-nio-8080-exec-6] traceId= c.w.a.g.log.RequestLoggingFilter - event=request_completed method=GET uri=/actuator/prometheus status=200 durationMs=214
2026-06-09 11:36:55 [INFO][module01-actuator] [http-nio-8080-exec-5] traceId= c.w.a.g.log.RequestLoggingFilter - event=request_started method=GET uri=/actuator/prometheus
2026-06-09 11:36:56 [INFO][module01-actuator] [http-nio-8080-exec-5] traceId= c.w.a.g.log.RequestLoggingFilter - event=request_completed method=GET uri=/actuator/prometheus status=200 durationMs=180
2026-06-09 11:37:00 [INFO][module01-actuator] [http-nio-8080-exec-10] traceId= c.w.a.g.log.RequestLoggingFilter - event=request_started method=GET uri=/actuator/prometheus
2026-06-09 11:37:01 [INFO][module01-actuator] [http-nio-8080-exec-10] traceId= c.w.a.g.log.RequestLoggingFilter - event=request_completed method=GET uri=/actuator/prometheus status=200 durationMs=328
2026-06-09 11:37:05 [INFO][module01-actuator] [http-nio-8080-exec-8] traceId= c.w.a.g.log.RequestLoggingFilter - event=request_started method=GET uri=/actuator/prometheus
2026-06-09 11:37:06 [INFO][module01-actuator] [http-nio-8080-exec-8] traceId= c.w.a.g.log.RequestLoggingFilter - event=request_completed method=GET uri=/actuator/prometheus status=200 durationMs=435
2026-06-09 11:37:10 [INFO][module01-actuator] [http-nio-8080-exec-9] traceId= c.w.a.g.log.RequestLoggingFilter - event=request_started method=GET uri=/actuator/prometheus
2026-06-09 11:37:11 [INFO][module01-actuator] [http-nio-8080-exec-9] traceId= c.w.a.g.log.RequestLoggingFilter - event=request_completed method=GET uri=/actuator/prometheus status=200 durationMs=271
2026-06-09 11:37:15 [INFO][module01-actuator] [http-nio-8080-exec-7] traceId= c.w.a.g.log.RequestLoggingFilter - event=request_started method=GET uri=/actuator/prometheus
2026-06-09 11:37:16 [INFO][module01-actuator] [http-nio-8080-exec-7] traceId= c.w.a.g.log.RequestLoggingFilter - event=request_completed method=GET uri=/actuator/prometheus status=200 durationMs=216
2026-06-09 11:37:20 [INFO][module01-actuator] [http-nio-8080-exec-1] traceId= c.w.a.g.log.RequestLoggingFilter - event=request_started method=GET uri=/actuator/prometheus
2026-06-09 11:37:21 [INFO][module01-actuator] [http-nio-8080-exec-1] traceId= c.w.a.g.log.RequestLoggingFilter - event=request_completed method=GET uri=/actuator/prometheus status=200 durationMs=206
2026-06-09 11:37:25 [INFO][module01-actuator] [http-nio-8080-exec-2] traceId= c.w.a.g.log.RequestLoggingFilter - event=request_started method=GET uri=/actuator/prometheus
2026-06-09 11:37:26 [INFO][module01-actuator] [http-nio-8080-exec-2] traceId= c.w.a.g.log.RequestLoggingFilter - event=request_completed method=GET uri=/actuator/prometheus status=200 durationMs=173
2026-06-09 11:37:30 [INFO][module01-actuator] [http-nio-8080-exec-3] traceId= c.w.a.g.log.RequestLoggingFilter - event=request_started method=GET uri=/actuator/prometheus
2026-06-09 11:37:31 [INFO][module01-actuator] [http-nio-8080-exec-3] traceId= c.w.a.g.log.RequestLoggingFilter - event=request_completed method=GET uri=/actuator/prometheus status=200 durationMs=245
2026-06-09 11:37:35 [INFO][module01-actuator] [http-nio-8080-exec-4] traceId= c.w.a.g.log.RequestLoggingFilter - event=request_started method=GET uri=/actuator/prometheus
2026-06-09 11:37:36 [INFO][module01-actuator] [http-nio-8080-exec-4] traceId= c.w.a.g.log.RequestLoggingFilter - event=request_completed method=GET uri=/actuator/prometheus status=200 durationMs=515
2026-06-09 11:37:40 [INFO][module01-actuator] [http-nio-8080-exec-6] traceId= c.w.a.g.log.RequestLoggingFilter - event=request_started method=GET uri=/actuator/prometheus
2026-06-09 11:37:41 [INFO][module01-actuator] [http-nio-8080-exec-6] traceId= c.w.a.g.log.RequestLoggingFilter - event=request_completed method=GET uri=/actuator/prometheus status=200 durationMs=324
2026-06-09 11:37:45 [INFO][module01-actuator] [http-nio-8080-exec-5] traceId= c.w.a.g.log.RequestLoggingFilter - event=request_started method=GET uri=/actuator/prometheus
2026-06-09 11:37:46 [INFO][module01-actuator] [http-nio-8080-exec-5] traceId= c.w.a.g.log.RequestLoggingFilter - event=request_completed method=GET uri=/actuator/prometheus status=200 durationMs=310
2026-06-09 11:37:50 [INFO][module01-actuator] [http-nio-8080-exec-10] traceId= c.w.a.g.log.RequestLoggingFilter - event=request_started method=GET uri=/actuator/prometheus
2026-06-09 11:37:51 [INFO][module01-actuator] [http-nio-8080-exec-10] traceId= c.w.a.g.log.RequestLoggingFilter - event=request_completed method=GET uri=/actuator/prometheus status=200 durationMs=204
2026-06-09 11:37:55 [INFO][module01-actuator] [http-nio-8080-exec-8] traceId= c.w.a.g.log.RequestLoggingFilter - event=request_started method=GET uri=/actuator/prometheus
2026-06-09 11:37:56 [INFO][module01-actuator] [http-nio-8080-exec-8] traceId= c.w.a.g.log.RequestLoggingFilter - event=request_completed method=GET uri=/actuator/prometheus status=200 durationMs=210
2026-06-09 11:38:00 [INFO][module01-actuator] [http-nio-8080-exec-9] traceId= c.w.a.g.log.RequestLoggingFilter - event=request_started method=GET uri=/actuator/prometheus
2026-06-09 11:38:01 [INFO][module01-actuator] [http-nio-8080-exec-9] traceId= c.w.a.g.log.RequestLoggingFilter - event=request_completed method=GET uri=/actuator/prometheus status=200 durationMs=189
2026-06-09 11:38:05 [INFO][module01-actuator] [http-nio-8080-exec-7] traceId= c.w.a.g.log.RequestLoggingFilter - event=request_started method=GET uri=/actuator/prometheus
2026-06-09 11:38:06 [INFO][module01-actuator] [http-nio-8080-exec-7] traceId= c.w.a.g.log.RequestLoggingFilter - event=request_completed method=GET uri=/actuator/prometheus status=200 durationMs=288
2026-06-09 11:38:10 [INFO][module01-actuator] [http-nio-8080-exec-1] traceId= c.w.a.g.log.RequestLoggingFilter - event=request_started method=GET uri=/actuator/prometheus
2026-06-09 11:38:11 [INFO][module01-actuator] [http-nio-8080-exec-1] traceId= c.w.a.g.log.RequestLoggingFilter - event=request_completed method=GET uri=/actuator/prometheus status=200 durationMs=141
2026-06-09 11:38:15 [INFO][module01-actuator] [http-nio-8080-exec-2] traceId= c.w.a.g.log.RequestLoggingFilter - event=request_started method=GET uri=/actuator/prometheus
2026-06-09 11:38:16 [INFO][module01-actuator] [http-nio-8080-exec-2] traceId= c.w.a.g.log.RequestLoggingFilter - event=request_completed method=GET uri=/actuator/prometheus status=200 durationMs=240
2026-06-09 11:38:20 [INFO][module01-actuator] [http-nio-8080-exec-3] traceId= c.w.a.g.log.RequestLoggingFilter - event=request_started method=GET uri=/actuator/prometheus
2026-06-09 11:38:21 [INFO][module01-actuator] [http-nio-8080-exec-3] traceId= c.w.a.g.log.RequestLoggingFilter - event=request_completed method=GET uri=/actuator/prometheus status=200 durationMs=178
2026-06-09 11:38:25 [INFO][module01-actuator] [http-nio-8080-exec-4] traceId= c.w.a.g.log.RequestLoggingFilter - event=request_started method=GET uri=/actuator/prometheus
2026-06-09 11:38:26 [INFO][module01-actuator] [http-nio-8080-exec-4] traceId= c.w.a.g.log.RequestLoggingFilter - event=request_completed method=GET uri=/actuator/prometheus status=200 durationMs=197
2026-06-09 11:38:30 [INFO][module01-actuator] [http-nio-8080-exec-6] traceId= c.w.a.g.log.RequestLoggingFilter - event=request_started method=GET uri=/actuator/prometheus
2026-06-09 11:38:31 [INFO][module01-actuator] [http-nio-8080-exec-6] traceId= c.w.a.g.log.RequestLoggingFilter - event=request_completed method=GET uri=/actuator/prometheus status=200 durationMs=287
2026-06-09 11:38:35 [INFO][module01-actuator] [http-nio-8080-exec-5] traceId= c.w.a.g.log.RequestLoggingFilter - event=request_started method=GET uri=/actuator/prometheus
2026-06-09 11:38:36 [INFO][module01-actuator] [http-nio-8080-exec-5] traceId= c.w.a.g.log.RequestLoggingFilter - event=request_completed method=GET uri=/actuator/prometheus status=200 durationMs=278
2026-06-09 11:38:40 [INFO][module01-actuator] [http-nio-8080-exec-10] traceId= c.w.a.g.log.RequestLoggingFilter - event=request_started method=GET uri=/actuator/prometheus
2026-06-09 11:38:41 [INFO][module01-actuator] [http-nio-8080-exec-10] traceId= c.w.a.g.log.RequestLoggingFilter - event=request_completed method=GET uri=/actuator/prometheus status=200 durationMs=165
2026-06-09 11:38:45 [INFO][module01-actuator] [http-nio-8080-exec-8] traceId= c.w.a.g.log.RequestLoggingFilter - event=request_started method=GET uri=/actuator/prometheus
2026-06-09 11:38:46 [INFO][module01-actuator] [http-nio-8080-exec-8] traceId= c.w.a.g.log.RequestLoggingFilter - event=request_completed method=GET uri=/actuator/prometheus status=200 durationMs=232
2026-06-09 11:38:50 [INFO][module01-actuator] [http-nio-8080-exec-9] traceId= c.w.a.g.log.RequestLoggingFilter - event=request_started method=GET uri=/actuator/prometheus
2026-06-09 11:38:51 [INFO][module01-actuator] [http-nio-8080-exec-9] traceId= c.w.a.g.log.RequestLoggingFilter - event=request_completed method=GET uri=/actuator/prometheus status=200 durationMs=180
2026-06-09 11:38:55 [INFO][module01-actuator] [http-nio-8080-exec-7] traceId= c.w.a.g.log.RequestLoggingFilter - event=request_started method=GET uri=/actuator/prometheus
2026-06-09 11:38:56 [INFO][module01-actuator] [http-nio-8080-exec-7] traceId= c.w.a.g.log.RequestLoggingFilter - event=request_completed method=GET uri=/actuator/prometheus status=200 durationMs=294
2026-06-09 11:39:00 [INFO][module01-actuator] [http-nio-8080-exec-1] traceId= c.w.a.g.log.RequestLoggingFilter - event=request_started method=GET uri=/actuator/prometheus
2026-06-09 11:39:01 [INFO][module01-actuator] [http-nio-8080-exec-1] traceId= c.w.a.g.log.RequestLoggingFilter - event=request_completed method=GET uri=/actuator/prometheus status=200 durationMs=177
2026-06-09 11:39:05 [INFO][module01-actuator] [http-nio-8080-exec-2] traceId= c.w.a.g.log.RequestLoggingFilter - event=request_started method=GET uri=/actuator/prometheus
2026-06-09 11:39:06 [INFO][module01-actuator] [http-nio-8080-exec-2] traceId= c.w.a.g.log.RequestLoggingFilter - event=request_completed method=GET uri=/actuator/prometheus status=200 durationMs=209
2026-06-09 11:39:10 [INFO][module01-actuator] [http-nio-8080-exec-3] traceId= c.w.a.g.log.RequestLoggingFilter - event=request_started method=GET uri=/actuator/prometheus
2026-06-09 11:39:11 [INFO][module01-actuator] [http-nio-8080-exec-3] traceId= c.w.a.g.log.RequestLoggingFilter - event=request_completed method=GET uri=/actuator/prometheus status=200 durationMs=188
2026-06-09 11:39:15 [INFO][module01-actuator] [http-nio-8080-exec-4] traceId= c.w.a.g.log.RequestLoggingFilter - event=request_started method=GET uri=/actuator/prometheus
2026-06-09 11:39:16 [INFO][module01-actuator] [http-nio-8080-exec-4] traceId= c.w.a.g.log.RequestLoggingFilter - event=request_completed method=GET uri=/actuator/prometheus status=200 durationMs=381
2026-06-09 11:39:20 [INFO][module01-actuator] [http-nio-8080-exec-6] traceId= c.w.a.g.log.RequestLoggingFilter - event=request_started method=GET uri=/actuator/prometheus
2026-06-09 11:39:21 [INFO][module01-actuator] [http-nio-8080-exec-6] traceId= c.w.a.g.log.RequestLoggingFilter - event=request_completed method=GET uri=/actuator/prometheus status=200 durationMs=388
2026-06-09 11:39:25 [INFO][module01-actuator] [http-nio-8080-exec-5] traceId= c.w.a.g.log.RequestLoggingFilter - event=request_started method=GET uri=/actuator/prometheus
2026-06-09 11:39:26 [INFO][module01-actuator] [http-nio-8080-exec-5] traceId= c.w.a.g.log.RequestLoggingFilter - event=request_completed method=GET uri=/actuator/prometheus status=200 durationMs=350
2026-06-09 11:39:30 [INFO][module01-actuator] [http-nio-8080-exec-10] traceId= c.w.a.g.log.RequestLoggingFilter - event=request_started method=GET uri=/actuator/prometheus
2026-06-09 11:39:31 [INFO][module01-actuator] [http-nio-8080-exec-10] traceId= c.w.a.g.log.RequestLoggingFilter - event=request_completed method=GET uri=/actuator/prometheus status=200 durationMs=223
2026-06-09 11:39:35 [INFO][module01-actuator] [http-nio-8080-exec-8] traceId= c.w.a.g.log.RequestLoggingFilter - event=request_started method=GET uri=/actuator/prometheus
2026-06-09 11:39:36 [INFO][module01-actuator] [http-nio-8080-exec-8] traceId= c.w.a.g.log.RequestLoggingFilter - event=request_completed method=GET uri=/actuator/prometheus status=200 durationMs=162
2026-06-09 11:39:40 [INFO][module01-actuator] [http-nio-8080-exec-9] traceId= c.w.a.g.log.RequestLoggingFilter - event=request_started method=GET uri=/actuator/prometheus
2026-06-09 11:39:41 [INFO][module01-actuator] [http-nio-8080-exec-9] traceId= c.w.a.g.log.RequestLoggingFilter - event=request_completed method=GET uri=/actuator/prometheus status=200 durationMs=229
2026-06-09 11:39:45 [INFO][module01-actuator] [http-nio-8080-exec-7] traceId= c.w.a.g.log.RequestLoggingFilter - event=request_started method=GET uri=/actuator/prometheus
2026-06-09 11:39:46 [INFO][module01-actuator] [http-nio-8080-exec-7] traceId= c.w.a.g.log.RequestLoggingFilter - event=request_completed method=GET uri=/actuator/prometheus status=200 durationMs=305
2026-06-09 11:39:50 [INFO][module01-actuator] [http-nio-8080-exec-1] traceId= c.w.a.g.log.RequestLoggingFilter - event=request_started method=GET uri=/actuator/prometheus
2026-06-09 11:39:51 [INFO][module01-actuator] [http-nio-8080-exec-1] traceId= c.w.a.g.log.RequestLoggingFilter - event=request_completed method=GET uri=/actuator/prometheus status=200 durationMs=364
2026-06-09 11:39:55 [INFO][module01-actuator] [http-nio-8080-exec-2] traceId= c.w.a.g.log.RequestLoggingFilter - event=request_started method=GET uri=/actuator/prometheus
2026-06-09 11:39:56 [INFO][module01-actuator] [http-nio-8080-exec-2] traceId= c.w.a.g.log.RequestLoggingFilter - event=request_completed method=GET uri=/actuator/prometheus status=200 durationMs=296
2026-06-09 11:40:00 [INFO][module01-actuator] [http-nio-8080-exec-3] traceId= c.w.a.g.log.RequestLoggingFilter - event=request_started method=GET uri=/actuator/prometheus
2026-06-09 11:40:01 [INFO][module01-actuator] [http-nio-8080-exec-3] traceId= c.w.a.g.log.RequestLoggingFilter - event=request_completed method=GET uri=/actuator/prometheus status=200 durationMs=282
2026-06-09 11:40:05 [INFO][module01-actuator] [http-nio-8080-exec-4] traceId= c.w.a.g.log.RequestLoggingFilter - event=request_started method=GET uri=/actuator/prometheus
2026-06-09 11:40:06 [INFO][module01-actuator] [http-nio-8080-exec-4] traceId= c.w.a.g.log.RequestLoggingFilter - event=request_completed method=GET uri=/actuator/prometheus status=200 durationMs=182
2026-06-09 11:40:10 [INFO][module01-actuator] [http-nio-8080-exec-6] traceId= c.w.a.g.log.RequestLoggingFilter - event=request_started method=GET uri=/actuator/prometheus
2026-06-09 11:40:11 [INFO][module01-actuator] [http-nio-8080-exec-6] traceId= c.w.a.g.log.RequestLoggingFilter - event=request_completed method=GET uri=/actuator/prometheus status=200 durationMs=184
2026-06-09 11:40:15 [INFO][module01-actuator] [http-nio-8080-exec-5] traceId= c.w.a.g.log.RequestLoggingFilter - event=request_started method=GET uri=/actuator/prometheus
2026-06-09 11:40:16 [INFO][module01-actuator] [http-nio-8080-exec-5] traceId= c.w.a.g.log.RequestLoggingFilter - event=request_completed method=GET uri=/actuator/prometheus status=200 durationMs=199
2026-06-09 11:40:20 [INFO][module01-actuator] [http-nio-8080-exec-10] traceId= c.w.a.g.log.RequestLoggingFilter - event=request_started method=GET uri=/actuator/prometheus
2026-06-09 11:40:21 [INFO][module01-actuator] [http-nio-8080-exec-10] traceId= c.w.a.g.log.RequestLoggingFilter - event=request_completed method=GET uri=/actuator/prometheus status=200 durationMs=237
2026-06-09 11:40:23 [INFO][module01-actuator] [http-nio-8080-exec-8] traceId= c.w.a.g.log.RequestLoggingFilter - event=request_started method=GET uri=/actuator
2026-06-09 11:40:23 [INFO][module01-actuator] [http-nio-8080-exec-8] traceId= c.w.a.g.log.RequestLoggingFilter - event=request_completed method=GET uri=/actuator status=200 durationMs=41
2026-06-09 11:40:24 [INFO][module01-actuator] [http-nio-8080-exec-9] traceId= c.w.a.g.log.RequestLoggingFilter - event=request_started method=GET uri=/actuator/health
2026-06-09 11:40:24 [INFO][module01-actuator] [http-nio-8080-exec-9] traceId= c.w.a.g.log.RequestLoggingFilter - event=request_completed method=GET uri=/actuator/health status=200 durationMs=6
2026-06-09 11:40:24 [INFO][module01-actuator] [http-nio-8080-exec-7] traceId= c.w.a.g.log.RequestLoggingFilter - event=request_started method=GET uri=/actuator/info
2026-06-09 11:40:24 [INFO][module01-actuator] [http-nio-8080-exec-7] traceId= c.w.a.g.log.RequestLoggingFilter - event=request_completed method=GET uri=/actuator/info status=200 durationMs=2
2026-06-09 11:40:24 [INFO][module01-actuator] [http-nio-8080-exec-1] traceId= c.w.a.g.log.RequestLoggingFilter - event=request_started method=GET uri=/actuator/metrics
2026-06-09 11:40:24 [INFO][module01-actuator] [http-nio-8080-exec-1] traceId= c.w.a.g.log.RequestLoggingFilter - event=request_completed method=GET uri=/actuator/metrics status=200 durationMs=4
2026-06-09 11:40:24 [INFO][module01-actuator] [http-nio-8080-exec-2] traceId= c.w.a.g.log.RequestLoggingFilter - event=request_started method=GET uri=/actuator/metrics/shop.orders.created
2026-06-09 11:40:24 [INFO][module01-actuator] [http-nio-8080-exec-2] traceId= c.w.a.g.log.RequestLoggingFilter - event=request_completed method=GET uri=/actuator/metrics/shop.orders.created status=200 durationMs=36
2026-06-09 11:40:24 [INFO][module01-actuator] [http-nio-8080-exec-3] traceId= c.w.a.g.log.RequestLoggingFilter - event=request_started method=GET uri=/actuator/metrics/shop.orders.creation.duration
2026-06-09 11:40:24 [INFO][module01-actuator] [http-nio-8080-exec-3] traceId= c.w.a.g.log.RequestLoggingFilter - event=request_completed method=GET uri=/actuator/metrics/shop.orders.creation.duration status=200 durationMs=3
2026-06-09 11:40:24 [INFO][module01-actuator] [http-nio-8080-exec-4] traceId= c.w.a.g.log.RequestLoggingFilter - event=request_started method=GET uri=/actuator/metrics/shop.payment.duration
2026-06-09 11:40:24 [INFO][module01-actuator] [http-nio-8080-exec-4] traceId= c.w.a.g.log.RequestLoggingFilter - event=request_completed method=GET uri=/actuator/metrics/shop.payment.duration status=200 durationMs=2
2026-06-09 11:40:24 [INFO][module01-actuator] [http-nio-8080-exec-6] traceId= c.w.a.g.log.RequestLoggingFilter - event=request_started method=POST uri=/orders
2026-06-09 11:40:24 [INFO][module01-actuator] [http-nio-8080-exec-6] traceId= c.wanted.actuator.order.OrderService - event=order_create_started itemTypes=2
2026-06-09 11:40:25 [INFO][module01-actuator] [http-nio-8080-exec-6] traceId= c.wanted.actuator.order.OrderService - event=order_create_succeeded orderId=7 itemTypes=2 amount=6350000 durationMs=740
2026-06-09 11:40:25 [INFO][module01-actuator] [http-nio-8080-exec-6] traceId= c.w.a.g.log.RequestLoggingFilter - event=request_completed method=POST uri=/orders status=201 durationMs=974
2026-06-09 11:40:25 [INFO][module01-actuator] [http-nio-8080-exec-5] traceId= c.w.a.g.log.RequestLoggingFilter - event=request_started method=GET uri=/actuator/metrics/shop.orders.created
2026-06-09 11:40:25 [INFO][module01-actuator] [http-nio-8080-exec-5] traceId= c.w.a.g.log.RequestLoggingFilter - event=request_completed method=GET uri=/actuator/metrics/shop.orders.created status=200 durationMs=3
2026-06-09 11:40:25 [INFO][module01-actuator] [http-nio-8080-exec-10] traceId= c.w.a.g.log.RequestLoggingFilter - event=request_started method=GET uri=/actuator/metrics/shop.orders.item.count
2026-06-09 11:40:25 [INFO][module01-actuator] [http-nio-8080-exec-10] traceId= c.w.a.g.log.RequestLoggingFilter - event=request_completed method=GET uri=/actuator/metrics/shop.orders.item.count status=200 durationMs=3
2026-06-09 11:40:25 [INFO][module01-actuator] [http-nio-8080-exec-8] traceId= c.w.a.g.log.RequestLoggingFilter - event=request_started method=GET uri=/actuator/metrics/shop.orders.amount
2026-06-09 11:40:25 [INFO][module01-actuator] [http-nio-8080-exec-8] traceId= c.w.a.g.log.RequestLoggingFilter - event=request_completed method=GET uri=/actuator/metrics/shop.orders.amount status=200 durationMs=3
2026-06-09 11:40:25 [INFO][module01-actuator] [http-nio-8080-exec-9] traceId= c.w.a.g.log.RequestLoggingFilter - event=request_started method=GET uri=/actuator/prometheus
2026-06-09 11:40:25 [INFO][module01-actuator] [http-nio-8080-exec-7] traceId= c.w.a.g.log.RequestLoggingFilter - event=request_started method=GET uri=/actuator/metrics/shop.orders.creation.duration
2026-06-09 11:40:25 [INFO][module01-actuator] [http-nio-8080-exec-7] traceId= c.w.a.g.log.RequestLoggingFilter - event=request_completed method=GET uri=/actuator/metrics/shop.orders.creation.duration status=200 durationMs=3
2026-06-09 11:40:25 [INFO][module01-actuator] [http-nio-8080-exec-1] traceId= c.w.a.g.log.RequestLoggingFilter - event=request_started method=GET uri=/actuator/metrics/shop.payment.duration
2026-06-09 11:40:25 [INFO][module01-actuator] [http-nio-8080-exec-1] traceId= c.w.a.g.log.RequestLoggingFilter - event=request_completed method=GET uri=/actuator/metrics/shop.payment.duration status=200 durationMs=2
2026-06-09 11:40:25 [INFO][module01-actuator] [http-nio-8080-exec-2] traceId= c.w.a.g.log.RequestLoggingFilter - event=request_started method=GET uri=/actuator/metrics/shop.products.popular.requests
2026-06-09 11:40:26 [INFO][module01-actuator] [http-nio-8080-exec-2] traceId= c.w.a.g.log.RequestLoggingFilter - event=request_completed method=GET uri=/actuator/metrics/shop.products.popular.requests status=200 durationMs=2
2026-06-09 11:40:26 [INFO][module01-actuator] [http-nio-8080-exec-3] traceId= c.w.a.g.log.RequestLoggingFilter - event=request_started method=GET uri=/actuator/metrics/shop.products.popular.query.duration
2026-06-09 11:40:26 [INFO][module01-actuator] [http-nio-8080-exec-3] traceId= c.w.a.g.log.RequestLoggingFilter - event=request_completed method=GET uri=/actuator/metrics/shop.products.popular.query.duration status=200 durationMs=2
2026-06-09 11:40:26 [INFO][module01-actuator] [http-nio-8080-exec-4] traceId= c.w.a.g.log.RequestLoggingFilter - event=request_started method=GET uri=/products/popular
2026-06-09 11:40:26 [INFO][module01-actuator] [http-nio-8080-exec-4] traceId= c.w.actuator.product.ProductService - event=popular_products_queried resultCount=5 durationMs=112
2026-06-09 11:40:26 [INFO][module01-actuator] [http-nio-8080-exec-4] traceId= c.w.a.g.log.RequestLoggingFilter - event=request_completed method=GET uri=/products/popular status=200 durationMs=122
2026-06-09 11:40:26 [INFO][module01-actuator] [http-nio-8080-exec-9] traceId= c.w.a.g.log.RequestLoggingFilter - event=request_completed method=GET uri=/actuator/prometheus status=200 durationMs=368
2026-06-09 11:40:26 [INFO][module01-actuator] [http-nio-8080-exec-6] traceId= c.w.a.g.log.RequestLoggingFilter - event=request_started method=GET uri=/actuator/metrics/shop.products.popular.requests
2026-06-09 11:40:26 [INFO][module01-actuator] [http-nio-8080-exec-6] traceId= c.w.a.g.log.RequestLoggingFilter - event=request_completed method=GET uri=/actuator/metrics/shop.products.popular.requests status=200 durationMs=1
2026-06-09 11:40:26 [INFO][module01-actuator] [http-nio-8080-exec-5] traceId= c.w.a.g.log.RequestLoggingFilter - event=request_started method=GET uri=/actuator/metrics/shop.products.popular.query.duration
2026-06-09 11:40:26 [INFO][module01-actuator] [http-nio-8080-exec-5] traceId= c.w.a.g.log.RequestLoggingFilter - event=request_completed method=GET uri=/actuator/metrics/shop.products.popular.query.duration status=200 durationMs=1
2026-06-09 11:40:26 [INFO][module01-actuator] [http-nio-8080-exec-10] traceId= c.w.a.g.log.RequestLoggingFilter - event=request_started method=POST uri=/orders
2026-06-09 11:40:26 [INFO][module01-actuator] [http-nio-8080-exec-10] traceId= c.wanted.actuator.order.OrderService - event=order_create_started itemTypes=1
2026-06-09 11:40:26 [WARN][module01-actuator] [http-nio-8080-exec-10] traceId= c.wanted.actuator.order.OrderService - event=order_create_failed exceptionType=IllegalArgumentException message="상품 재고가 부족합니다." durationMs=4
2026-06-09 11:40:26 [WARN][module01-actuator] [http-nio-8080-exec-10] traceId= c.w.a.global.ApiExceptionHandler - event=api_error reason=bad_request exceptionType=IllegalArgumentException message="상품 재고가 부족합니다."
2026-06-09 11:40:26 [INFO][module01-actuator] [http-nio-8080-exec-10] traceId= c.w.a.g.log.RequestLoggingFilter - event=request_completed method=POST uri=/orders status=400 durationMs=33
2026-06-09 11:40:26 [INFO][module01-actuator] [http-nio-8080-exec-8] traceId= c.w.a.g.log.RequestLoggingFilter - event=request_started method=GET uri=/actuator/metrics/shop.orders.failed
2026-06-09 11:40:26 [INFO][module01-actuator] [http-nio-8080-exec-8] traceId= c.w.a.g.log.RequestLoggingFilter - event=request_completed method=GET uri=/actuator/metrics/shop.orders.failed status=200 durationMs=4
2026-06-09 11:40:26 [INFO][module01-actuator] [http-nio-8080-exec-7] traceId= c.w.a.g.log.RequestLoggingFilter - event=request_started method=GET uri=/actuator/metrics/shop.orders.failed
2026-06-09 11:40:26 [INFO][module01-actuator] [http-nio-8080-exec-7] traceId= c.w.a.g.log.RequestLoggingFilter - event=request_completed method=GET uri=/actuator/metrics/shop.orders.failed status=404 durationMs=2
2026-06-09 11:40:26 [INFO][module01-actuator] [http-nio-8080-exec-1] traceId= c.w.a.g.log.RequestLoggingFilter - event=request_started method=GET uri=/actuator/metrics/shop.api.errors
2026-06-09 11:40:26 [INFO][module01-actuator] [http-nio-8080-exec-1] traceId= c.w.a.g.log.RequestLoggingFilter - event=request_completed method=GET uri=/actuator/metrics/shop.api.errors status=200 durationMs=1
2026-06-09 11:40:26 [INFO][module01-actuator] [http-nio-8080-exec-2] traceId= c.w.a.g.log.RequestLoggingFilter - event=request_started method=GET uri=/actuator/metrics/shop.api.errors
2026-06-09 11:40:26 [INFO][module01-actuator] [http-nio-8080-exec-2] traceId= c.w.a.g.log.RequestLoggingFilter - event=request_completed method=GET uri=/actuator/metrics/shop.api.errors status=200 durationMs=4
2026-06-09 11:40:26 [INFO][module01-actuator] [http-nio-8080-exec-3] traceId= c.w.a.g.log.RequestLoggingFilter - event=request_started method=POST uri=/orders
2026-06-09 11:40:26 [WARN][module01-actuator] [http-nio-8080-exec-3] traceId= c.w.a.global.ApiExceptionHandler - event=api_error reason=validation field=items[0].quantity exceptionType=MethodArgumentNotValidException message="items[0].quantity: 1 이상이어야 합니다"
2026-06-09 11:40:26 [INFO][module01-actuator] [http-nio-8080-exec-3] traceId= c.w.a.g.log.RequestLoggingFilter - event=request_completed method=POST uri=/orders status=400 durationMs=47
2026-06-09 11:40:26 [INFO][module01-actuator] [http-nio-8080-exec-4] traceId= c.w.a.g.log.RequestLoggingFilter - event=request_started method=GET uri=/actuator/metrics/shop.api.errors
2026-06-09 11:40:26 [INFO][module01-actuator] [http-nio-8080-exec-4] traceId= c.w.a.g.log.RequestLoggingFilter - event=request_completed method=GET uri=/actuator/metrics/shop.api.errors status=200 durationMs=3
2026-06-09 11:40:27 [INFO][module01-actuator] [http-nio-8080-exec-9] traceId= c.w.a.g.log.RequestLoggingFilter - event=request_started method=GET uri=/actuator/shop
2026-06-09 11:40:27 [INFO][module01-actuator] [http-nio-8080-exec-9] traceId= c.w.a.g.log.RequestLoggingFilter - event=request_completed method=GET uri=/actuator/shop status=200 durationMs=42
2026-06-09 11:40:27 [INFO][module01-actuator] [http-nio-8080-exec-6] traceId= c.w.a.g.log.RequestLoggingFilter - event=request_started method=GET uri=/actuator/metrics/http.server.requests
2026-06-09 11:40:27 [INFO][module01-actuator] [http-nio-8080-exec-6] traceId= c.w.a.g.log.RequestLoggingFilter - event=request_completed method=GET uri=/actuator/metrics/http.server.requests status=200 durationMs=1
2026-06-09 11:40:27 [INFO][module01-actuator] [http-nio-8080-exec-5] traceId= c.w.a.g.log.RequestLoggingFilter - event=request_started method=GET uri=/actuator/metrics/http.server.requests
2026-06-09 11:40:27 [INFO][module01-actuator] [http-nio-8080-exec-5] traceId= c.w.a.g.log.RequestLoggingFilter - event=request_completed method=GET uri=/actuator/metrics/http.server.requests status=200 durationMs=4
2026-06-09 11:40:27 [INFO][module01-actuator] [http-nio-8080-exec-10] traceId= c.w.a.g.log.RequestLoggingFilter - event=request_started method=GET uri=/actuator/metrics/hikaricp.connections.active
2026-06-09 11:40:27 [INFO][module01-actuator] [http-nio-8080-exec-10] traceId= c.w.a.g.log.RequestLoggingFilter - event=request_completed method=GET uri=/actuator/metrics/hikaricp.connections.active status=200 durationMs=1
2026-06-09 11:40:27 [INFO][module01-actuator] [http-nio-8080-exec-8] traceId= c.w.a.g.log.RequestLoggingFilter - event=request_started method=GET uri=/actuator/metrics/jvm.memory.used
2026-06-09 11:40:27 [INFO][module01-actuator] [http-nio-8080-exec-8] traceId= c.w.a.g.log.RequestLoggingFilter - event=request_completed method=GET uri=/actuator/metrics/jvm.memory.used status=200 durationMs=2
2026-06-09 11:40:30 [INFO][module01-actuator] [http-nio-8080-exec-7] traceId= c.w.a.g.log.RequestLoggingFilter - event=request_started method=GET uri=/actuator/prometheus
2026-06-09 11:40:31 [INFO][module01-actuator] [http-nio-8080-exec-7] traceId= c.w.a.g.log.RequestLoggingFilter - event=request_completed method=GET uri=/actuator/prometheus status=200 durationMs=355
2026-06-09 11:40:35 [INFO][module01-actuator] [http-nio-8080-exec-1] traceId= c.w.a.g.log.RequestLoggingFilter - event=request_started method=GET uri=/actuator/prometheus
2026-06-09 11:40:36 [INFO][module01-actuator] [http-nio-8080-exec-1] traceId= c.w.a.g.log.RequestLoggingFilter - event=request_completed method=GET uri=/actuator/prometheus status=200 durationMs=210
2026-06-09 11:40:40 [INFO][module01-actuator] [http-nio-8080-exec-2] traceId= c.w.a.g.log.RequestLoggingFilter - event=request_started method=GET uri=/actuator/prometheus
2026-06-09 11:40:41 [INFO][module01-actuator] [http-nio-8080-exec-2] traceId= c.w.a.g.log.RequestLoggingFilter - event=request_completed method=GET uri=/actuator/prometheus status=200 durationMs=224
2026-06-09 11:40:45 [INFO][module01-actuator] [http-nio-8080-exec-3] traceId= c.w.a.g.log.RequestLoggingFilter - event=request_started method=GET uri=/actuator/prometheus
2026-06-09 11:40:46 [INFO][module01-actuator] [http-nio-8080-exec-3] traceId= c.w.a.g.log.RequestLoggingFilter - event=request_completed method=GET uri=/actuator/prometheus status=200 durationMs=170
2026-06-09 11:40:50 [INFO][module01-actuator] [http-nio-8080-exec-4] traceId= c.w.a.g.log.RequestLoggingFilter - event=request_started method=GET uri=/actuator/prometheus
2026-06-09 11:40:51 [INFO][module01-actuator] [http-nio-8080-exec-4] traceId= c.w.a.g.log.RequestLoggingFilter - event=request_completed method=GET uri=/actuator/prometheus status=200 durationMs=176
2026-06-09 11:40:55 [INFO][module01-actuator] [http-nio-8080-exec-9] traceId= c.w.a.g.log.RequestLoggingFilter - event=request_started method=GET uri=/actuator/prometheus
2026-06-09 11:40:56 [INFO][module01-actuator] [http-nio-8080-exec-9] traceId= c.w.a.g.log.RequestLoggingFilter - event=request_completed method=GET uri=/actuator/prometheus status=200 durationMs=336
2026-06-09 11:41:00 [INFO][module01-actuator] [http-nio-8080-exec-6] traceId= c.w.a.g.log.RequestLoggingFilter - event=request_started method=GET uri=/actuator/prometheus
2026-06-09 11:41:01 [INFO][module01-actuator] [http-nio-8080-exec-6] traceId= c.w.a.g.log.RequestLoggingFilter - event=request_completed method=GET uri=/actuator/prometheus status=200 durationMs=185
2026-06-09 11:41:05 [INFO][module01-actuator] [http-nio-8080-exec-5] traceId= c.w.a.g.log.RequestLoggingFilter - event=request_started method=GET uri=/actuator/prometheus
2026-06-09 11:41:06 [INFO][module01-actuator] [http-nio-8080-exec-5] traceId= c.w.a.g.log.RequestLoggingFilter - event=request_completed method=GET uri=/actuator/prometheus status=200 durationMs=177
2026-06-09 11:41:10 [INFO][module01-actuator] [http-nio-8080-exec-10] traceId= c.w.a.g.log.RequestLoggingFilter - event=request_started method=GET uri=/actuator/prometheus
2026-06-09 11:41:11 [INFO][module01-actuator] [http-nio-8080-exec-10] traceId= c.w.a.g.log.RequestLoggingFilter - event=request_completed method=GET uri=/actuator/prometheus status=200 durationMs=195
2026-06-09 11:41:15 [INFO][module01-actuator] [http-nio-8080-exec-8] traceId= c.w.a.g.log.RequestLoggingFilter - event=request_started method=GET uri=/actuator/prometheus
2026-06-09 11:41:16 [INFO][module01-actuator] [http-nio-8080-exec-8] traceId= c.w.a.g.log.RequestLoggingFilter - event=request_completed method=GET uri=/actuator/prometheus status=200 durationMs=244
2026-06-09 11:41:20 [INFO][module01-actuator] [http-nio-8080-exec-7] traceId= c.w.a.g.log.RequestLoggingFilter - event=request_started method=GET uri=/actuator/prometheus
2026-06-09 11:41:21 [INFO][module01-actuator] [http-nio-8080-exec-7] traceId= c.w.a.g.log.RequestLoggingFilter - event=request_completed method=GET uri=/actuator/prometheus status=200 durationMs=209
2026-06-09 11:41:25 [INFO][module01-actuator] [http-nio-8080-exec-10] traceId= c.w.a.g.log.RequestLoggingFilter - event=request_started method=GET uri=/actuator/prometheus
2026-06-09 11:41:26 [INFO][module01-actuator] [http-nio-8080-exec-10] traceId= c.w.a.g.log.RequestLoggingFilter - event=request_completed method=GET uri=/actuator/prometheus status=200 durationMs=211
2026-06-09 11:41:30 [INFO][module01-actuator] [http-nio-8080-exec-6] traceId= c.w.a.g.log.RequestLoggingFilter - event=request_started method=GET uri=/actuator/prometheus
2026-06-09 11:41:31 [INFO][module01-actuator] [http-nio-8080-exec-6] traceId= c.w.a.g.log.RequestLoggingFilter - event=request_completed method=GET uri=/actuator/prometheus status=200 durationMs=332
2026-06-09 11:41:35 [INFO][module01-actuator] [http-nio-8080-exec-9] traceId= c.w.a.g.log.RequestLoggingFilter - event=request_started method=GET uri=/actuator/prometheus
2026-06-09 11:41:36 [INFO][module01-actuator] [http-nio-8080-exec-9] traceId= c.w.a.g.log.RequestLoggingFilter - event=request_completed method=GET uri=/actuator/prometheus status=200 durationMs=351
2026-06-09 11:41:40 [INFO][module01-actuator] [http-nio-8080-exec-2] traceId= c.w.a.g.log.RequestLoggingFilter - event=request_started method=GET uri=/actuator/prometheus
2026-06-09 11:41:41 [INFO][module01-actuator] [http-nio-8080-exec-2] traceId= c.w.a.g.log.RequestLoggingFilter - event=request_completed method=GET uri=/actuator/prometheus status=200 durationMs=198
2026-06-09 11:41:45 [INFO][module01-actuator] [http-nio-8080-exec-3] traceId= c.w.a.g.log.RequestLoggingFilter - event=request_started method=GET uri=/actuator/prometheus
2026-06-09 11:41:46 [INFO][module01-actuator] [http-nio-8080-exec-3] traceId= c.w.a.g.log.RequestLoggingFilter - event=request_completed method=GET uri=/actuator/prometheus status=200 durationMs=261
2026-06-09 11:41:50 [INFO][module01-actuator] [http-nio-8080-exec-11] traceId= c.w.a.g.log.RequestLoggingFilter - event=request_started method=GET uri=/actuator/prometheus
2026-06-09 11:41:51 [INFO][module01-actuator] [http-nio-8080-exec-11] traceId= c.w.a.g.log.RequestLoggingFilter - event=request_completed method=GET uri=/actuator/prometheus status=200 durationMs=199
2026-06-09 11:41:55 [INFO][module01-actuator] [http-nio-8080-exec-8] traceId= c.w.a.g.log.RequestLoggingFilter - event=request_started method=GET uri=/actuator/prometheus
2026-06-09 11:41:56 [INFO][module01-actuator] [http-nio-8080-exec-8] traceId= c.w.a.g.log.RequestLoggingFilter - event=request_completed method=GET uri=/actuator/prometheus status=200 durationMs=171
2026-06-09 11:42:00 [INFO][module01-actuator] [http-nio-8080-exec-7] traceId= c.w.a.g.log.RequestLoggingFilter - event=request_started method=GET uri=/actuator/prometheus
2026-06-09 11:42:01 [INFO][module01-actuator] [http-nio-8080-exec-7] traceId= c.w.a.g.log.RequestLoggingFilter - event=request_completed method=GET uri=/actuator/prometheus status=200 durationMs=342
2026-06-09 11:42:05 [INFO][module01-actuator] [http-nio-8080-exec-1] traceId= c.w.a.g.log.RequestLoggingFilter - event=request_started method=GET uri=/actuator/prometheus
2026-06-09 11:42:06 [INFO][module01-actuator] [http-nio-8080-exec-1] traceId= c.w.a.g.log.RequestLoggingFilter - event=request_completed method=GET uri=/actuator/prometheus status=200 durationMs=209
2026-06-09 11:42:10 [INFO][module01-actuator] [http-nio-8080-exec-10] traceId= c.w.a.g.log.RequestLoggingFilter - event=request_started method=GET uri=/actuator/prometheus
2026-06-09 11:42:11 [INFO][module01-actuator] [http-nio-8080-exec-10] traceId= c.w.a.g.log.RequestLoggingFilter - event=request_completed method=GET uri=/actuator/prometheus status=200 durationMs=496
2026-06-09 11:42:15 [INFO][module01-actuator] [http-nio-8080-exec-5] traceId= c.w.a.g.log.RequestLoggingFilter - event=request_started method=GET uri=/actuator/prometheus
2026-06-09 11:42:16 [INFO][module01-actuator] [http-nio-8080-exec-5] traceId= c.w.a.g.log.RequestLoggingFilter - event=request_completed method=GET uri=/actuator/prometheus status=200 durationMs=277
2026-06-09 11:42:20 [INFO][module01-actuator] [http-nio-8080-exec-4] traceId= c.w.a.g.log.RequestLoggingFilter - event=request_started method=GET uri=/actuator/prometheus
2026-06-09 11:42:21 [INFO][module01-actuator] [http-nio-8080-exec-4] traceId= c.w.a.g.log.RequestLoggingFilter - event=request_completed method=GET uri=/actuator/prometheus status=200 durationMs=324
2026-06-09 11:42:25 [INFO][module01-actuator] [http-nio-8080-exec-6] traceId= c.w.a.g.log.RequestLoggingFilter - event=request_started method=GET uri=/actuator/prometheus
2026-06-09 11:42:26 [INFO][module01-actuator] [http-nio-8080-exec-6] traceId= c.w.a.g.log.RequestLoggingFilter - event=request_completed method=GET uri=/actuator/prometheus status=200 durationMs=295
2026-06-09 11:42:30 [INFO][module01-actuator] [http-nio-8080-exec-9] traceId= c.w.a.g.log.RequestLoggingFilter - event=request_started method=GET uri=/actuator/prometheus
2026-06-09 11:42:31 [INFO][module01-actuator] [http-nio-8080-exec-9] traceId= c.w.a.g.log.RequestLoggingFilter - event=request_completed method=GET uri=/actuator/prometheus status=200 durationMs=659
2026-06-09 11:42:35 [INFO][module01-actuator] [http-nio-8080-exec-2] traceId= c.w.a.g.log.RequestLoggingFilter - event=request_started method=GET uri=/actuator/prometheus
2026-06-09 11:42:36 [INFO][module01-actuator] [http-nio-8080-exec-2] traceId= c.w.a.g.log.RequestLoggingFilter - event=request_completed method=GET uri=/actuator/prometheus status=200 durationMs=280
2026-06-09 11:42:40 [INFO][module01-actuator] [http-nio-8080-exec-3] traceId= c.w.a.g.log.RequestLoggingFilter - event=request_started method=GET uri=/actuator/prometheus
2026-06-09 11:42:41 [INFO][module01-actuator] [http-nio-8080-exec-3] traceId= c.w.a.g.log.RequestLoggingFilter - event=request_completed method=GET uri=/actuator/prometheus status=200 durationMs=281
2026-06-09 11:42:45 [INFO][module01-actuator] [http-nio-8080-exec-11] traceId= c.w.a.g.log.RequestLoggingFilter - event=request_started method=GET uri=/actuator/prometheus
2026-06-09 11:42:46 [INFO][module01-actuator] [http-nio-8080-exec-11] traceId= c.w.a.g.log.RequestLoggingFilter - event=request_completed method=GET uri=/actuator/prometheus status=200 durationMs=276
2026-06-09 11:42:50 [INFO][module01-actuator] [http-nio-8080-exec-8] traceId= c.w.a.g.log.RequestLoggingFilter - event=request_started method=GET uri=/actuator/prometheus
2026-06-09 11:42:51 [INFO][module01-actuator] [http-nio-8080-exec-8] traceId= c.w.a.g.log.RequestLoggingFilter - event=request_completed method=GET uri=/actuator/prometheus status=200 durationMs=289
2026-06-09 11:42:55 [INFO][module01-actuator] [http-nio-8080-exec-7] traceId= c.w.a.g.log.RequestLoggingFilter - event=request_started method=GET uri=/actuator/prometheus
2026-06-09 11:42:56 [INFO][module01-actuator] [http-nio-8080-exec-7] traceId= c.w.a.g.log.RequestLoggingFilter - event=request_completed method=GET uri=/actuator/prometheus status=200 durationMs=306
2026-06-09 11:43:00 [INFO][module01-actuator] [http-nio-8080-exec-1] traceId= c.w.a.g.log.RequestLoggingFilter - event=request_started method=GET uri=/actuator/prometheus
2026-06-09 11:43:01 [INFO][module01-actuator] [http-nio-8080-exec-1] traceId= c.w.a.g.log.RequestLoggingFilter - event=request_completed method=GET uri=/actuator/prometheus status=200 durationMs=525
2026-06-09 11:43:05 [INFO][module01-actuator] [http-nio-8080-exec-10] traceId= c.w.a.g.log.RequestLoggingFilter - event=request_started method=GET uri=/actuator/prometheus
2026-06-09 11:43:06 [INFO][module01-actuator] [http-nio-8080-exec-10] traceId= c.w.a.g.log.RequestLoggingFilter - event=request_completed method=GET uri=/actuator/prometheus status=200 durationMs=477
2026-06-09 11:43:10 [INFO][module01-actuator] [http-nio-8080-exec-5] traceId= c.w.a.g.log.RequestLoggingFilter - event=request_started method=GET uri=/actuator/prometheus
2026-06-09 11:43:11 [INFO][module01-actuator] [http-nio-8080-exec-5] traceId= c.w.a.g.log.RequestLoggingFilter - event=request_completed method=GET uri=/actuator/prometheus status=200 durationMs=280
2026-06-09 11:43:15 [INFO][module01-actuator] [http-nio-8080-exec-4] traceId= c.w.a.g.log.RequestLoggingFilter - event=request_started method=GET uri=/actuator/prometheus
2026-06-09 11:43:16 [INFO][module01-actuator] [http-nio-8080-exec-4] traceId= c.w.a.g.log.RequestLoggingFilter - event=request_completed method=GET uri=/actuator/prometheus status=200 durationMs=324
2026-06-09 11:43:20 [INFO][module01-actuator] [http-nio-8080-exec-6] traceId= c.w.a.g.log.RequestLoggingFilter - event=request_started method=GET uri=/actuator/prometheus
2026-06-09 11:43:21 [INFO][module01-actuator] [http-nio-8080-exec-6] traceId= c.w.a.g.log.RequestLoggingFilter - event=request_completed method=GET uri=/actuator/prometheus status=200 durationMs=271
2026-06-09 11:43:25 [INFO][module01-actuator] [http-nio-8080-exec-9] traceId= c.w.a.g.log.RequestLoggingFilter - event=request_started method=GET uri=/actuator/prometheus
2026-06-09 11:43:26 [INFO][module01-actuator] [http-nio-8080-exec-9] traceId= c.w.a.g.log.RequestLoggingFilter - event=request_completed method=GET uri=/actuator/prometheus status=200 durationMs=347
2026-06-09 11:43:30 [INFO][module01-actuator] [http-nio-8080-exec-2] traceId= c.w.a.g.log.RequestLoggingFilter - event=request_started method=GET uri=/actuator/prometheus
2026-06-09 11:43:31 [INFO][module01-actuator] [http-nio-8080-exec-2] traceId= c.w.a.g.log.RequestLoggingFilter - event=request_completed method=GET uri=/actuator/prometheus status=200 durationMs=352
2026-06-09 11:43:35 [INFO][module01-actuator] [http-nio-8080-exec-3] traceId= c.w.a.g.log.RequestLoggingFilter - event=request_started method=GET uri=/actuator/prometheus
2026-06-09 11:43:36 [INFO][module01-actuator] [http-nio-8080-exec-3] traceId= c.w.a.g.log.RequestLoggingFilter - event=request_completed method=GET uri=/actuator/prometheus status=200 durationMs=336
2026-06-09 11:43:40 [INFO][module01-actuator] [http-nio-8080-exec-11] traceId= c.w.a.g.log.RequestLoggingFilter - event=request_started method=GET uri=/actuator/prometheus
2026-06-09 11:43:41 [INFO][module01-actuator] [http-nio-8080-exec-11] traceId= c.w.a.g.log.RequestLoggingFilter - event=request_completed method=GET uri=/actuator/prometheus status=200 durationMs=297
2026-06-09 11:43:45 [INFO][module01-actuator] [http-nio-8080-exec-8] traceId= c.w.a.g.log.RequestLoggingFilter - event=request_started method=GET uri=/actuator/prometheus
2026-06-09 11:43:46 [INFO][module01-actuator] [http-nio-8080-exec-8] traceId= c.w.a.g.log.RequestLoggingFilter - event=request_completed method=GET uri=/actuator/prometheus status=200 durationMs=271
2026-06-09 11:43:50 [INFO][module01-actuator] [http-nio-8080-exec-7] traceId= c.w.a.g.log.RequestLoggingFilter - event=request_started method=GET uri=/actuator/prometheus
2026-06-09 11:43:51 [INFO][module01-actuator] [http-nio-8080-exec-7] traceId= c.w.a.g.log.RequestLoggingFilter - event=request_completed method=GET uri=/actuator/prometheus status=200 durationMs=401
2026-06-09 11:43:55 [INFO][module01-actuator] [http-nio-8080-exec-1] traceId= c.w.a.g.log.RequestLoggingFilter - event=request_started method=GET uri=/actuator/prometheus
2026-06-09 11:43:56 [INFO][module01-actuator] [http-nio-8080-exec-1] traceId= c.w.a.g.log.RequestLoggingFilter - event=request_completed method=GET uri=/actuator/prometheus status=200 durationMs=550
2026-06-09 11:44:00 [INFO][module01-actuator] [http-nio-8080-exec-10] traceId= c.w.a.g.log.RequestLoggingFilter - event=request_started method=GET uri=/actuator/prometheus
2026-06-09 11:44:01 [INFO][module01-actuator] [http-nio-8080-exec-10] traceId= c.w.a.g.log.RequestLoggingFilter - event=request_completed method=GET uri=/actuator/prometheus status=200 durationMs=302
2026-06-09 11:44:05 [INFO][module01-actuator] [http-nio-8080-exec-5] traceId= c.w.a.g.log.RequestLoggingFilter - event=request_started method=GET uri=/actuator/prometheus
2026-06-09 11:44:06 [INFO][module01-actuator] [http-nio-8080-exec-5] traceId= c.w.a.g.log.RequestLoggingFilter - event=request_completed method=GET uri=/actuator/prometheus status=200 durationMs=344
2026-06-09 11:44:10 [INFO][module01-actuator] [http-nio-8080-exec-4] traceId= c.w.a.g.log.RequestLoggingFilter - event=request_started method=GET uri=/actuator/prometheus
2026-06-09 11:44:11 [INFO][module01-actuator] [http-nio-8080-exec-4] traceId= c.w.a.g.log.RequestLoggingFilter - event=request_completed method=GET uri=/actuator/prometheus status=200 durationMs=267
2026-06-09 11:44:15 [INFO][module01-actuator] [http-nio-8080-exec-6] traceId= c.w.a.g.log.RequestLoggingFilter - event=request_started method=GET uri=/actuator/prometheus
2026-06-09 11:44:16 [INFO][module01-actuator] [http-nio-8080-exec-6] traceId= c.w.a.g.log.RequestLoggingFilter - event=request_completed method=GET uri=/actuator/prometheus status=200 durationMs=245
2026-06-09 11:44:20 [INFO][module01-actuator] [http-nio-8080-exec-9] traceId= c.w.a.g.log.RequestLoggingFilter - event=request_started method=GET uri=/actuator/prometheus
2026-06-09 11:44:21 [INFO][module01-actuator] [http-nio-8080-exec-9] traceId= c.w.a.g.log.RequestLoggingFilter - event=request_completed method=GET uri=/actuator/prometheus status=200 durationMs=213
2026-06-09 11:44:25 [INFO][module01-actuator] [http-nio-8080-exec-2] traceId= c.w.a.g.log.RequestLoggingFilter - event=request_started method=GET uri=/actuator/prometheus
2026-06-09 11:44:26 [INFO][module01-actuator] [http-nio-8080-exec-2] traceId= c.w.a.g.log.RequestLoggingFilter - event=request_completed method=GET uri=/actuator/prometheus status=200 durationMs=241
2026-06-09 11:44:30 [INFO][module01-actuator] [http-nio-8080-exec-3] traceId= c.w.a.g.log.RequestLoggingFilter - event=request_started method=GET uri=/actuator/prometheus
2026-06-09 11:44:31 [INFO][module01-actuator] [http-nio-8080-exec-3] traceId= c.w.a.g.log.RequestLoggingFilter - event=request_completed method=GET uri=/actuator/prometheus status=200 durationMs=192
2026-06-09 11:44:35 [INFO][module01-actuator] [http-nio-8080-exec-11] traceId= c.w.a.g.log.RequestLoggingFilter - event=request_started method=GET uri=/actuator/prometheus
2026-06-09 11:44:36 [INFO][module01-actuator] [http-nio-8080-exec-11] traceId= c.w.a.g.log.RequestLoggingFilter - event=request_completed method=GET uri=/actuator/prometheus status=200 durationMs=227
2026-06-09 11:44:40 [INFO][module01-actuator] [http-nio-8080-exec-8] traceId= c.w.a.g.log.RequestLoggingFilter - event=request_started method=GET uri=/actuator/prometheus
2026-06-09 11:44:41 [INFO][module01-actuator] [http-nio-8080-exec-8] traceId= c.w.a.g.log.RequestLoggingFilter - event=request_completed method=GET uri=/actuator/prometheus status=200 durationMs=230
2026-06-09 11:44:45 [INFO][module01-actuator] [http-nio-8080-exec-7] traceId= c.w.a.g.log.RequestLoggingFilter - event=request_started method=GET uri=/actuator/prometheus
2026-06-09 11:44:46 [INFO][module01-actuator] [http-nio-8080-exec-7] traceId= c.w.a.g.log.RequestLoggingFilter - event=request_completed method=GET uri=/actuator/prometheus status=200 durationMs=334
2026-06-09 11:44:50 [INFO][module01-actuator] [http-nio-8080-exec-1] traceId= c.w.a.g.log.RequestLoggingFilter - event=request_started method=GET uri=/actuator/prometheus
2026-06-09 11:44:51 [INFO][module01-actuator] [http-nio-8080-exec-1] traceId= c.w.a.g.log.RequestLoggingFilter - event=request_completed method=GET uri=/actuator/prometheus status=200 durationMs=359
2026-06-09 11:44:55 [INFO][module01-actuator] [http-nio-8080-exec-10] traceId= c.w.a.g.log.RequestLoggingFilter - event=request_started method=GET uri=/actuator/prometheus
2026-06-09 11:44:56 [INFO][module01-actuator] [http-nio-8080-exec-10] traceId= c.w.a.g.log.RequestLoggingFilter - event=request_completed method=GET uri=/actuator/prometheus status=200 durationMs=334
2026-06-09 11:45:00 [INFO][module01-actuator] [http-nio-8080-exec-5] traceId= c.w.a.g.log.RequestLoggingFilter - event=request_started method=GET uri=/actuator/prometheus
2026-06-09 11:45:01 [INFO][module01-actuator] [http-nio-8080-exec-5] traceId= c.w.a.g.log.RequestLoggingFilter - event=request_completed method=GET uri=/actuator/prometheus status=200 durationMs=253
2026-06-09 11:45:05 [INFO][module01-actuator] [http-nio-8080-exec-4] traceId= c.w.a.g.log.RequestLoggingFilter - event=request_started method=GET uri=/actuator/prometheus
2026-06-09 11:45:06 [INFO][module01-actuator] [http-nio-8080-exec-4] traceId= c.w.a.g.log.RequestLoggingFilter - event=request_completed method=GET uri=/actuator/prometheus status=200 durationMs=252
2026-06-09 11:45:10 [INFO][module01-actuator] [http-nio-8080-exec-6] traceId= c.w.a.g.log.RequestLoggingFilter - event=request_started method=GET uri=/actuator/prometheus
2026-06-09 11:45:11 [INFO][module01-actuator] [http-nio-8080-exec-6] traceId= c.w.a.g.log.RequestLoggingFilter - event=request_completed method=GET uri=/actuator/prometheus status=200 durationMs=259
2026-06-09 11:45:15 [INFO][module01-actuator] [http-nio-8080-exec-9] traceId= c.w.a.g.log.RequestLoggingFilter - event=request_started method=GET uri=/actuator/prometheus
2026-06-09 11:45:16 [INFO][module01-actuator] [http-nio-8080-exec-9] traceId= c.w.a.g.log.RequestLoggingFilter - event=request_completed method=GET uri=/actuator/prometheus status=200 durationMs=215
2026-06-09 11:45:20 [INFO][module01-actuator] [http-nio-8080-exec-2] traceId= c.w.a.g.log.RequestLoggingFilter - event=request_started method=GET uri=/actuator/prometheus
2026-06-09 11:45:21 [INFO][module01-actuator] [http-nio-8080-exec-2] traceId= c.w.a.g.log.RequestLoggingFilter - event=request_completed method=GET uri=/actuator/prometheus status=200 durationMs=223
2026-06-09 11:45:25 [INFO][module01-actuator] [http-nio-8080-exec-3] traceId= c.w.a.g.log.RequestLoggingFilter - event=request_started method=GET uri=/actuator/prometheus
2026-06-09 11:45:26 [INFO][module01-actuator] [http-nio-8080-exec-3] traceId= c.w.a.g.log.RequestLoggingFilter - event=request_completed method=GET uri=/actuator/prometheus status=200 durationMs=267
2026-06-09 11:45:30 [INFO][module01-actuator] [http-nio-8080-exec-11] traceId= c.w.a.g.log.RequestLoggingFilter - event=request_started method=GET uri=/actuator/prometheus
2026-06-09 11:45:31 [INFO][module01-actuator] [http-nio-8080-exec-11] traceId= c.w.a.g.log.RequestLoggingFilter - event=request_completed method=GET uri=/actuator/prometheus status=200 durationMs=251
2026-06-09 11:45:35 [INFO][module01-actuator] [http-nio-8080-exec-8] traceId= c.w.a.g.log.RequestLoggingFilter - event=request_started method=GET uri=/actuator/prometheus
2026-06-09 11:45:36 [INFO][module01-actuator] [http-nio-8080-exec-8] traceId= c.w.a.g.log.RequestLoggingFilter - event=request_completed method=GET uri=/actuator/prometheus status=200 durationMs=238
2026-06-09 11:45:40 [INFO][module01-actuator] [http-nio-8080-exec-7] traceId= c.w.a.g.log.RequestLoggingFilter - event=request_started method=GET uri=/actuator/prometheus
2026-06-09 11:45:41 [INFO][module01-actuator] [http-nio-8080-exec-7] traceId= c.w.a.g.log.RequestLoggingFilter - event=request_completed method=GET uri=/actuator/prometheus status=200 durationMs=303
2026-06-09 11:45:45 [INFO][module01-actuator] [http-nio-8080-exec-1] traceId= c.w.a.g.log.RequestLoggingFilter - event=request_started method=GET uri=/actuator/prometheus
2026-06-09 11:45:46 [INFO][module01-actuator] [http-nio-8080-exec-1] traceId= c.w.a.g.log.RequestLoggingFilter - event=request_completed method=GET uri=/actuator/prometheus status=200 durationMs=189
2026-06-09 11:45:50 [INFO][module01-actuator] [http-nio-8080-exec-10] traceId= c.w.a.g.log.RequestLoggingFilter - event=request_started method=GET uri=/actuator/prometheus
2026-06-09 11:45:51 [INFO][module01-actuator] [http-nio-8080-exec-10] traceId= c.w.a.g.log.RequestLoggingFilter - event=request_completed method=GET uri=/actuator/prometheus status=200 durationMs=241
2026-06-09 11:45:55 [INFO][module01-actuator] [http-nio-8080-exec-5] traceId= c.w.a.g.log.RequestLoggingFilter - event=request_started method=GET uri=/actuator/prometheus
2026-06-09 11:45:56 [INFO][module01-actuator] [http-nio-8080-exec-5] traceId= c.w.a.g.log.RequestLoggingFilter - event=request_completed method=GET uri=/actuator/prometheus status=200 durationMs=222
2026-06-09 11:46:00 [INFO][module01-actuator] [http-nio-8080-exec-4] traceId= c.w.a.g.log.RequestLoggingFilter - event=request_started method=GET uri=/actuator/prometheus
2026-06-09 11:46:01 [INFO][module01-actuator] [http-nio-8080-exec-4] traceId= c.w.a.g.log.RequestLoggingFilter - event=request_completed method=GET uri=/actuator/prometheus status=200 durationMs=195
2026-06-09 11:46:05 [INFO][module01-actuator] [http-nio-8080-exec-6] traceId= c.w.a.g.log.RequestLoggingFilter - event=request_started method=GET uri=/actuator/prometheus
2026-06-09 11:46:06 [INFO][module01-actuator] [http-nio-8080-exec-6] traceId= c.w.a.g.log.RequestLoggingFilter - event=request_completed method=GET uri=/actuator/prometheus status=200 durationMs=286
2026-06-09 11:46:10 [INFO][module01-actuator] [http-nio-8080-exec-9] traceId= c.w.a.g.log.RequestLoggingFilter - event=request_started method=GET uri=/actuator/prometheus
2026-06-09 11:46:11 [INFO][module01-actuator] [http-nio-8080-exec-9] traceId= c.w.a.g.log.RequestLoggingFilter - event=request_completed method=GET uri=/actuator/prometheus status=200 durationMs=155
2026-06-09 11:46:15 [INFO][module01-actuator] [http-nio-8080-exec-2] traceId= c.w.a.g.log.RequestLoggingFilter - event=request_started method=GET uri=/actuator/prometheus
2026-06-09 11:46:16 [INFO][module01-actuator] [http-nio-8080-exec-2] traceId= c.w.a.g.log.RequestLoggingFilter - event=request_completed method=GET uri=/actuator/prometheus status=200 durationMs=245
2026-06-09 11:46:20 [INFO][module01-actuator] [http-nio-8080-exec-3] traceId= c.w.a.g.log.RequestLoggingFilter - event=request_started method=GET uri=/actuator/prometheus
2026-06-09 11:46:21 [INFO][module01-actuator] [http-nio-8080-exec-3] traceId= c.w.a.g.log.RequestLoggingFilter - event=request_completed method=GET uri=/actuator/prometheus status=200 durationMs=246
2026-06-09 11:46:25 [INFO][module01-actuator] [http-nio-8080-exec-11] traceId= c.w.a.g.log.RequestLoggingFilter - event=request_started method=GET uri=/actuator/prometheus
2026-06-09 11:46:26 [INFO][module01-actuator] [http-nio-8080-exec-11] traceId= c.w.a.g.log.RequestLoggingFilter - event=request_completed method=GET uri=/actuator/prometheus status=200 durationMs=238
2026-06-09 11:46:30 [INFO][module01-actuator] [http-nio-8080-exec-8] traceId= c.w.a.g.log.RequestLoggingFilter - event=request_started method=GET uri=/actuator/prometheus
2026-06-09 11:46:31 [INFO][module01-actuator] [http-nio-8080-exec-8] traceId= c.w.a.g.log.RequestLoggingFilter - event=request_completed method=GET uri=/actuator/prometheus status=200 durationMs=242
2026-06-09 11:46:35 [INFO][module01-actuator] [http-nio-8080-exec-7] traceId= c.w.a.g.log.RequestLoggingFilter - event=request_started method=GET uri=/actuator/prometheus
2026-06-09 11:46:36 [INFO][module01-actuator] [http-nio-8080-exec-7] traceId= c.w.a.g.log.RequestLoggingFilter - event=request_completed method=GET uri=/actuator/prometheus status=200 durationMs=230
2026-06-09 11:46:40 [INFO][module01-actuator] [http-nio-8080-exec-1] traceId= c.w.a.g.log.RequestLoggingFilter - event=request_started method=GET uri=/actuator/prometheus
2026-06-09 11:46:41 [INFO][module01-actuator] [http-nio-8080-exec-1] traceId= c.w.a.g.log.RequestLoggingFilter - event=request_completed method=GET uri=/actuator/prometheus status=200 durationMs=198
2026-06-09 11:46:45 [INFO][module01-actuator] [http-nio-8080-exec-10] traceId= c.w.a.g.log.RequestLoggingFilter - event=request_started method=GET uri=/actuator/prometheus
2026-06-09 11:46:46 [INFO][module01-actuator] [http-nio-8080-exec-10] traceId= c.w.a.g.log.RequestLoggingFilter - event=request_completed method=GET uri=/actuator/prometheus status=200 durationMs=455
2026-06-09 11:46:50 [INFO][module01-actuator] [http-nio-8080-exec-5] traceId= c.w.a.g.log.RequestLoggingFilter - event=request_started method=GET uri=/actuator/prometheus
2026-06-09 11:46:51 [INFO][module01-actuator] [http-nio-8080-exec-5] traceId= c.w.a.g.log.RequestLoggingFilter - event=request_completed method=GET uri=/actuator/prometheus status=200 durationMs=293
2026-06-09 11:46:55 [INFO][module01-actuator] [http-nio-8080-exec-4] traceId= c.w.a.g.log.RequestLoggingFilter - event=request_started method=GET uri=/actuator/prometheus
2026-06-09 11:46:56 [INFO][module01-actuator] [http-nio-8080-exec-4] traceId= c.w.a.g.log.RequestLoggingFilter - event=request_completed method=GET uri=/actuator/prometheus status=200 durationMs=306
2026-06-09 11:47:00 [INFO][module01-actuator] [http-nio-8080-exec-6] traceId= c.w.a.g.log.RequestLoggingFilter - event=request_started method=GET uri=/actuator/prometheus
2026-06-09 11:47:01 [INFO][module01-actuator] [http-nio-8080-exec-6] traceId= c.w.a.g.log.RequestLoggingFilter - event=request_completed method=GET uri=/actuator/prometheus status=200 durationMs=245
2026-06-09 11:47:05 [INFO][module01-actuator] [http-nio-8080-exec-9] traceId= c.w.a.g.log.RequestLoggingFilter - event=request_started method=GET uri=/actuator/prometheus
2026-06-09 11:47:06 [INFO][module01-actuator] [http-nio-8080-exec-9] traceId= c.w.a.g.log.RequestLoggingFilter - event=request_completed method=GET uri=/actuator/prometheus status=200 durationMs=264
2026-06-09 11:47:10 [INFO][module01-actuator] [http-nio-8080-exec-2] traceId= c.w.a.g.log.RequestLoggingFilter - event=request_started method=GET uri=/actuator/prometheus
2026-06-09 11:47:11 [INFO][module01-actuator] [http-nio-8080-exec-2] traceId= c.w.a.g.log.RequestLoggingFilter - event=request_completed method=GET uri=/actuator/prometheus status=200 durationMs=304
2026-06-09 11:47:15 [INFO][module01-actuator] [http-nio-8080-exec-3] traceId= c.w.a.g.log.RequestLoggingFilter - event=request_started method=GET uri=/actuator/prometheus
2026-06-09 11:47:16 [INFO][module01-actuator] [http-nio-8080-exec-3] traceId= c.w.a.g.log.RequestLoggingFilter - event=request_completed method=GET uri=/actuator/prometheus status=200 durationMs=273
2026-06-09 11:47:20 [INFO][module01-actuator] [http-nio-8080-exec-11] traceId= c.w.a.g.log.RequestLoggingFilter - event=request_started method=GET uri=/actuator/prometheus
2026-06-09 11:47:21 [INFO][module01-actuator] [http-nio-8080-exec-11] traceId= c.w.a.g.log.RequestLoggingFilter - event=request_completed method=GET uri=/actuator/prometheus status=200 durationMs=324
2026-06-09 11:47:25 [INFO][module01-actuator] [http-nio-8080-exec-8] traceId= c.w.a.g.log.RequestLoggingFilter - event=request_started method=GET uri=/actuator/prometheus
2026-06-09 11:47:26 [INFO][module01-actuator] [http-nio-8080-exec-8] traceId= c.w.a.g.log.RequestLoggingFilter - event=request_completed method=GET uri=/actuator/prometheus status=200 durationMs=282
2026-06-09 11:47:30 [INFO][module01-actuator] [http-nio-8080-exec-7] traceId= c.w.a.g.log.RequestLoggingFilter - event=request_started method=GET uri=/actuator/prometheus
2026-06-09 11:47:31 [INFO][module01-actuator] [http-nio-8080-exec-7] traceId= c.w.a.g.log.RequestLoggingFilter - event=request_completed method=GET uri=/actuator/prometheus status=200 durationMs=283
2026-06-09 11:47:35 [INFO][module01-actuator] [http-nio-8080-exec-1] traceId= c.w.a.g.log.RequestLoggingFilter - event=request_started method=GET uri=/actuator/prometheus
2026-06-09 11:47:36 [INFO][module01-actuator] [http-nio-8080-exec-1] traceId= c.w.a.g.log.RequestLoggingFilter - event=request_completed method=GET uri=/actuator/prometheus status=200 durationMs=179
2026-06-09 11:47:40 [INFO][module01-actuator] [http-nio-8080-exec-10] traceId= c.w.a.g.log.RequestLoggingFilter - event=request_started method=GET uri=/actuator/prometheus
2026-06-09 11:47:41 [INFO][module01-actuator] [http-nio-8080-exec-10] traceId= c.w.a.g.log.RequestLoggingFilter - event=request_completed method=GET uri=/actuator/prometheus status=200 durationMs=245
2026-06-09 11:47:45 [INFO][module01-actuator] [http-nio-8080-exec-5] traceId= c.w.a.g.log.RequestLoggingFilter - event=request_started method=GET uri=/actuator/prometheus
2026-06-09 11:47:46 [INFO][module01-actuator] [http-nio-8080-exec-5] traceId= c.w.a.g.log.RequestLoggingFilter - event=request_completed method=GET uri=/actuator/prometheus status=200 durationMs=204
2026-06-09 11:47:50 [INFO][module01-actuator] [http-nio-8080-exec-4] traceId= c.w.a.g.log.RequestLoggingFilter - event=request_started method=GET uri=/actuator/prometheus
2026-06-09 11:47:51 [INFO][module01-actuator] [http-nio-8080-exec-4] traceId= c.w.a.g.log.RequestLoggingFilter - event=request_completed method=GET uri=/actuator/prometheus status=200 durationMs=281
2026-06-09 11:47:55 [INFO][module01-actuator] [http-nio-8080-exec-6] traceId= c.w.a.g.log.RequestLoggingFilter - event=request_started method=GET uri=/actuator/prometheus
2026-06-09 11:47:56 [INFO][module01-actuator] [http-nio-8080-exec-6] traceId= c.w.a.g.log.RequestLoggingFilter - event=request_completed method=GET uri=/actuator/prometheus status=200 durationMs=177
2026-06-09 11:48:00 [INFO][module01-actuator] [http-nio-8080-exec-9] traceId= c.w.a.g.log.RequestLoggingFilter - event=request_started method=GET uri=/actuator/prometheus
2026-06-09 11:48:01 [INFO][module01-actuator] [http-nio-8080-exec-9] traceId= c.w.a.g.log.RequestLoggingFilter - event=request_completed method=GET uri=/actuator/prometheus status=200 durationMs=268
2026-06-09 11:48:05 [INFO][module01-actuator] [http-nio-8080-exec-2] traceId= c.w.a.g.log.RequestLoggingFilter - event=request_started method=GET uri=/actuator/prometheus
2026-06-09 11:48:06 [INFO][module01-actuator] [http-nio-8080-exec-2] traceId= c.w.a.g.log.RequestLoggingFilter - event=request_completed method=GET uri=/actuator/prometheus status=200 durationMs=184
2026-06-09 11:48:10 [INFO][module01-actuator] [http-nio-8080-exec-3] traceId= c.w.a.g.log.RequestLoggingFilter - event=request_started method=GET uri=/actuator/prometheus
2026-06-09 11:48:11 [INFO][module01-actuator] [http-nio-8080-exec-3] traceId= c.w.a.g.log.RequestLoggingFilter - event=request_completed method=GET uri=/actuator/prometheus status=200 durationMs=207
2026-06-09 11:48:15 [INFO][module01-actuator] [http-nio-8080-exec-11] traceId= c.w.a.g.log.RequestLoggingFilter - event=request_started method=GET uri=/actuator/prometheus
2026-06-09 11:48:16 [INFO][module01-actuator] [http-nio-8080-exec-11] traceId= c.w.a.g.log.RequestLoggingFilter - event=request_completed method=GET uri=/actuator/prometheus status=200 durationMs=358
2026-06-09 11:48:20 [INFO][module01-actuator] [http-nio-8080-exec-8] traceId= c.w.a.g.log.RequestLoggingFilter - event=request_started method=GET uri=/actuator/prometheus
2026-06-09 11:48:21 [INFO][module01-actuator] [http-nio-8080-exec-8] traceId= c.w.a.g.log.RequestLoggingFilter - event=request_completed method=GET uri=/actuator/prometheus status=200 durationMs=219
2026-06-09 11:48:25 [INFO][module01-actuator] [http-nio-8080-exec-7] traceId= c.w.a.g.log.RequestLoggingFilter - event=request_started method=GET uri=/actuator/prometheus
2026-06-09 11:48:26 [INFO][module01-actuator] [http-nio-8080-exec-7] traceId= c.w.a.g.log.RequestLoggingFilter - event=request_completed method=GET uri=/actuator/prometheus status=200 durationMs=507
2026-06-09 11:48:30 [INFO][module01-actuator] [http-nio-8080-exec-1] traceId= c.w.a.g.log.RequestLoggingFilter - event=request_started method=GET uri=/actuator/prometheus
2026-06-09 11:48:31 [INFO][module01-actuator] [http-nio-8080-exec-1] traceId= c.w.a.g.log.RequestLoggingFilter - event=request_completed method=GET uri=/actuator/prometheus status=200 durationMs=323
2026-06-09 11:48:35 [INFO][module01-actuator] [http-nio-8080-exec-10] traceId= c.w.a.g.log.RequestLoggingFilter - event=request_started method=GET uri=/actuator/prometheus
2026-06-09 11:48:36 [INFO][module01-actuator] [http-nio-8080-exec-10] traceId= c.w.a.g.log.RequestLoggingFilter - event=request_completed method=GET uri=/actuator/prometheus status=200 durationMs=169
2026-06-09 11:48:40 [INFO][module01-actuator] [http-nio-8080-exec-5] traceId= c.w.a.g.log.RequestLoggingFilter - event=request_started method=GET uri=/actuator/prometheus
2026-06-09 11:48:41 [INFO][module01-actuator] [http-nio-8080-exec-5] traceId= c.w.a.g.log.RequestLoggingFilter - event=request_completed method=GET uri=/actuator/prometheus status=200 durationMs=349
2026-06-09 11:48:45 [INFO][module01-actuator] [http-nio-8080-exec-4] traceId= c.w.a.g.log.RequestLoggingFilter - event=request_started method=GET uri=/actuator/prometheus
2026-06-09 11:48:46 [INFO][module01-actuator] [http-nio-8080-exec-4] traceId= c.w.a.g.log.RequestLoggingFilter - event=request_completed method=GET uri=/actuator/prometheus status=200 durationMs=299
2026-06-09 11:48:50 [INFO][module01-actuator] [http-nio-8080-exec-6] traceId= c.w.a.g.log.RequestLoggingFilter - event=request_started method=GET uri=/actuator/prometheus
2026-06-09 11:48:51 [INFO][module01-actuator] [http-nio-8080-exec-6] traceId= c.w.a.g.log.RequestLoggingFilter - event=request_completed method=GET uri=/actuator/prometheus status=200 durationMs=239
2026-06-09 11:48:55 [INFO][module01-actuator] [http-nio-8080-exec-9] traceId= c.w.a.g.log.RequestLoggingFilter - event=request_started method=GET uri=/actuator/prometheus
2026-06-09 11:48:56 [INFO][module01-actuator] [http-nio-8080-exec-9] traceId= c.w.a.g.log.RequestLoggingFilter - event=request_completed method=GET uri=/actuator/prometheus status=200 durationMs=214
2026-06-09 11:49:00 [INFO][module01-actuator] [http-nio-8080-exec-2] traceId= c.w.a.g.log.RequestLoggingFilter - event=request_started method=GET uri=/actuator/prometheus
2026-06-09 11:49:01 [INFO][module01-actuator] [http-nio-8080-exec-2] traceId= c.w.a.g.log.RequestLoggingFilter - event=request_completed method=GET uri=/actuator/prometheus status=200 durationMs=287
2026-06-09 11:49:05 [INFO][module01-actuator] [http-nio-8080-exec-3] traceId= c.w.a.g.log.RequestLoggingFilter - event=request_started method=GET uri=/actuator/prometheus
2026-06-09 11:49:06 [INFO][module01-actuator] [http-nio-8080-exec-3] traceId= c.w.a.g.log.RequestLoggingFilter - event=request_completed method=GET uri=/actuator/prometheus status=200 durationMs=360
2026-06-09 11:49:10 [INFO][module01-actuator] [http-nio-8080-exec-11] traceId= c.w.a.g.log.RequestLoggingFilter - event=request_started method=GET uri=/actuator/prometheus
2026-06-09 11:49:11 [INFO][module01-actuator] [http-nio-8080-exec-11] traceId= c.w.a.g.log.RequestLoggingFilter - event=request_completed method=GET uri=/actuator/prometheus status=200 durationMs=274
2026-06-09 11:49:15 [INFO][module01-actuator] [http-nio-8080-exec-8] traceId= c.w.a.g.log.RequestLoggingFilter - event=request_started method=GET uri=/actuator/prometheus
2026-06-09 11:49:16 [INFO][module01-actuator] [http-nio-8080-exec-8] traceId= c.w.a.g.log.RequestLoggingFilter - event=request_completed method=GET uri=/actuator/prometheus status=200 durationMs=368
2026-06-09 11:49:20 [INFO][module01-actuator] [http-nio-8080-exec-7] traceId= c.w.a.g.log.RequestLoggingFilter - event=request_started method=GET uri=/actuator/prometheus
2026-06-09 11:49:21 [INFO][module01-actuator] [http-nio-8080-exec-7] traceId= c.w.a.g.log.RequestLoggingFilter - event=request_completed method=GET uri=/actuator/prometheus status=200 durationMs=202
2026-06-09 11:49:25 [INFO][module01-actuator] [http-nio-8080-exec-1] traceId= c.w.a.g.log.RequestLoggingFilter - event=request_started method=GET uri=/actuator/prometheus
2026-06-09 11:49:26 [INFO][module01-actuator] [http-nio-8080-exec-1] traceId= c.w.a.g.log.RequestLoggingFilter - event=request_completed method=GET uri=/actuator/prometheus status=200 durationMs=249
2026-06-09 11:49:30 [INFO][module01-actuator] [http-nio-8080-exec-10] traceId= c.w.a.g.log.RequestLoggingFilter - event=request_started method=GET uri=/actuator/prometheus
2026-06-09 11:49:31 [INFO][module01-actuator] [http-nio-8080-exec-10] traceId= c.w.a.g.log.RequestLoggingFilter - event=request_completed method=GET uri=/actuator/prometheus status=200 durationMs=385
2026-06-09 11:49:35 [INFO][module01-actuator] [http-nio-8080-exec-5] traceId= c.w.a.g.log.RequestLoggingFilter - event=request_started method=GET uri=/actuator/prometheus
2026-06-09 11:49:36 [INFO][module01-actuator] [http-nio-8080-exec-5] traceId= c.w.a.g.log.RequestLoggingFilter - event=request_completed method=GET uri=/actuator/prometheus status=200 durationMs=401
2026-06-09 11:49:40 [INFO][module01-actuator] [http-nio-8080-exec-4] traceId= c.w.a.g.log.RequestLoggingFilter - event=request_started method=GET uri=/actuator/prometheus
2026-06-09 11:49:41 [INFO][module01-actuator] [http-nio-8080-exec-4] traceId= c.w.a.g.log.RequestLoggingFilter - event=request_completed method=GET uri=/actuator/prometheus status=200 durationMs=395
2026-06-09 11:49:45 [INFO][module01-actuator] [http-nio-8080-exec-6] traceId= c.w.a.g.log.RequestLoggingFilter - event=request_started method=GET uri=/actuator/prometheus
2026-06-09 11:49:46 [INFO][module01-actuator] [http-nio-8080-exec-6] traceId= c.w.a.g.log.RequestLoggingFilter - event=request_completed method=GET uri=/actuator/prometheus status=200 durationMs=289
2026-06-09 11:49:50 [INFO][module01-actuator] [http-nio-8080-exec-9] traceId= c.w.a.g.log.RequestLoggingFilter - event=request_started method=GET uri=/actuator/prometheus
2026-06-09 11:49:51 [INFO][module01-actuator] [http-nio-8080-exec-9] traceId= c.w.a.g.log.RequestLoggingFilter - event=request_completed method=GET uri=/actuator/prometheus status=200 durationMs=177
2026-06-09 11:49:55 [INFO][module01-actuator] [http-nio-8080-exec-2] traceId= c.w.a.g.log.RequestLoggingFilter - event=request_started method=GET uri=/actuator/prometheus
2026-06-09 11:49:56 [INFO][module01-actuator] [http-nio-8080-exec-2] traceId= c.w.a.g.log.RequestLoggingFilter - event=request_completed method=GET uri=/actuator/prometheus status=200 durationMs=200
2026-06-09 11:50:00 [INFO][module01-actuator] [http-nio-8080-exec-3] traceId= c.w.a.g.log.RequestLoggingFilter - event=request_started method=GET uri=/actuator/prometheus
2026-06-09 11:50:01 [INFO][module01-actuator] [http-nio-8080-exec-3] traceId= c.w.a.g.log.RequestLoggingFilter - event=request_completed method=GET uri=/actuator/prometheus status=200 durationMs=218
2026-06-09 11:50:05 [INFO][module01-actuator] [http-nio-8080-exec-11] traceId= c.w.a.g.log.RequestLoggingFilter - event=request_started method=GET uri=/actuator/prometheus
2026-06-09 11:50:06 [INFO][module01-actuator] [http-nio-8080-exec-11] traceId= c.w.a.g.log.RequestLoggingFilter - event=request_completed method=GET uri=/actuator/prometheus status=200 durationMs=193
2026-06-09 11:50:10 [INFO][module01-actuator] [http-nio-8080-exec-8] traceId= c.w.a.g.log.RequestLoggingFilter - event=request_started method=GET uri=/actuator/prometheus
2026-06-09 11:50:11 [INFO][module01-actuator] [http-nio-8080-exec-8] traceId= c.w.a.g.log.RequestLoggingFilter - event=request_completed method=GET uri=/actuator/prometheus status=200 durationMs=244
2026-06-09 11:50:15 [INFO][module01-actuator] [http-nio-8080-exec-7] traceId= c.w.a.g.log.RequestLoggingFilter - event=request_started method=GET uri=/actuator/prometheus
2026-06-09 11:50:16 [INFO][module01-actuator] [http-nio-8080-exec-7] traceId= c.w.a.g.log.RequestLoggingFilter - event=request_completed method=GET uri=/actuator/prometheus status=200 durationMs=575
2026-06-09 11:50:20 [INFO][module01-actuator] [http-nio-8080-exec-1] traceId= c.w.a.g.log.RequestLoggingFilter - event=request_started method=GET uri=/actuator/prometheus
2026-06-09 11:50:21 [INFO][module01-actuator] [http-nio-8080-exec-1] traceId= c.w.a.g.log.RequestLoggingFilter - event=request_completed method=GET uri=/actuator/prometheus status=200 durationMs=561
2026-06-09 11:50:25 [INFO][module01-actuator] [http-nio-8080-exec-10] traceId= c.w.a.g.log.RequestLoggingFilter - event=request_started method=GET uri=/actuator/prometheus
2026-06-09 11:50:26 [INFO][module01-actuator] [http-nio-8080-exec-10] traceId= c.w.a.g.log.RequestLoggingFilter - event=request_completed method=GET uri=/actuator/prometheus status=200 durationMs=509
2026-06-09 11:50:30 [INFO][module01-actuator] [http-nio-8080-exec-5] traceId= c.w.a.g.log.RequestLoggingFilter - event=request_started method=GET uri=/actuator/prometheus
2026-06-09 11:50:31 [INFO][module01-actuator] [http-nio-8080-exec-5] traceId= c.w.a.g.log.RequestLoggingFilter - event=request_completed method=GET uri=/actuator/prometheus status=200 durationMs=221
2026-06-09 11:50:35 [INFO][module01-actuator] [http-nio-8080-exec-4] traceId= c.w.a.g.log.RequestLoggingFilter - event=request_started method=GET uri=/actuator/prometheus
2026-06-09 11:50:36 [INFO][module01-actuator] [http-nio-8080-exec-4] traceId= c.w.a.g.log.RequestLoggingFilter - event=request_completed method=GET uri=/actuator/prometheus status=200 durationMs=207
2026-06-09 11:50:40 [INFO][module01-actuator] [http-nio-8080-exec-6] traceId= c.w.a.g.log.RequestLoggingFilter - event=request_started method=GET uri=/actuator/prometheus
2026-06-09 11:50:41 [INFO][module01-actuator] [http-nio-8080-exec-6] traceId= c.w.a.g.log.RequestLoggingFilter - event=request_completed method=GET uri=/actuator/prometheus status=200 durationMs=548
2026-06-09 11:50:45 [INFO][module01-actuator] [http-nio-8080-exec-9] traceId= c.w.a.g.log.RequestLoggingFilter - event=request_started method=GET uri=/actuator/prometheus
2026-06-09 11:50:46 [INFO][module01-actuator] [http-nio-8080-exec-9] traceId= c.w.a.g.log.RequestLoggingFilter - event=request_completed method=GET uri=/actuator/prometheus status=200 durationMs=329
2026-06-09 11:50:50 [INFO][module01-actuator] [http-nio-8080-exec-2] traceId= c.w.a.g.log.RequestLoggingFilter - event=request_started method=GET uri=/actuator/prometheus
2026-06-09 11:50:51 [INFO][module01-actuator] [http-nio-8080-exec-2] traceId= c.w.a.g.log.RequestLoggingFilter - event=request_completed method=GET uri=/actuator/prometheus status=200 durationMs=309
2026-06-09 11:50:55 [INFO][module01-actuator] [http-nio-8080-exec-3] traceId= c.w.a.g.log.RequestLoggingFilter - event=request_started method=GET uri=/actuator/prometheus
2026-06-09 11:50:56 [INFO][module01-actuator] [http-nio-8080-exec-3] traceId= c.w.a.g.log.RequestLoggingFilter - event=request_completed method=GET uri=/actuator/prometheus status=200 durationMs=321
2026-06-09 11:51:00 [INFO][module01-actuator] [http-nio-8080-exec-11] traceId= c.w.a.g.log.RequestLoggingFilter - event=request_started method=GET uri=/actuator/prometheus
2026-06-09 11:51:01 [INFO][module01-actuator] [http-nio-8080-exec-11] traceId= c.w.a.g.log.RequestLoggingFilter - event=request_completed method=GET uri=/actuator/prometheus status=200 durationMs=326
2026-06-09 11:51:05 [INFO][module01-actuator] [http-nio-8080-exec-8] traceId= c.w.a.g.log.RequestLoggingFilter - event=request_started method=GET uri=/actuator/prometheus
2026-06-09 11:51:06 [INFO][module01-actuator] [http-nio-8080-exec-8] traceId= c.w.a.g.log.RequestLoggingFilter - event=request_completed method=GET uri=/actuator/prometheus status=200 durationMs=329
2026-06-09 11:51:10 [INFO][module01-actuator] [http-nio-8080-exec-7] traceId= c.w.a.g.log.RequestLoggingFilter - event=request_started method=GET uri=/actuator/prometheus
2026-06-09 11:51:11 [INFO][module01-actuator] [http-nio-8080-exec-7] traceId= c.w.a.g.log.RequestLoggingFilter - event=request_completed method=GET uri=/actuator/prometheus status=200 durationMs=216
2026-06-09 11:51:15 [INFO][module01-actuator] [http-nio-8080-exec-1] traceId= c.w.a.g.log.RequestLoggingFilter - event=request_started method=GET uri=/actuator/prometheus
2026-06-09 11:51:16 [INFO][module01-actuator] [http-nio-8080-exec-1] traceId= c.w.a.g.log.RequestLoggingFilter - event=request_completed method=GET uri=/actuator/prometheus status=200 durationMs=393
2026-06-09 11:51:20 [INFO][module01-actuator] [http-nio-8080-exec-10] traceId= c.w.a.g.log.RequestLoggingFilter - event=request_started method=GET uri=/actuator/prometheus
2026-06-09 11:51:21 [INFO][module01-actuator] [http-nio-8080-exec-10] traceId= c.w.a.g.log.RequestLoggingFilter - event=request_completed method=GET uri=/actuator/prometheus status=200 durationMs=531
2026-06-09 11:51:25 [INFO][module01-actuator] [http-nio-8080-exec-5] traceId= c.w.a.g.log.RequestLoggingFilter - event=request_started method=GET uri=/actuator/prometheus
2026-06-09 11:51:26 [INFO][module01-actuator] [http-nio-8080-exec-5] traceId= c.w.a.g.log.RequestLoggingFilter - event=request_completed method=GET uri=/actuator/prometheus status=200 durationMs=288
2026-06-09 11:51:30 [INFO][module01-actuator] [http-nio-8080-exec-4] traceId= c.w.a.g.log.RequestLoggingFilter - event=request_started method=GET uri=/actuator/prometheus
2026-06-09 11:51:31 [INFO][module01-actuator] [http-nio-8080-exec-4] traceId= c.w.a.g.log.RequestLoggingFilter - event=request_completed method=GET uri=/actuator/prometheus status=200 durationMs=320
2026-06-09 11:51:35 [INFO][module01-actuator] [http-nio-8080-exec-6] traceId= c.w.a.g.log.RequestLoggingFilter - event=request_started method=GET uri=/actuator/prometheus
2026-06-09 11:51:36 [INFO][module01-actuator] [http-nio-8080-exec-6] traceId= c.w.a.g.log.RequestLoggingFilter - event=request_completed method=GET uri=/actuator/prometheus status=200 durationMs=259
2026-06-09 11:51:40 [INFO][module01-actuator] [http-nio-8080-exec-9] traceId= c.w.a.g.log.RequestLoggingFilter - event=request_started method=GET uri=/actuator/prometheus
2026-06-09 11:51:41 [INFO][module01-actuator] [http-nio-8080-exec-9] traceId= c.w.a.g.log.RequestLoggingFilter - event=request_completed method=GET uri=/actuator/prometheus status=200 durationMs=371
2026-06-09 11:51:45 [INFO][module01-actuator] [http-nio-8080-exec-2] traceId= c.w.a.g.log.RequestLoggingFilter - event=request_started method=GET uri=/actuator/prometheus
2026-06-09 11:51:46 [INFO][module01-actuator] [http-nio-8080-exec-2] traceId= c.w.a.g.log.RequestLoggingFilter - event=request_completed method=GET uri=/actuator/prometheus status=200 durationMs=217
2026-06-09 11:51:50 [INFO][module01-actuator] [http-nio-8080-exec-3] traceId= c.w.a.g.log.RequestLoggingFilter - event=request_started method=GET uri=/actuator/prometheus
2026-06-09 11:51:51 [INFO][module01-actuator] [http-nio-8080-exec-3] traceId= c.w.a.g.log.RequestLoggingFilter - event=request_completed method=GET uri=/actuator/prometheus status=200 durationMs=558
2026-06-09 11:51:55 [INFO][module01-actuator] [http-nio-8080-exec-11] traceId= c.w.a.g.log.RequestLoggingFilter - event=request_started method=GET uri=/actuator/prometheus
2026-06-09 11:51:56 [INFO][module01-actuator] [http-nio-8080-exec-11] traceId= c.w.a.g.log.RequestLoggingFilter - event=request_completed method=GET uri=/actuator/prometheus status=200 durationMs=318
2026-06-09 11:52:00 [INFO][module01-actuator] [http-nio-8080-exec-8] traceId= c.w.a.g.log.RequestLoggingFilter - event=request_started method=GET uri=/actuator/prometheus
2026-06-09 11:52:01 [INFO][module01-actuator] [http-nio-8080-exec-8] traceId= c.w.a.g.log.RequestLoggingFilter - event=request_completed method=GET uri=/actuator/prometheus status=200 durationMs=290
2026-06-09 11:52:05 [INFO][module01-actuator] [http-nio-8080-exec-7] traceId= c.w.a.g.log.RequestLoggingFilter - event=request_started method=GET uri=/actuator/prometheus
2026-06-09 11:52:06 [INFO][module01-actuator] [http-nio-8080-exec-7] traceId= c.w.a.g.log.RequestLoggingFilter - event=request_completed method=GET uri=/actuator/prometheus status=200 durationMs=201
2026-06-09 11:52:10 [INFO][module01-actuator] [http-nio-8080-exec-1] traceId= c.w.a.g.log.RequestLoggingFilter - event=request_started method=GET uri=/actuator/prometheus
2026-06-09 11:52:11 [INFO][module01-actuator] [http-nio-8080-exec-1] traceId= c.w.a.g.log.RequestLoggingFilter - event=request_completed method=GET uri=/actuator/prometheus status=200 durationMs=224
2026-06-09 11:52:15 [INFO][module01-actuator] [http-nio-8080-exec-10] traceId= c.w.a.g.log.RequestLoggingFilter - event=request_started method=GET uri=/actuator/prometheus
2026-06-09 11:52:16 [INFO][module01-actuator] [http-nio-8080-exec-10] traceId= c.w.a.g.log.RequestLoggingFilter - event=request_completed method=GET uri=/actuator/prometheus status=200 durationMs=202
2026-06-09 11:52:20 [INFO][module01-actuator] [http-nio-8080-exec-5] traceId= c.w.a.g.log.RequestLoggingFilter - event=request_started method=GET uri=/actuator/prometheus
2026-06-09 11:52:21 [INFO][module01-actuator] [http-nio-8080-exec-5] traceId= c.w.a.g.log.RequestLoggingFilter - event=request_completed method=GET uri=/actuator/prometheus status=200 durationMs=361
2026-06-09 11:52:25 [INFO][module01-actuator] [http-nio-8080-exec-4] traceId= c.w.a.g.log.RequestLoggingFilter - event=request_started method=GET uri=/actuator/prometheus
2026-06-09 11:52:26 [INFO][module01-actuator] [http-nio-8080-exec-4] traceId= c.w.a.g.log.RequestLoggingFilter - event=request_completed method=GET uri=/actuator/prometheus status=200 durationMs=189
2026-06-09 11:52:30 [INFO][module01-actuator] [http-nio-8080-exec-6] traceId= c.w.a.g.log.RequestLoggingFilter - event=request_started method=GET uri=/actuator/prometheus
2026-06-09 11:52:31 [INFO][module01-actuator] [http-nio-8080-exec-6] traceId= c.w.a.g.log.RequestLoggingFilter - event=request_completed method=GET uri=/actuator/prometheus status=200 durationMs=353
2026-06-09 11:52:35 [INFO][module01-actuator] [http-nio-8080-exec-9] traceId= c.w.a.g.log.RequestLoggingFilter - event=request_started method=GET uri=/actuator/prometheus
2026-06-09 11:52:36 [INFO][module01-actuator] [http-nio-8080-exec-9] traceId= c.w.a.g.log.RequestLoggingFilter - event=request_completed method=GET uri=/actuator/prometheus status=200 durationMs=295
2026-06-09 11:52:40 [INFO][module01-actuator] [http-nio-8080-exec-2] traceId= c.w.a.g.log.RequestLoggingFilter - event=request_started method=GET uri=/actuator/prometheus
2026-06-09 11:52:41 [INFO][module01-actuator] [http-nio-8080-exec-2] traceId= c.w.a.g.log.RequestLoggingFilter - event=request_completed method=GET uri=/actuator/prometheus status=200 durationMs=167
2026-06-09 11:52:45 [INFO][module01-actuator] [http-nio-8080-exec-3] traceId= c.w.a.g.log.RequestLoggingFilter - event=request_started method=GET uri=/actuator/prometheus
2026-06-09 11:52:46 [INFO][module01-actuator] [http-nio-8080-exec-3] traceId= c.w.a.g.log.RequestLoggingFilter - event=request_completed method=GET uri=/actuator/prometheus status=200 durationMs=184
2026-06-09 11:52:50 [INFO][module01-actuator] [http-nio-8080-exec-11] traceId= c.w.a.g.log.RequestLoggingFilter - event=request_started method=GET uri=/actuator/prometheus
2026-06-09 11:52:51 [INFO][module01-actuator] [http-nio-8080-exec-11] traceId= c.w.a.g.log.RequestLoggingFilter - event=request_completed method=GET uri=/actuator/prometheus status=200 durationMs=223
2026-06-09 11:52:55 [INFO][module01-actuator] [http-nio-8080-exec-8] traceId= c.w.a.g.log.RequestLoggingFilter - event=request_started method=GET uri=/actuator/prometheus
2026-06-09 11:52:56 [INFO][module01-actuator] [http-nio-8080-exec-8] traceId= c.w.a.g.log.RequestLoggingFilter - event=request_completed method=GET uri=/actuator/prometheus status=200 durationMs=206
2026-06-09 11:53:00 [INFO][module01-actuator] [http-nio-8080-exec-7] traceId= c.w.a.g.log.RequestLoggingFilter - event=request_started method=GET uri=/actuator/prometheus
2026-06-09 11:53:01 [INFO][module01-actuator] [http-nio-8080-exec-7] traceId= c.w.a.g.log.RequestLoggingFilter - event=request_completed method=GET uri=/actuator/prometheus status=200 durationMs=237
2026-06-09 11:53:05 [INFO][module01-actuator] [http-nio-8080-exec-1] traceId= c.w.a.g.log.RequestLoggingFilter - event=request_started method=GET uri=/actuator/prometheus
2026-06-09 11:53:06 [INFO][module01-actuator] [http-nio-8080-exec-1] traceId= c.w.a.g.log.RequestLoggingFilter - event=request_completed method=GET uri=/actuator/prometheus status=200 durationMs=338
2026-06-09 11:53:10 [INFO][module01-actuator] [http-nio-8080-exec-10] traceId= c.w.a.g.log.RequestLoggingFilter - event=request_started method=GET uri=/actuator/prometheus
2026-06-09 11:53:11 [INFO][module01-actuator] [http-nio-8080-exec-10] traceId= c.w.a.g.log.RequestLoggingFilter - event=request_completed method=GET uri=/actuator/prometheus status=200 durationMs=243
2026-06-09 11:53:15 [INFO][module01-actuator] [http-nio-8080-exec-5] traceId= c.w.a.g.log.RequestLoggingFilter - event=request_started method=GET uri=/actuator/prometheus
2026-06-09 11:53:16 [INFO][module01-actuator] [http-nio-8080-exec-5] traceId= c.w.a.g.log.RequestLoggingFilter - event=request_completed method=GET uri=/actuator/prometheus status=200 durationMs=195
2026-06-09 11:53:20 [INFO][module01-actuator] [http-nio-8080-exec-4] traceId= c.w.a.g.log.RequestLoggingFilter - event=request_started method=GET uri=/actuator/prometheus
2026-06-09 11:53:21 [INFO][module01-actuator] [http-nio-8080-exec-4] traceId= c.w.a.g.log.RequestLoggingFilter - event=request_completed method=GET uri=/actuator/prometheus status=200 durationMs=215
2026-06-09 11:53:25 [INFO][module01-actuator] [http-nio-8080-exec-6] traceId= c.w.a.g.log.RequestLoggingFilter - event=request_started method=GET uri=/actuator/prometheus
2026-06-09 11:53:26 [INFO][module01-actuator] [http-nio-8080-exec-6] traceId= c.w.a.g.log.RequestLoggingFilter - event=request_completed method=GET uri=/actuator/prometheus status=200 durationMs=257
2026-06-09 11:53:30 [INFO][module01-actuator] [http-nio-8080-exec-9] traceId= c.w.a.g.log.RequestLoggingFilter - event=request_started method=GET uri=/actuator/prometheus
2026-06-09 11:53:31 [INFO][module01-actuator] [http-nio-8080-exec-9] traceId= c.w.a.g.log.RequestLoggingFilter - event=request_completed method=GET uri=/actuator/prometheus status=200 durationMs=237
2026-06-09 11:53:35 [INFO][module01-actuator] [http-nio-8080-exec-2] traceId= c.w.a.g.log.RequestLoggingFilter - event=request_started method=GET uri=/actuator/prometheus
2026-06-09 11:53:36 [INFO][module01-actuator] [http-nio-8080-exec-2] traceId= c.w.a.g.log.RequestLoggingFilter - event=request_completed method=GET uri=/actuator/prometheus status=200 durationMs=524
2026-06-09 11:53:40 [INFO][module01-actuator] [http-nio-8080-exec-3] traceId= c.w.a.g.log.RequestLoggingFilter - event=request_started method=GET uri=/actuator/prometheus
2026-06-09 11:53:41 [INFO][module01-actuator] [http-nio-8080-exec-3] traceId= c.w.a.g.log.RequestLoggingFilter - event=request_completed method=GET uri=/actuator/prometheus status=200 durationMs=324
2026-06-09 11:53:45 [INFO][module01-actuator] [http-nio-8080-exec-11] traceId= c.w.a.g.log.RequestLoggingFilter - event=request_started method=GET uri=/actuator/prometheus
2026-06-09 11:53:46 [INFO][module01-actuator] [http-nio-8080-exec-11] traceId= c.w.a.g.log.RequestLoggingFilter - event=request_completed method=GET uri=/actuator/prometheus status=200 durationMs=358
2026-06-09 11:53:50 [INFO][module01-actuator] [http-nio-8080-exec-8] traceId= c.w.a.g.log.RequestLoggingFilter - event=request_started method=GET uri=/actuator/prometheus
2026-06-09 11:53:51 [INFO][module01-actuator] [http-nio-8080-exec-8] traceId= c.w.a.g.log.RequestLoggingFilter - event=request_completed method=GET uri=/actuator/prometheus status=200 durationMs=340
2026-06-09 11:53:55 [INFO][module01-actuator] [http-nio-8080-exec-7] traceId= c.w.a.g.log.RequestLoggingFilter - event=request_started method=GET uri=/actuator/prometheus
2026-06-09 11:53:56 [INFO][module01-actuator] [http-nio-8080-exec-7] traceId= c.w.a.g.log.RequestLoggingFilter - event=request_completed method=GET uri=/actuator/prometheus status=200 durationMs=188
2026-06-09 11:54:00 [INFO][module01-actuator] [http-nio-8080-exec-1] traceId= c.w.a.g.log.RequestLoggingFilter - event=request_started method=GET uri=/actuator/prometheus
2026-06-09 11:54:01 [INFO][module01-actuator] [http-nio-8080-exec-1] traceId= c.w.a.g.log.RequestLoggingFilter - event=request_completed method=GET uri=/actuator/prometheus status=200 durationMs=215
2026-06-09 11:54:05 [INFO][module01-actuator] [http-nio-8080-exec-10] traceId= c.w.a.g.log.RequestLoggingFilter - event=request_started method=GET uri=/actuator/prometheus
2026-06-09 11:54:06 [INFO][module01-actuator] [http-nio-8080-exec-10] traceId= c.w.a.g.log.RequestLoggingFilter - event=request_completed method=GET uri=/actuator/prometheus status=200 durationMs=188
2026-06-09 11:54:10 [INFO][module01-actuator] [http-nio-8080-exec-5] traceId= c.w.a.g.log.RequestLoggingFilter - event=request_started method=GET uri=/actuator/prometheus
2026-06-09 11:54:11 [INFO][module01-actuator] [http-nio-8080-exec-5] traceId= c.w.a.g.log.RequestLoggingFilter - event=request_completed method=GET uri=/actuator/prometheus status=200 durationMs=218
2026-06-09 11:54:15 [INFO][module01-actuator] [http-nio-8080-exec-4] traceId= c.w.a.g.log.RequestLoggingFilter - event=request_started method=GET uri=/actuator/prometheus
2026-06-09 11:54:16 [INFO][module01-actuator] [http-nio-8080-exec-4] traceId= c.w.a.g.log.RequestLoggingFilter - event=request_completed method=GET uri=/actuator/prometheus status=200 durationMs=331
2026-06-09 11:54:20 [INFO][module01-actuator] [http-nio-8080-exec-6] traceId= c.w.a.g.log.RequestLoggingFilter - event=request_started method=GET uri=/actuator/prometheus
2026-06-09 11:54:21 [INFO][module01-actuator] [http-nio-8080-exec-6] traceId= c.w.a.g.log.RequestLoggingFilter - event=request_completed method=GET uri=/actuator/prometheus status=200 durationMs=310
2026-06-09 11:54:25 [INFO][module01-actuator] [http-nio-8080-exec-9] traceId= c.w.a.g.log.RequestLoggingFilter - event=request_started method=GET uri=/actuator/prometheus
2026-06-09 11:54:26 [INFO][module01-actuator] [http-nio-8080-exec-9] traceId= c.w.a.g.log.RequestLoggingFilter - event=request_completed method=GET uri=/actuator/prometheus status=200 durationMs=360
2026-06-09 11:54:30 [INFO][module01-actuator] [http-nio-8080-exec-2] traceId= c.w.a.g.log.RequestLoggingFilter - event=request_started method=GET uri=/actuator/prometheus
2026-06-09 11:54:31 [INFO][module01-actuator] [http-nio-8080-exec-2] traceId= c.w.a.g.log.RequestLoggingFilter - event=request_completed method=GET uri=/actuator/prometheus status=200 durationMs=246
2026-06-09 11:54:35 [INFO][module01-actuator] [http-nio-8080-exec-3] traceId= c.w.a.g.log.RequestLoggingFilter - event=request_started method=GET uri=/actuator/prometheus
2026-06-09 11:54:36 [INFO][module01-actuator] [http-nio-8080-exec-3] traceId= c.w.a.g.log.RequestLoggingFilter - event=request_completed method=GET uri=/actuator/prometheus status=200 durationMs=255
2026-06-09 11:54:40 [INFO][module01-actuator] [http-nio-8080-exec-11] traceId= c.w.a.g.log.RequestLoggingFilter - event=request_started method=GET uri=/actuator/prometheus
2026-06-09 11:54:41 [INFO][module01-actuator] [http-nio-8080-exec-11] traceId= c.w.a.g.log.RequestLoggingFilter - event=request_completed method=GET uri=/actuator/prometheus status=200 durationMs=261
2026-06-09 11:54:45 [INFO][module01-actuator] [http-nio-8080-exec-8] traceId= c.w.a.g.log.RequestLoggingFilter - event=request_started method=GET uri=/actuator/prometheus
2026-06-09 11:54:46 [INFO][module01-actuator] [http-nio-8080-exec-8] traceId= c.w.a.g.log.RequestLoggingFilter - event=request_completed method=GET uri=/actuator/prometheus status=200 durationMs=339
2026-06-09 11:54:49 [INFO][module01-actuator] [http-nio-8080-exec-7] traceId= c.w.a.g.log.RequestLoggingFilter - event=request_started method=GET uri=/actuator
2026-06-09 11:54:49 [INFO][module01-actuator] [http-nio-8080-exec-7] traceId= c.w.a.g.log.RequestLoggingFilter - event=request_completed method=GET uri=/actuator status=200 durationMs=2
2026-06-09 11:54:49 [INFO][module01-actuator] [http-nio-8080-exec-1] traceId= c.w.a.g.log.RequestLoggingFilter - event=request_started method=GET uri=/actuator/health
2026-06-09 11:54:49 [INFO][module01-actuator] [http-nio-8080-exec-1] traceId= c.w.a.g.log.RequestLoggingFilter - event=request_completed method=GET uri=/actuator/health status=200 durationMs=4
2026-06-09 11:54:49 [INFO][module01-actuator] [http-nio-8080-exec-10] traceId= c.w.a.g.log.RequestLoggingFilter - event=request_started method=GET uri=/actuator/info
2026-06-09 11:54:49 [INFO][module01-actuator] [http-nio-8080-exec-10] traceId= c.w.a.g.log.RequestLoggingFilter - event=request_completed method=GET uri=/actuator/info status=200 durationMs=1
2026-06-09 11:54:50 [INFO][module01-actuator] [http-nio-8080-exec-5] traceId= c.w.a.g.log.RequestLoggingFilter - event=request_started method=GET uri=/actuator/metrics
2026-06-09 11:54:50 [INFO][module01-actuator] [http-nio-8080-exec-5] traceId= c.w.a.g.log.RequestLoggingFilter - event=request_completed method=GET uri=/actuator/metrics status=200 durationMs=1
2026-06-09 11:54:50 [INFO][module01-actuator] [http-nio-8080-exec-4] traceId= c.w.a.g.log.RequestLoggingFilter - event=request_started method=GET uri=/actuator/metrics/shop.orders.created
2026-06-09 11:54:50 [INFO][module01-actuator] [http-nio-8080-exec-4] traceId= c.w.a.g.log.RequestLoggingFilter - event=request_completed method=GET uri=/actuator/metrics/shop.orders.created status=200 durationMs=1
2026-06-09 11:54:50 [INFO][module01-actuator] [http-nio-8080-exec-6] traceId= c.w.a.g.log.RequestLoggingFilter - event=request_started method=GET uri=/actuator/metrics/shop.orders.creation.duration
2026-06-09 11:54:50 [INFO][module01-actuator] [http-nio-8080-exec-6] traceId= c.w.a.g.log.RequestLoggingFilter - event=request_completed method=GET uri=/actuator/metrics/shop.orders.creation.duration status=200 durationMs=1
2026-06-09 11:54:50 [INFO][module01-actuator] [http-nio-8080-exec-9] traceId= c.w.a.g.log.RequestLoggingFilter - event=request_started method=GET uri=/actuator/metrics/shop.payment.duration
2026-06-09 11:54:50 [INFO][module01-actuator] [http-nio-8080-exec-9] traceId= c.w.a.g.log.RequestLoggingFilter - event=request_completed method=GET uri=/actuator/metrics/shop.payment.duration status=200 durationMs=2
2026-06-09 11:54:50 [INFO][module01-actuator] [http-nio-8080-exec-2] traceId= c.w.a.g.log.RequestLoggingFilter - event=request_started method=POST uri=/orders
2026-06-09 11:54:50 [INFO][module01-actuator] [http-nio-8080-exec-2] traceId= c.wanted.actuator.order.OrderService - event=order_create_started itemTypes=2
2026-06-09 11:54:50 [INFO][module01-actuator] [http-nio-8080-exec-3] traceId= c.w.a.g.log.RequestLoggingFilter - event=request_started method=GET uri=/actuator/prometheus
2026-06-09 11:54:50 [INFO][module01-actuator] [http-nio-8080-exec-2] traceId= c.wanted.actuator.order.OrderService - event=order_create_succeeded orderId=8 itemTypes=2 amount=6350000 durationMs=558
2026-06-09 11:54:50 [INFO][module01-actuator] [http-nio-8080-exec-2] traceId= c.w.a.g.log.RequestLoggingFilter - event=request_completed method=POST uri=/orders status=201 durationMs=570
2026-06-09 11:54:51 [INFO][module01-actuator] [http-nio-8080-exec-11] traceId= c.w.a.g.log.RequestLoggingFilter - event=request_started method=GET uri=/actuator/metrics/shop.orders.created
2026-06-09 11:54:51 [INFO][module01-actuator] [http-nio-8080-exec-11] traceId= c.w.a.g.log.RequestLoggingFilter - event=request_completed method=GET uri=/actuator/metrics/shop.orders.created status=200 durationMs=2
2026-06-09 11:54:51 [INFO][module01-actuator] [http-nio-8080-exec-3] traceId= c.w.a.g.log.RequestLoggingFilter - event=request_completed method=GET uri=/actuator/prometheus status=200 durationMs=182
2026-06-09 11:54:51 [INFO][module01-actuator] [http-nio-8080-exec-8] traceId= c.w.a.g.log.RequestLoggingFilter - event=request_started method=GET uri=/actuator/metrics/shop.orders.item.count
2026-06-09 11:54:51 [INFO][module01-actuator] [http-nio-8080-exec-8] traceId= c.w.a.g.log.RequestLoggingFilter - event=request_completed method=GET uri=/actuator/metrics/shop.orders.item.count status=200 durationMs=1
2026-06-09 11:54:51 [INFO][module01-actuator] [http-nio-8080-exec-7] traceId= c.w.a.g.log.RequestLoggingFilter - event=request_started method=GET uri=/actuator/metrics/shop.orders.amount
2026-06-09 11:54:51 [INFO][module01-actuator] [http-nio-8080-exec-7] traceId= c.w.a.g.log.RequestLoggingFilter - event=request_completed method=GET uri=/actuator/metrics/shop.orders.amount status=200 durationMs=1
2026-06-09 11:54:51 [INFO][module01-actuator] [http-nio-8080-exec-1] traceId= c.w.a.g.log.RequestLoggingFilter - event=request_started method=GET uri=/actuator/metrics/shop.orders.creation.duration
2026-06-09 11:54:51 [INFO][module01-actuator] [http-nio-8080-exec-1] traceId= c.w.a.g.log.RequestLoggingFilter - event=request_completed method=GET uri=/actuator/metrics/shop.orders.creation.duration status=200 durationMs=1
2026-06-09 11:54:51 [INFO][module01-actuator] [http-nio-8080-exec-10] traceId= c.w.a.g.log.RequestLoggingFilter - event=request_started method=GET uri=/actuator/metrics/shop.payment.duration
2026-06-09 11:54:51 [INFO][module01-actuator] [http-nio-8080-exec-10] traceId= c.w.a.g.log.RequestLoggingFilter - event=request_completed method=GET uri=/actuator/metrics/shop.payment.duration status=200 durationMs=2
2026-06-09 11:54:51 [INFO][module01-actuator] [http-nio-8080-exec-5] traceId= c.w.a.g.log.RequestLoggingFilter - event=request_started method=GET uri=/actuator/metrics/shop.products.popular.requests
2026-06-09 11:54:51 [INFO][module01-actuator] [http-nio-8080-exec-5] traceId= c.w.a.g.log.RequestLoggingFilter - event=request_completed method=GET uri=/actuator/metrics/shop.products.popular.requests status=200 durationMs=2
2026-06-09 11:54:51 [INFO][module01-actuator] [http-nio-8080-exec-4] traceId= c.w.a.g.log.RequestLoggingFilter - event=request_started method=GET uri=/actuator/metrics/shop.products.popular.query.duration
2026-06-09 11:54:51 [INFO][module01-actuator] [http-nio-8080-exec-4] traceId= c.w.a.g.log.RequestLoggingFilter - event=request_completed method=GET uri=/actuator/metrics/shop.products.popular.query.duration status=200 durationMs=2
2026-06-09 11:54:51 [INFO][module01-actuator] [http-nio-8080-exec-6] traceId= c.w.a.g.log.RequestLoggingFilter - event=request_started method=GET uri=/products/popular
2026-06-09 11:54:51 [INFO][module01-actuator] [http-nio-8080-exec-6] traceId= c.w.actuator.product.ProductService - event=popular_products_queried resultCount=5 durationMs=7
2026-06-09 11:54:51 [INFO][module01-actuator] [http-nio-8080-exec-6] traceId= c.w.a.g.log.RequestLoggingFilter - event=request_completed method=GET uri=/products/popular status=200 durationMs=12
2026-06-09 11:54:51 [INFO][module01-actuator] [http-nio-8080-exec-9] traceId= c.w.a.g.log.RequestLoggingFilter - event=request_started method=GET uri=/actuator/metrics/shop.products.popular.requests
2026-06-09 11:54:51 [INFO][module01-actuator] [http-nio-8080-exec-9] traceId= c.w.a.g.log.RequestLoggingFilter - event=request_completed method=GET uri=/actuator/metrics/shop.products.popular.requests status=200 durationMs=1
2026-06-09 11:54:51 [INFO][module01-actuator] [http-nio-8080-exec-2] traceId= c.w.a.g.log.RequestLoggingFilter - event=request_started method=GET uri=/actuator/metrics/shop.products.popular.query.duration
2026-06-09 11:54:51 [INFO][module01-actuator] [http-nio-8080-exec-2] traceId= c.w.a.g.log.RequestLoggingFilter - event=request_completed method=GET uri=/actuator/metrics/shop.products.popular.query.duration status=200 durationMs=1
2026-06-09 11:54:51 [INFO][module01-actuator] [http-nio-8080-exec-11] traceId= c.w.a.g.log.RequestLoggingFilter - event=request_started method=POST uri=/orders
2026-06-09 11:54:51 [INFO][module01-actuator] [http-nio-8080-exec-11] traceId= c.wanted.actuator.order.OrderService - event=order_create_started itemTypes=1
2026-06-09 11:54:51 [WARN][module01-actuator] [http-nio-8080-exec-11] traceId= c.wanted.actuator.order.OrderService - event=order_create_failed exceptionType=IllegalArgumentException message="상품 재고가 부족합니다." durationMs=3
2026-06-09 11:54:51 [WARN][module01-actuator] [http-nio-8080-exec-11] traceId= c.w.a.global.ApiExceptionHandler - event=api_error reason=bad_request exceptionType=IllegalArgumentException message="상품 재고가 부족합니다."
2026-06-09 11:54:51 [INFO][module01-actuator] [http-nio-8080-exec-11] traceId= c.w.a.g.log.RequestLoggingFilter - event=request_completed method=POST uri=/orders status=400 durationMs=10
2026-06-09 11:54:51 [INFO][module01-actuator] [http-nio-8080-exec-3] traceId= c.w.a.g.log.RequestLoggingFilter - event=request_started method=GET uri=/actuator/metrics/shop.orders.failed
2026-06-09 11:54:51 [INFO][module01-actuator] [http-nio-8080-exec-3] traceId= c.w.a.g.log.RequestLoggingFilter - event=request_completed method=GET uri=/actuator/metrics/shop.orders.failed status=200 durationMs=1
2026-06-09 11:54:51 [INFO][module01-actuator] [http-nio-8080-exec-8] traceId= c.w.a.g.log.RequestLoggingFilter - event=request_started method=GET uri=/actuator/metrics/shop.orders.failed
2026-06-09 11:54:51 [INFO][module01-actuator] [http-nio-8080-exec-8] traceId= c.w.a.g.log.RequestLoggingFilter - event=request_completed method=GET uri=/actuator/metrics/shop.orders.failed status=404 durationMs=1
2026-06-09 11:54:51 [INFO][module01-actuator] [http-nio-8080-exec-7] traceId= c.w.a.g.log.RequestLoggingFilter - event=request_started method=GET uri=/actuator/metrics/shop.api.errors
2026-06-09 11:54:51 [INFO][module01-actuator] [http-nio-8080-exec-7] traceId= c.w.a.g.log.RequestLoggingFilter - event=request_completed method=GET uri=/actuator/metrics/shop.api.errors status=200 durationMs=1
2026-06-09 11:54:51 [INFO][module01-actuator] [http-nio-8080-exec-1] traceId= c.w.a.g.log.RequestLoggingFilter - event=request_started method=GET uri=/actuator/metrics/shop.api.errors
2026-06-09 11:54:51 [INFO][module01-actuator] [http-nio-8080-exec-1] traceId= c.w.a.g.log.RequestLoggingFilter - event=request_completed method=GET uri=/actuator/metrics/shop.api.errors status=200 durationMs=1
2026-06-09 11:54:52 [INFO][module01-actuator] [http-nio-8080-exec-10] traceId= c.w.a.g.log.RequestLoggingFilter - event=request_started method=POST uri=/orders
2026-06-09 11:54:52 [WARN][module01-actuator] [http-nio-8080-exec-10] traceId= c.w.a.global.ApiExceptionHandler - event=api_error reason=validation field=items[0].quantity exceptionType=MethodArgumentNotValidException message="items[0].quantity: 1 이상이어야 합니다"
2026-06-09 11:54:52 [INFO][module01-actuator] [http-nio-8080-exec-10] traceId= c.w.a.g.log.RequestLoggingFilter - event=request_completed method=POST uri=/orders status=400 durationMs=3
2026-06-09 11:54:52 [INFO][module01-actuator] [http-nio-8080-exec-5] traceId= c.w.a.g.log.RequestLoggingFilter - event=request_started method=GET uri=/actuator/metrics/shop.api.errors
2026-06-09 11:54:52 [INFO][module01-actuator] [http-nio-8080-exec-5] traceId= c.w.a.g.log.RequestLoggingFilter - event=request_completed method=GET uri=/actuator/metrics/shop.api.errors status=200 durationMs=2
2026-06-09 11:54:52 [INFO][module01-actuator] [http-nio-8080-exec-4] traceId= c.w.a.g.log.RequestLoggingFilter - event=request_started method=GET uri=/actuator/shop
2026-06-09 11:54:52 [INFO][module01-actuator] [http-nio-8080-exec-4] traceId= c.w.a.g.log.RequestLoggingFilter - event=request_completed method=GET uri=/actuator/shop status=200 durationMs=15
2026-06-09 11:54:52 [INFO][module01-actuator] [http-nio-8080-exec-6] traceId= c.w.a.g.log.RequestLoggingFilter - event=request_started method=GET uri=/actuator/metrics/http.server.requests
2026-06-09 11:54:52 [INFO][module01-actuator] [http-nio-8080-exec-6] traceId= c.w.a.g.log.RequestLoggingFilter - event=request_completed method=GET uri=/actuator/metrics/http.server.requests status=200 durationMs=2
2026-06-09 11:54:52 [INFO][module01-actuator] [http-nio-8080-exec-9] traceId= c.w.a.g.log.RequestLoggingFilter - event=request_started method=GET uri=/actuator/metrics/http.server.requests
2026-06-09 11:54:52 [INFO][module01-actuator] [http-nio-8080-exec-9] traceId= c.w.a.g.log.RequestLoggingFilter - event=request_completed method=GET uri=/actuator/metrics/http.server.requests status=200 durationMs=2
2026-06-09 11:54:52 [INFO][module01-actuator] [http-nio-8080-exec-2] traceId= c.w.a.g.log.RequestLoggingFilter - event=request_started method=GET uri=/actuator/metrics/hikaricp.connections.active
2026-06-09 11:54:52 [INFO][module01-actuator] [http-nio-8080-exec-2] traceId= c.w.a.g.log.RequestLoggingFilter - event=request_completed method=GET uri=/actuator/metrics/hikaricp.connections.active status=200 durationMs=1
2026-06-09 11:54:53 [INFO][module01-actuator] [http-nio-8080-exec-11] traceId= c.w.a.g.log.RequestLoggingFilter - event=request_started method=GET uri=/actuator/metrics/jvm.memory.used
2026-06-09 11:54:53 [INFO][module01-actuator] [http-nio-8080-exec-11] traceId= c.w.a.g.log.RequestLoggingFilter - event=request_completed method=GET uri=/actuator/metrics/jvm.memory.used status=200 durationMs=2
2026-06-09 11:54:55 [INFO][module01-actuator] [http-nio-8080-exec-3] traceId= c.w.a.g.log.RequestLoggingFilter - event=request_started method=GET uri=/actuator/prometheus
2026-06-09 11:54:56 [INFO][module01-actuator] [http-nio-8080-exec-3] traceId= c.w.a.g.log.RequestLoggingFilter - event=request_completed method=GET uri=/actuator/prometheus status=200 durationMs=198
2026-06-09 11:55:00 [INFO][module01-actuator] [http-nio-8080-exec-8] traceId= c.w.a.g.log.RequestLoggingFilter - event=request_started method=GET uri=/actuator/prometheus
2026-06-09 11:55:01 [INFO][module01-actuator] [http-nio-8080-exec-8] traceId= c.w.a.g.log.RequestLoggingFilter - event=request_completed method=GET uri=/actuator/prometheus status=200 durationMs=194
2026-06-09 11:55:05 [INFO][module01-actuator] [http-nio-8080-exec-7] traceId= c.w.a.g.log.RequestLoggingFilter - event=request_started method=GET uri=/actuator/prometheus
2026-06-09 11:55:06 [INFO][module01-actuator] [http-nio-8080-exec-7] traceId= c.w.a.g.log.RequestLoggingFilter - event=request_completed method=GET uri=/actuator/prometheus status=200 durationMs=187
2026-06-09 11:55:10 [INFO][module01-actuator] [http-nio-8080-exec-1] traceId= c.w.a.g.log.RequestLoggingFilter - event=request_started method=GET uri=/actuator/prometheus
2026-06-09 11:55:11 [INFO][module01-actuator] [http-nio-8080-exec-1] traceId= c.w.a.g.log.RequestLoggingFilter - event=request_completed method=GET uri=/actuator/prometheus status=200 durationMs=338
2026-06-09 11:55:15 [INFO][module01-actuator] [http-nio-8080-exec-10] traceId= c.w.a.g.log.RequestLoggingFilter - event=request_started method=GET uri=/actuator/prometheus
2026-06-09 11:55:16 [INFO][module01-actuator] [http-nio-8080-exec-10] traceId= c.w.a.g.log.RequestLoggingFilter - event=request_completed method=GET uri=/actuator/prometheus status=200 durationMs=337
2026-06-09 11:55:20 [INFO][module01-actuator] [http-nio-8080-exec-5] traceId= c.w.a.g.log.RequestLoggingFilter - event=request_started method=GET uri=/actuator/prometheus
2026-06-09 11:55:21 [INFO][module01-actuator] [http-nio-8080-exec-5] traceId= c.w.a.g.log.RequestLoggingFilter - event=request_completed method=GET uri=/actuator/prometheus status=200 durationMs=218
2026-06-09 11:55:25 [INFO][module01-actuator] [http-nio-8080-exec-4] traceId= c.w.a.g.log.RequestLoggingFilter - event=request_started method=GET uri=/actuator/prometheus
2026-06-09 11:55:26 [INFO][module01-actuator] [http-nio-8080-exec-4] traceId= c.w.a.g.log.RequestLoggingFilter - event=request_completed method=GET uri=/actuator/prometheus status=200 durationMs=166
2026-06-09 11:55:30 [INFO][module01-actuator] [http-nio-8080-exec-6] traceId= c.w.a.g.log.RequestLoggingFilter - event=request_started method=GET uri=/actuator/prometheus
2026-06-09 11:55:31 [INFO][module01-actuator] [http-nio-8080-exec-6] traceId= c.w.a.g.log.RequestLoggingFilter - event=request_completed method=GET uri=/actuator/prometheus status=200 durationMs=203
2026-06-09 11:55:35 [INFO][module01-actuator] [http-nio-8080-exec-9] traceId= c.w.a.g.log.RequestLoggingFilter - event=request_started method=GET uri=/actuator/prometheus
2026-06-09 11:55:36 [INFO][module01-actuator] [http-nio-8080-exec-9] traceId= c.w.a.g.log.RequestLoggingFilter - event=request_completed method=GET uri=/actuator/prometheus status=200 durationMs=210
2026-06-09 11:55:40 [INFO][module01-actuator] [http-nio-8080-exec-2] traceId= c.w.a.g.log.RequestLoggingFilter - event=request_started method=GET uri=/actuator/prometheus
2026-06-09 11:55:41 [INFO][module01-actuator] [http-nio-8080-exec-2] traceId= c.w.a.g.log.RequestLoggingFilter - event=request_completed method=GET uri=/actuator/prometheus status=200 durationMs=184
2026-06-09 11:55:45 [INFO][module01-actuator] [http-nio-8080-exec-11] traceId= c.w.a.g.log.RequestLoggingFilter - event=request_started method=GET uri=/actuator/prometheus
2026-06-09 11:55:46 [INFO][module01-actuator] [http-nio-8080-exec-11] traceId= c.w.a.g.log.RequestLoggingFilter - event=request_completed method=GET uri=/actuator/prometheus status=200 durationMs=215
2026-06-09 11:55:50 [INFO][module01-actuator] [http-nio-8080-exec-10] traceId= c.w.a.g.log.RequestLoggingFilter - event=request_started method=GET uri=/actuator/prometheus
2026-06-09 11:55:51 [INFO][module01-actuator] [http-nio-8080-exec-10] traceId= c.w.a.g.log.RequestLoggingFilter - event=request_completed method=GET uri=/actuator/prometheus status=200 durationMs=386
2026-06-09 11:55:55 [INFO][module01-actuator] [http-nio-8080-exec-11] traceId= c.w.a.g.log.RequestLoggingFilter - event=request_started method=GET uri=/actuator/prometheus
2026-06-09 11:55:56 [INFO][module01-actuator] [http-nio-8080-exec-11] traceId= c.w.a.g.log.RequestLoggingFilter - event=request_completed method=GET uri=/actuator/prometheus status=200 durationMs=382
2026-06-09 11:56:00 [INFO][module01-actuator] [http-nio-8080-exec-3] traceId= c.w.a.g.log.RequestLoggingFilter - event=request_started method=GET uri=/actuator/prometheus
2026-06-09 11:56:01 [INFO][module01-actuator] [http-nio-8080-exec-3] traceId= c.w.a.g.log.RequestLoggingFilter - event=request_completed method=GET uri=/actuator/prometheus status=200 durationMs=254
2026-06-09 11:56:05 [INFO][module01-actuator] [http-nio-8080-exec-10] traceId= c.w.a.g.log.RequestLoggingFilter - event=request_started method=GET uri=/actuator/prometheus
2026-06-09 11:56:06 [INFO][module01-actuator] [http-nio-8080-exec-10] traceId= c.w.a.g.log.RequestLoggingFilter - event=request_completed method=GET uri=/actuator/prometheus status=200 durationMs=175
2026-06-09 11:56:10 [INFO][module01-actuator] [http-nio-8080-exec-5] traceId= c.w.a.g.log.RequestLoggingFilter - event=request_started method=GET uri=/actuator/prometheus
2026-06-09 11:56:11 [INFO][module01-actuator] [http-nio-8080-exec-5] traceId= c.w.a.g.log.RequestLoggingFilter - event=request_completed method=GET uri=/actuator/prometheus status=200 durationMs=233
2026-06-09 11:56:15 [INFO][module01-actuator] [http-nio-8080-exec-4] traceId= c.w.a.g.log.RequestLoggingFilter - event=request_started method=GET uri=/actuator/prometheus
2026-06-09 11:56:16 [INFO][module01-actuator] [http-nio-8080-exec-4] traceId= c.w.a.g.log.RequestLoggingFilter - event=request_completed method=GET uri=/actuator/prometheus status=200 durationMs=194
2026-06-09 11:56:20 [INFO][module01-actuator] [http-nio-8080-exec-8] traceId= c.w.a.g.log.RequestLoggingFilter - event=request_started method=GET uri=/actuator/prometheus
2026-06-09 11:56:21 [INFO][module01-actuator] [http-nio-8080-exec-8] traceId= c.w.a.g.log.RequestLoggingFilter - event=request_completed method=GET uri=/actuator/prometheus status=200 durationMs=380
2026-06-09 11:56:25 [INFO][module01-actuator] [http-nio-8080-exec-9] traceId= c.w.a.g.log.RequestLoggingFilter - event=request_started method=GET uri=/actuator/prometheus
2026-06-09 11:56:26 [INFO][module01-actuator] [http-nio-8080-exec-9] traceId= c.w.a.g.log.RequestLoggingFilter - event=request_completed method=GET uri=/actuator/prometheus status=200 durationMs=236
2026-06-09 11:56:30 [INFO][module01-actuator] [http-nio-8080-exec-2] traceId= c.w.a.g.log.RequestLoggingFilter - event=request_started method=GET uri=/actuator/prometheus
2026-06-09 11:56:31 [INFO][module01-actuator] [http-nio-8080-exec-2] traceId= c.w.a.g.log.RequestLoggingFilter - event=request_completed method=GET uri=/actuator/prometheus status=200 durationMs=286
2026-06-09 11:56:35 [INFO][module01-actuator] [http-nio-8080-exec-7] traceId= c.w.a.g.log.RequestLoggingFilter - event=request_started method=GET uri=/actuator/prometheus
2026-06-09 11:56:36 [INFO][module01-actuator] [http-nio-8080-exec-7] traceId= c.w.a.g.log.RequestLoggingFilter - event=request_completed method=GET uri=/actuator/prometheus status=200 durationMs=195
2026-06-09 11:56:40 [INFO][module01-actuator] [http-nio-8080-exec-6] traceId= c.w.a.g.log.RequestLoggingFilter - event=request_started method=GET uri=/actuator/prometheus
2026-06-09 11:56:41 [INFO][module01-actuator] [http-nio-8080-exec-6] traceId= c.w.a.g.log.RequestLoggingFilter - event=request_completed method=GET uri=/actuator/prometheus status=200 durationMs=192
2026-06-09 11:56:45 [INFO][module01-actuator] [http-nio-8080-exec-11] traceId= c.w.a.g.log.RequestLoggingFilter - event=request_started method=GET uri=/actuator/prometheus
2026-06-09 11:56:46 [INFO][module01-actuator] [http-nio-8080-exec-11] traceId= c.w.a.g.log.RequestLoggingFilter - event=request_completed method=GET uri=/actuator/prometheus status=200 durationMs=310
2026-06-09 11:56:50 [INFO][module01-actuator] [http-nio-8080-exec-3] traceId= c.w.a.g.log.RequestLoggingFilter - event=request_started method=GET uri=/actuator/prometheus
2026-06-09 11:56:51 [INFO][module01-actuator] [http-nio-8080-exec-3] traceId= c.w.a.g.log.RequestLoggingFilter - event=request_completed method=GET uri=/actuator/prometheus status=200 durationMs=178
2026-06-09 11:56:55 [INFO][module01-actuator] [http-nio-8080-exec-10] traceId= c.w.a.g.log.RequestLoggingFilter - event=request_started method=GET uri=/actuator/prometheus
2026-06-09 11:56:56 [INFO][module01-actuator] [http-nio-8080-exec-10] traceId= c.w.a.g.log.RequestLoggingFilter - event=request_completed method=GET uri=/actuator/prometheus status=200 durationMs=200
2026-06-09 11:57:00 [INFO][module01-actuator] [http-nio-8080-exec-5] traceId= c.w.a.g.log.RequestLoggingFilter - event=request_started method=GET uri=/actuator/prometheus
2026-06-09 11:57:01 [INFO][module01-actuator] [http-nio-8080-exec-5] traceId= c.w.a.g.log.RequestLoggingFilter - event=request_completed method=GET uri=/actuator/prometheus status=200 durationMs=182
2026-06-09 11:57:05 [INFO][module01-actuator] [http-nio-8080-exec-4] traceId= c.w.a.g.log.RequestLoggingFilter - event=request_started method=GET uri=/actuator/prometheus
2026-06-09 11:57:06 [INFO][module01-actuator] [http-nio-8080-exec-4] traceId= c.w.a.g.log.RequestLoggingFilter - event=request_completed method=GET uri=/actuator/prometheus status=200 durationMs=195
2026-06-09 11:57:10 [INFO][module01-actuator] [http-nio-8080-exec-8] traceId= c.w.a.g.log.RequestLoggingFilter - event=request_started method=GET uri=/actuator/prometheus
2026-06-09 11:57:11 [INFO][module01-actuator] [http-nio-8080-exec-8] traceId= c.w.a.g.log.RequestLoggingFilter - event=request_completed method=GET uri=/actuator/prometheus status=200 durationMs=356
2026-06-09 11:57:15 [INFO][module01-actuator] [http-nio-8080-exec-9] traceId= c.w.a.g.log.RequestLoggingFilter - event=request_started method=GET uri=/actuator/prometheus
2026-06-09 11:57:16 [INFO][module01-actuator] [http-nio-8080-exec-9] traceId= c.w.a.g.log.RequestLoggingFilter - event=request_completed method=GET uri=/actuator/prometheus status=200 durationMs=208
2026-06-09 11:57:20 [INFO][module01-actuator] [http-nio-8080-exec-2] traceId= c.w.a.g.log.RequestLoggingFilter - event=request_started method=GET uri=/actuator/prometheus
2026-06-09 11:57:21 [INFO][module01-actuator] [http-nio-8080-exec-2] traceId= c.w.a.g.log.RequestLoggingFilter - event=request_completed method=GET uri=/actuator/prometheus status=200 durationMs=333
2026-06-09 11:57:25 [INFO][module01-actuator] [http-nio-8080-exec-7] traceId= c.w.a.g.log.RequestLoggingFilter - event=request_started method=GET uri=/actuator/prometheus
2026-06-09 11:57:26 [INFO][module01-actuator] [http-nio-8080-exec-7] traceId= c.w.a.g.log.RequestLoggingFilter - event=request_completed method=GET uri=/actuator/prometheus status=200 durationMs=191
2026-06-09 11:57:30 [INFO][module01-actuator] [http-nio-8080-exec-6] traceId= c.w.a.g.log.RequestLoggingFilter - event=request_started method=GET uri=/actuator/prometheus
2026-06-09 11:57:31 [INFO][module01-actuator] [http-nio-8080-exec-6] traceId= c.w.a.g.log.RequestLoggingFilter - event=request_completed method=GET uri=/actuator/prometheus status=200 durationMs=178
2026-06-09 11:57:35 [INFO][module01-actuator] [http-nio-8080-exec-11] traceId= c.w.a.g.log.RequestLoggingFilter - event=request_started method=GET uri=/actuator/prometheus
2026-06-09 11:57:36 [INFO][module01-actuator] [http-nio-8080-exec-11] traceId= c.w.a.g.log.RequestLoggingFilter - event=request_completed method=GET uri=/actuator/prometheus status=200 durationMs=363
2026-06-09 11:57:40 [INFO][module01-actuator] [http-nio-8080-exec-3] traceId= c.w.a.g.log.RequestLoggingFilter - event=request_started method=GET uri=/actuator/prometheus
2026-06-09 11:57:41 [INFO][module01-actuator] [http-nio-8080-exec-3] traceId= c.w.a.g.log.RequestLoggingFilter - event=request_completed method=GET uri=/actuator/prometheus status=200 durationMs=227
2026-06-09 11:57:45 [INFO][module01-actuator] [http-nio-8080-exec-10] traceId= c.w.a.g.log.RequestLoggingFilter - event=request_started method=GET uri=/actuator/prometheus
2026-06-09 11:57:46 [INFO][module01-actuator] [http-nio-8080-exec-10] traceId= c.w.a.g.log.RequestLoggingFilter - event=request_completed method=GET uri=/actuator/prometheus status=200 durationMs=183
2026-06-09 11:57:50 [INFO][module01-actuator] [http-nio-8080-exec-5] traceId= c.w.a.g.log.RequestLoggingFilter - event=request_started method=GET uri=/actuator/prometheus
2026-06-09 11:57:51 [INFO][module01-actuator] [http-nio-8080-exec-5] traceId= c.w.a.g.log.RequestLoggingFilter - event=request_completed method=GET uri=/actuator/prometheus status=200 durationMs=236
2026-06-09 11:57:55 [INFO][module01-actuator] [http-nio-8080-exec-4] traceId= c.w.a.g.log.RequestLoggingFilter - event=request_started method=GET uri=/actuator/prometheus
2026-06-09 11:57:56 [INFO][module01-actuator] [http-nio-8080-exec-4] traceId= c.w.a.g.log.RequestLoggingFilter - event=request_completed method=GET uri=/actuator/prometheus status=200 durationMs=185
2026-06-09 11:58:00 [INFO][module01-actuator] [http-nio-8080-exec-8] traceId= c.w.a.g.log.RequestLoggingFilter - event=request_started method=GET uri=/actuator/prometheus
2026-06-09 11:58:01 [INFO][module01-actuator] [http-nio-8080-exec-8] traceId= c.w.a.g.log.RequestLoggingFilter - event=request_completed method=GET uri=/actuator/prometheus status=200 durationMs=403
2026-06-09 11:58:05 [INFO][module01-actuator] [http-nio-8080-exec-9] traceId= c.w.a.g.log.RequestLoggingFilter - event=request_started method=GET uri=/actuator/prometheus
2026-06-09 11:58:06 [INFO][module01-actuator] [http-nio-8080-exec-9] traceId= c.w.a.g.log.RequestLoggingFilter - event=request_completed method=GET uri=/actuator/prometheus status=200 durationMs=279
2026-06-09 11:58:10 [INFO][module01-actuator] [http-nio-8080-exec-2] traceId= c.w.a.g.log.RequestLoggingFilter - event=request_started method=GET uri=/actuator/prometheus
2026-06-09 11:58:11 [INFO][module01-actuator] [http-nio-8080-exec-2] traceId= c.w.a.g.log.RequestLoggingFilter - event=request_completed method=GET uri=/actuator/prometheus status=200 durationMs=344
2026-06-09 11:58:15 [INFO][module01-actuator] [http-nio-8080-exec-7] traceId= c.w.a.g.log.RequestLoggingFilter - event=request_started method=GET uri=/actuator/prometheus
2026-06-09 11:58:16 [INFO][module01-actuator] [http-nio-8080-exec-7] traceId= c.w.a.g.log.RequestLoggingFilter - event=request_completed method=GET uri=/actuator/prometheus status=200 durationMs=181
2026-06-09 11:58:20 [INFO][module01-actuator] [http-nio-8080-exec-6] traceId= c.w.a.g.log.RequestLoggingFilter - event=request_started method=GET uri=/actuator/prometheus
2026-06-09 11:58:21 [INFO][module01-actuator] [http-nio-8080-exec-6] traceId= c.w.a.g.log.RequestLoggingFilter - event=request_completed method=GET uri=/actuator/prometheus status=200 durationMs=177
2026-06-09 11:58:25 [INFO][module01-actuator] [http-nio-8080-exec-11] traceId= c.w.a.g.log.RequestLoggingFilter - event=request_started method=GET uri=/actuator/prometheus
2026-06-09 11:58:26 [INFO][module01-actuator] [http-nio-8080-exec-11] traceId= c.w.a.g.log.RequestLoggingFilter - event=request_completed method=GET uri=/actuator/prometheus status=200 durationMs=202
2026-06-09 11:58:30 [INFO][module01-actuator] [http-nio-8080-exec-3] traceId= c.w.a.g.log.RequestLoggingFilter - event=request_started method=GET uri=/actuator/prometheus
2026-06-09 11:58:31 [INFO][module01-actuator] [http-nio-8080-exec-3] traceId= c.w.a.g.log.RequestLoggingFilter - event=request_completed method=GET uri=/actuator/prometheus status=200 durationMs=218
2026-06-09 11:58:35 [INFO][module01-actuator] [http-nio-8080-exec-10] traceId= c.w.a.g.log.RequestLoggingFilter - event=request_started method=GET uri=/actuator/prometheus
2026-06-09 11:58:36 [INFO][module01-actuator] [http-nio-8080-exec-10] traceId= c.w.a.g.log.RequestLoggingFilter - event=request_completed method=GET uri=/actuator/prometheus status=200 durationMs=407
2026-06-09 11:58:40 [INFO][module01-actuator] [http-nio-8080-exec-5] traceId= c.w.a.g.log.RequestLoggingFilter - event=request_started method=GET uri=/actuator/prometheus
2026-06-09 11:58:41 [INFO][module01-actuator] [http-nio-8080-exec-5] traceId= c.w.a.g.log.RequestLoggingFilter - event=request_completed method=GET uri=/actuator/prometheus status=200 durationMs=343
2026-06-09 11:58:45 [INFO][module01-actuator] [http-nio-8080-exec-4] traceId= c.w.a.g.log.RequestLoggingFilter - event=request_started method=GET uri=/actuator/prometheus
2026-06-09 11:58:46 [INFO][module01-actuator] [http-nio-8080-exec-4] traceId= c.w.a.g.log.RequestLoggingFilter - event=request_completed method=GET uri=/actuator/prometheus status=200 durationMs=249
2026-06-09 11:58:50 [INFO][module01-actuator] [http-nio-8080-exec-8] traceId= c.w.a.g.log.RequestLoggingFilter - event=request_started method=GET uri=/actuator/prometheus
2026-06-09 11:58:51 [INFO][module01-actuator] [http-nio-8080-exec-8] traceId= c.w.a.g.log.RequestLoggingFilter - event=request_completed method=GET uri=/actuator/prometheus status=200 durationMs=154
2026-06-09 11:58:55 [INFO][module01-actuator] [http-nio-8080-exec-9] traceId= c.w.a.g.log.RequestLoggingFilter - event=request_started method=GET uri=/actuator/prometheus
2026-06-09 11:58:56 [INFO][module01-actuator] [http-nio-8080-exec-9] traceId= c.w.a.g.log.RequestLoggingFilter - event=request_completed method=GET uri=/actuator/prometheus status=200 durationMs=202
2026-06-09 11:59:00 [INFO][module01-actuator] [http-nio-8080-exec-2] traceId= c.w.a.g.log.RequestLoggingFilter - event=request_started method=GET uri=/actuator/prometheus
2026-06-09 11:59:01 [INFO][module01-actuator] [http-nio-8080-exec-2] traceId= c.w.a.g.log.RequestLoggingFilter - event=request_completed method=GET uri=/actuator/prometheus status=200 durationMs=185
2026-06-09 11:59:05 [INFO][module01-actuator] [http-nio-8080-exec-7] traceId= c.w.a.g.log.RequestLoggingFilter - event=request_started method=GET uri=/actuator/prometheus
2026-06-09 11:59:06 [INFO][module01-actuator] [http-nio-8080-exec-7] traceId= c.w.a.g.log.RequestLoggingFilter - event=request_completed method=GET uri=/actuator/prometheus status=200 durationMs=187
2026-06-09 11:59:10 [INFO][module01-actuator] [http-nio-8080-exec-6] traceId= c.w.a.g.log.RequestLoggingFilter - event=request_started method=GET uri=/actuator/prometheus
2026-06-09 11:59:11 [INFO][module01-actuator] [http-nio-8080-exec-6] traceId= c.w.a.g.log.RequestLoggingFilter - event=request_completed method=GET uri=/actuator/prometheus status=200 durationMs=484
2026-06-09 11:59:15 [INFO][module01-actuator] [http-nio-8080-exec-11] traceId= c.w.a.g.log.RequestLoggingFilter - event=request_started method=GET uri=/actuator/prometheus
2026-06-09 11:59:16 [INFO][module01-actuator] [http-nio-8080-exec-11] traceId= c.w.a.g.log.RequestLoggingFilter - event=request_completed method=GET uri=/actuator/prometheus status=200 durationMs=439
2026-06-09 11:59:20 [INFO][module01-actuator] [http-nio-8080-exec-3] traceId= c.w.a.g.log.RequestLoggingFilter - event=request_started method=GET uri=/actuator/prometheus
2026-06-09 11:59:21 [INFO][module01-actuator] [http-nio-8080-exec-3] traceId= c.w.a.g.log.RequestLoggingFilter - event=request_completed method=GET uri=/actuator/prometheus status=200 durationMs=297
2026-06-09 11:59:25 [INFO][module01-actuator] [http-nio-8080-exec-10] traceId= c.w.a.g.log.RequestLoggingFilter - event=request_started method=GET uri=/actuator/prometheus
2026-06-09 11:59:26 [INFO][module01-actuator] [http-nio-8080-exec-10] traceId= c.w.a.g.log.RequestLoggingFilter - event=request_completed method=GET uri=/actuator/prometheus status=200 durationMs=176
2026-06-09 11:59:30 [INFO][module01-actuator] [http-nio-8080-exec-5] traceId= c.w.a.g.log.RequestLoggingFilter - event=request_started method=GET uri=/actuator/prometheus
2026-06-09 11:59:31 [INFO][module01-actuator] [http-nio-8080-exec-5] traceId= c.w.a.g.log.RequestLoggingFilter - event=request_completed method=GET uri=/actuator/prometheus status=200 durationMs=359
2026-06-09 11:59:35 [INFO][module01-actuator] [http-nio-8080-exec-4] traceId= c.w.a.g.log.RequestLoggingFilter - event=request_started method=GET uri=/actuator/prometheus
2026-06-09 11:59:36 [INFO][module01-actuator] [http-nio-8080-exec-4] traceId= c.w.a.g.log.RequestLoggingFilter - event=request_completed method=GET uri=/actuator/prometheus status=200 durationMs=239
2026-06-09 11:59:40 [INFO][module01-actuator] [http-nio-8080-exec-8] traceId= c.w.a.g.log.RequestLoggingFilter - event=request_started method=GET uri=/actuator/prometheus
2026-06-09 11:59:41 [INFO][module01-actuator] [http-nio-8080-exec-8] traceId= c.w.a.g.log.RequestLoggingFilter - event=request_completed method=GET uri=/actuator/prometheus status=200 durationMs=185
2026-06-09 11:59:45 [INFO][module01-actuator] [http-nio-8080-exec-9] traceId= c.w.a.g.log.RequestLoggingFilter - event=request_started method=GET uri=/actuator/prometheus
2026-06-09 11:59:46 [INFO][module01-actuator] [http-nio-8080-exec-9] traceId= c.w.a.g.log.RequestLoggingFilter - event=request_completed method=GET uri=/actuator/prometheus status=200 durationMs=203
2026-06-09 11:59:50 [INFO][module01-actuator] [http-nio-8080-exec-2] traceId= c.w.a.g.log.RequestLoggingFilter - event=request_started method=GET uri=/actuator/prometheus
2026-06-09 11:59:51 [INFO][module01-actuator] [http-nio-8080-exec-2] traceId= c.w.a.g.log.RequestLoggingFilter - event=request_completed method=GET uri=/actuator/prometheus status=200 durationMs=241
2026-06-09 11:59:55 [INFO][module01-actuator] [http-nio-8080-exec-7] traceId= c.w.a.g.log.RequestLoggingFilter - event=request_started method=GET uri=/actuator/prometheus
2026-06-09 11:59:56 [INFO][module01-actuator] [http-nio-8080-exec-7] traceId= c.w.a.g.log.RequestLoggingFilter - event=request_completed method=GET uri=/actuator/prometheus status=200 durationMs=256
2026-06-09 12:00:00 [INFO][module01-actuator] [http-nio-8080-exec-6] traceId= c.w.a.g.log.RequestLoggingFilter - event=request_started method=GET uri=/actuator/prometheus
2026-06-09 12:00:01 [INFO][module01-actuator] [http-nio-8080-exec-6] traceId= c.w.a.g.log.RequestLoggingFilter - event=request_completed method=GET uri=/actuator/prometheus status=200 durationMs=624
2026-06-09 12:00:05 [INFO][module01-actuator] [http-nio-8080-exec-11] traceId= c.w.a.g.log.RequestLoggingFilter - event=request_started method=GET uri=/actuator/prometheus
2026-06-09 12:00:06 [INFO][module01-actuator] [http-nio-8080-exec-11] traceId= c.w.a.g.log.RequestLoggingFilter - event=request_completed method=GET uri=/actuator/prometheus status=200 durationMs=278
2026-06-09 12:00:10 [INFO][module01-actuator] [http-nio-8080-exec-3] traceId= c.w.a.g.log.RequestLoggingFilter - event=request_started method=GET uri=/actuator/prometheus
2026-06-09 12:00:11 [INFO][module01-actuator] [http-nio-8080-exec-3] traceId= c.w.a.g.log.RequestLoggingFilter - event=request_completed method=GET uri=/actuator/prometheus status=200 durationMs=364
2026-06-09 12:00:15 [INFO][module01-actuator] [http-nio-8080-exec-10] traceId= c.w.a.g.log.RequestLoggingFilter - event=request_started method=GET uri=/actuator/prometheus
2026-06-09 12:00:16 [INFO][module01-actuator] [http-nio-8080-exec-10] traceId= c.w.a.g.log.RequestLoggingFilter - event=request_completed method=GET uri=/actuator/prometheus status=200 durationMs=307
2026-06-09 12:00:20 [INFO][module01-actuator] [http-nio-8080-exec-5] traceId= c.w.a.g.log.RequestLoggingFilter - event=request_started method=GET uri=/actuator/prometheus
2026-06-09 12:00:21 [INFO][module01-actuator] [http-nio-8080-exec-5] traceId= c.w.a.g.log.RequestLoggingFilter - event=request_completed method=GET uri=/actuator/prometheus status=200 durationMs=256
2026-06-09 12:00:25 [INFO][module01-actuator] [http-nio-8080-exec-4] traceId= c.w.a.g.log.RequestLoggingFilter - event=request_started method=GET uri=/actuator/prometheus
2026-06-09 12:00:26 [INFO][module01-actuator] [http-nio-8080-exec-4] traceId= c.w.a.g.log.RequestLoggingFilter - event=request_completed method=GET uri=/actuator/prometheus status=200 durationMs=243
2026-06-09 12:00:30 [INFO][module01-actuator] [http-nio-8080-exec-8] traceId= c.w.a.g.log.RequestLoggingFilter - event=request_started method=GET uri=/actuator/prometheus
2026-06-09 12:00:31 [INFO][module01-actuator] [http-nio-8080-exec-8] traceId= c.w.a.g.log.RequestLoggingFilter - event=request_completed method=GET uri=/actuator/prometheus status=200 durationMs=276
2026-06-09 12:00:35 [INFO][module01-actuator] [http-nio-8080-exec-9] traceId= c.w.a.g.log.RequestLoggingFilter - event=request_started method=GET uri=/actuator/prometheus
2026-06-09 12:00:36 [INFO][module01-actuator] [http-nio-8080-exec-9] traceId= c.w.a.g.log.RequestLoggingFilter - event=request_completed method=GET uri=/actuator/prometheus status=200 durationMs=158
2026-06-09 12:00:40 [INFO][module01-actuator] [http-nio-8080-exec-2] traceId= c.w.a.g.log.RequestLoggingFilter - event=request_started method=GET uri=/actuator/prometheus
2026-06-09 12:00:41 [INFO][module01-actuator] [http-nio-8080-exec-2] traceId= c.w.a.g.log.RequestLoggingFilter - event=request_completed method=GET uri=/actuator/prometheus status=200 durationMs=204
2026-06-09 12:00:45 [INFO][module01-actuator] [http-nio-8080-exec-7] traceId= c.w.a.g.log.RequestLoggingFilter - event=request_started method=GET uri=/actuator/prometheus
2026-06-09 12:00:46 [INFO][module01-actuator] [http-nio-8080-exec-7] traceId= c.w.a.g.log.RequestLoggingFilter - event=request_completed method=GET uri=/actuator/prometheus status=200 durationMs=190
2026-06-09 12:00:50 [INFO][module01-actuator] [http-nio-8080-exec-6] traceId= c.w.a.g.log.RequestLoggingFilter - event=request_started method=GET uri=/actuator/prometheus
2026-06-09 12:00:51 [INFO][module01-actuator] [http-nio-8080-exec-6] traceId= c.w.a.g.log.RequestLoggingFilter - event=request_completed method=GET uri=/actuator/prometheus status=200 durationMs=282
2026-06-09 12:00:55 [INFO][module01-actuator] [http-nio-8080-exec-11] traceId= c.w.a.g.log.RequestLoggingFilter - event=request_started method=GET uri=/actuator/prometheus
2026-06-09 12:00:56 [INFO][module01-actuator] [http-nio-8080-exec-11] traceId= c.w.a.g.log.RequestLoggingFilter - event=request_completed method=GET uri=/actuator/prometheus status=200 durationMs=262
2026-06-09 12:01:00 [INFO][module01-actuator] [http-nio-8080-exec-3] traceId= c.w.a.g.log.RequestLoggingFilter - event=request_started method=GET uri=/actuator/prometheus
2026-06-09 12:01:01 [INFO][module01-actuator] [http-nio-8080-exec-3] traceId= c.w.a.g.log.RequestLoggingFilter - event=request_completed method=GET uri=/actuator/prometheus status=200 durationMs=157
2026-06-09 12:01:05 [INFO][module01-actuator] [http-nio-8080-exec-10] traceId= c.w.a.g.log.RequestLoggingFilter - event=request_started method=GET uri=/actuator/prometheus
2026-06-09 12:01:06 [INFO][module01-actuator] [http-nio-8080-exec-10] traceId= c.w.a.g.log.RequestLoggingFilter - event=request_completed method=GET uri=/actuator/prometheus status=200 durationMs=260
2026-06-09 12:01:10 [INFO][module01-actuator] [http-nio-8080-exec-5] traceId= c.w.a.g.log.RequestLoggingFilter - event=request_started method=GET uri=/actuator/prometheus
2026-06-09 12:01:11 [INFO][module01-actuator] [http-nio-8080-exec-5] traceId= c.w.a.g.log.RequestLoggingFilter - event=request_completed method=GET uri=/actuator/prometheus status=200 durationMs=613
2026-06-09 12:01:15 [INFO][module01-actuator] [http-nio-8080-exec-4] traceId= c.w.a.g.log.RequestLoggingFilter - event=request_started method=GET uri=/actuator/prometheus
2026-06-09 12:01:16 [INFO][module01-actuator] [http-nio-8080-exec-4] traceId= c.w.a.g.log.RequestLoggingFilter - event=request_completed method=GET uri=/actuator/prometheus status=200 durationMs=205
2026-06-09 12:01:20 [INFO][module01-actuator] [http-nio-8080-exec-8] traceId= c.w.a.g.log.RequestLoggingFilter - event=request_started method=GET uri=/actuator/prometheus
2026-06-09 12:01:21 [INFO][module01-actuator] [http-nio-8080-exec-8] traceId= c.w.a.g.log.RequestLoggingFilter - event=request_completed method=GET uri=/actuator/prometheus status=200 durationMs=156
2026-06-09 12:01:25 [INFO][module01-actuator] [http-nio-8080-exec-9] traceId= c.w.a.g.log.RequestLoggingFilter - event=request_started method=GET uri=/actuator/prometheus
2026-06-09 12:01:26 [INFO][module01-actuator] [http-nio-8080-exec-9] traceId= c.w.a.g.log.RequestLoggingFilter - event=request_completed method=GET uri=/actuator/prometheus status=200 durationMs=192
2026-06-09 12:01:30 [INFO][module01-actuator] [http-nio-8080-exec-2] traceId= c.w.a.g.log.RequestLoggingFilter - event=request_started method=GET uri=/actuator/prometheus
2026-06-09 12:01:31 [INFO][module01-actuator] [http-nio-8080-exec-2] traceId= c.w.a.g.log.RequestLoggingFilter - event=request_completed method=GET uri=/actuator/prometheus status=200 durationMs=226
2026-06-09 12:01:35 [INFO][module01-actuator] [http-nio-8080-exec-7] traceId= c.w.a.g.log.RequestLoggingFilter - event=request_started method=GET uri=/actuator/prometheus
2026-06-09 12:01:36 [INFO][module01-actuator] [http-nio-8080-exec-7] traceId= c.w.a.g.log.RequestLoggingFilter - event=request_completed method=GET uri=/actuator/prometheus status=200 durationMs=409
2026-06-09 12:01:40 [INFO][module01-actuator] [http-nio-8080-exec-6] traceId= c.w.a.g.log.RequestLoggingFilter - event=request_started method=GET uri=/actuator/prometheus
2026-06-09 12:01:41 [INFO][module01-actuator] [http-nio-8080-exec-6] traceId= c.w.a.g.log.RequestLoggingFilter - event=request_completed method=GET uri=/actuator/prometheus status=200 durationMs=818
2026-06-09 12:01:45 [INFO][module01-actuator] [http-nio-8080-exec-11] traceId= c.w.a.g.log.RequestLoggingFilter - event=request_started method=GET uri=/actuator/prometheus
2026-06-09 12:01:46 [INFO][module01-actuator] [http-nio-8080-exec-11] traceId= c.w.a.g.log.RequestLoggingFilter - event=request_completed method=GET uri=/actuator/prometheus status=200 durationMs=419
2026-06-09 12:01:50 [INFO][module01-actuator] [http-nio-8080-exec-3] traceId= c.w.a.g.log.RequestLoggingFilter - event=request_started method=GET uri=/actuator/prometheus
2026-06-09 12:01:51 [INFO][module01-actuator] [http-nio-8080-exec-3] traceId= c.w.a.g.log.RequestLoggingFilter - event=request_completed method=GET uri=/actuator/prometheus status=200 durationMs=566
2026-06-09 12:01:55 [INFO][module01-actuator] [http-nio-8080-exec-10] traceId= c.w.a.g.log.RequestLoggingFilter - event=request_started method=GET uri=/actuator/prometheus
2026-06-09 12:01:56 [INFO][module01-actuator] [http-nio-8080-exec-10] traceId= c.w.a.g.log.RequestLoggingFilter - event=request_completed method=GET uri=/actuator/prometheus status=200 durationMs=364
2026-06-09 12:02:00 [INFO][module01-actuator] [http-nio-8080-exec-5] traceId= c.w.a.g.log.RequestLoggingFilter - event=request_started method=GET uri=/actuator/prometheus
2026-06-09 12:02:01 [INFO][module01-actuator] [http-nio-8080-exec-5] traceId= c.w.a.g.log.RequestLoggingFilter - event=request_completed method=GET uri=/actuator/prometheus status=200 durationMs=207
2026-06-09 12:02:05 [INFO][module01-actuator] [http-nio-8080-exec-4] traceId= c.w.a.g.log.RequestLoggingFilter - event=request_started method=GET uri=/actuator/prometheus
2026-06-09 12:02:06 [INFO][module01-actuator] [http-nio-8080-exec-4] traceId= c.w.a.g.log.RequestLoggingFilter - event=request_completed method=GET uri=/actuator/prometheus status=200 durationMs=186
2026-06-09 12:02:10 [INFO][module01-actuator] [http-nio-8080-exec-8] traceId= c.w.a.g.log.RequestLoggingFilter - event=request_started method=GET uri=/actuator/prometheus
2026-06-09 12:02:11 [INFO][module01-actuator] [http-nio-8080-exec-8] traceId= c.w.a.g.log.RequestLoggingFilter - event=request_completed method=GET uri=/actuator/prometheus status=200 durationMs=171
2026-06-09 12:02:15 [INFO][module01-actuator] [http-nio-8080-exec-9] traceId= c.w.a.g.log.RequestLoggingFilter - event=request_started method=GET uri=/actuator/prometheus
2026-06-09 12:02:16 [INFO][module01-actuator] [http-nio-8080-exec-9] traceId= c.w.a.g.log.RequestLoggingFilter - event=request_completed method=GET uri=/actuator/prometheus status=200 durationMs=241
2026-06-09 12:02:20 [INFO][module01-actuator] [http-nio-8080-exec-2] traceId= c.w.a.g.log.RequestLoggingFilter - event=request_started method=GET uri=/actuator/prometheus
2026-06-09 12:02:21 [INFO][module01-actuator] [http-nio-8080-exec-2] traceId= c.w.a.g.log.RequestLoggingFilter - event=request_completed method=GET uri=/actuator/prometheus status=200 durationMs=316
2026-06-09 12:02:25 [INFO][module01-actuator] [http-nio-8080-exec-7] traceId= c.w.a.g.log.RequestLoggingFilter - event=request_started method=GET uri=/actuator/prometheus
2026-06-09 12:02:26 [INFO][module01-actuator] [http-nio-8080-exec-7] traceId= c.w.a.g.log.RequestLoggingFilter - event=request_completed method=GET uri=/actuator/prometheus status=200 durationMs=696
2026-06-09 12:02:30 [INFO][module01-actuator] [http-nio-8080-exec-6] traceId= c.w.a.g.log.RequestLoggingFilter - event=request_started method=GET uri=/actuator/prometheus
2026-06-09 12:02:31 [INFO][module01-actuator] [http-nio-8080-exec-6] traceId= c.w.a.g.log.RequestLoggingFilter - event=request_completed method=GET uri=/actuator/prometheus status=200 durationMs=183
2026-06-09 12:02:35 [INFO][module01-actuator] [http-nio-8080-exec-11] traceId= c.w.a.g.log.RequestLoggingFilter - event=request_started method=GET uri=/actuator/prometheus
2026-06-09 12:02:36 [INFO][module01-actuator] [http-nio-8080-exec-11] traceId= c.w.a.g.log.RequestLoggingFilter - event=request_completed method=GET uri=/actuator/prometheus status=200 durationMs=333
2026-06-09 12:02:40 [INFO][module01-actuator] [http-nio-8080-exec-10] traceId= c.w.a.g.log.RequestLoggingFilter - event=request_started method=GET uri=/actuator/prometheus
2026-06-09 12:02:41 [INFO][module01-actuator] [http-nio-8080-exec-10] traceId= c.w.a.g.log.RequestLoggingFilter - event=request_completed method=GET uri=/actuator/prometheus status=200 durationMs=387
2026-06-09 12:02:45 [INFO][module01-actuator] [http-nio-8080-exec-5] traceId= c.w.a.g.log.RequestLoggingFilter - event=request_started method=GET uri=/actuator/prometheus
2026-06-09 12:02:46 [INFO][module01-actuator] [http-nio-8080-exec-5] traceId= c.w.a.g.log.RequestLoggingFilter - event=request_completed method=GET uri=/actuator/prometheus status=200 durationMs=278
2026-06-09 12:02:50 [INFO][module01-actuator] [http-nio-8080-exec-4] traceId= c.w.a.g.log.RequestLoggingFilter - event=request_started method=GET uri=/actuator/prometheus
2026-06-09 12:02:51 [INFO][module01-actuator] [http-nio-8080-exec-4] traceId= c.w.a.g.log.RequestLoggingFilter - event=request_completed method=GET uri=/actuator/prometheus status=200 durationMs=159
2026-06-09 12:02:55 [INFO][module01-actuator] [http-nio-8080-exec-8] traceId= c.w.a.g.log.RequestLoggingFilter - event=request_started method=GET uri=/actuator/prometheus
2026-06-09 12:02:57 [INFO][module01-actuator] [http-nio-8080-exec-8] traceId= c.w.a.g.log.RequestLoggingFilter - event=request_completed method=GET uri=/actuator/prometheus status=200 durationMs=1442
2026-06-09 12:03:00 [INFO][module01-actuator] [http-nio-8080-exec-9] traceId= c.w.a.g.log.RequestLoggingFilter - event=request_started method=GET uri=/actuator/prometheus
2026-06-09 12:03:01 [INFO][module01-actuator] [http-nio-8080-exec-9] traceId= c.w.a.g.log.RequestLoggingFilter - event=request_completed method=GET uri=/actuator/prometheus status=200 durationMs=524
2026-06-09 12:03:05 [INFO][module01-actuator] [http-nio-8080-exec-2] traceId= c.w.a.g.log.RequestLoggingFilter - event=request_started method=GET uri=/actuator/prometheus
2026-06-09 12:03:06 [INFO][module01-actuator] [http-nio-8080-exec-2] traceId= c.w.a.g.log.RequestLoggingFilter - event=request_completed method=GET uri=/actuator/prometheus status=200 durationMs=304
2026-06-09 12:03:10 [INFO][module01-actuator] [http-nio-8080-exec-7] traceId= c.w.a.g.log.RequestLoggingFilter - event=request_started method=GET uri=/actuator/prometheus
2026-06-09 12:03:11 [INFO][module01-actuator] [http-nio-8080-exec-7] traceId= c.w.a.g.log.RequestLoggingFilter - event=request_completed method=GET uri=/actuator/prometheus status=200 durationMs=762
2026-06-09 12:03:15 [INFO][module01-actuator] [http-nio-8080-exec-6] traceId= c.w.a.g.log.RequestLoggingFilter - event=request_started method=GET uri=/actuator/prometheus
2026-06-09 12:03:16 [INFO][module01-actuator] [http-nio-8080-exec-6] traceId= c.w.a.g.log.RequestLoggingFilter - event=request_completed method=GET uri=/actuator/prometheus status=200 durationMs=378
2026-06-09 12:03:20 [INFO][module01-actuator] [http-nio-8080-exec-11] traceId= c.w.a.g.log.RequestLoggingFilter - event=request_started method=GET uri=/actuator/prometheus
2026-06-09 12:03:21 [INFO][module01-actuator] [http-nio-8080-exec-11] traceId= c.w.a.g.log.RequestLoggingFilter - event=request_completed method=GET uri=/actuator/prometheus status=200 durationMs=184
2026-06-09 12:03:25 [INFO][module01-actuator] [http-nio-8080-exec-3] traceId= c.w.a.g.log.RequestLoggingFilter - event=request_started method=GET uri=/actuator/prometheus
2026-06-09 12:03:26 [INFO][module01-actuator] [http-nio-8080-exec-3] traceId= c.w.a.g.log.RequestLoggingFilter - event=request_completed method=GET uri=/actuator/prometheus status=200 durationMs=196
2026-06-09 12:03:30 [INFO][module01-actuator] [http-nio-8080-exec-10] traceId= c.w.a.g.log.RequestLoggingFilter - event=request_started method=GET uri=/actuator/prometheus
2026-06-09 12:03:31 [INFO][module01-actuator] [http-nio-8080-exec-10] traceId= c.w.a.g.log.RequestLoggingFilter - event=request_completed method=GET uri=/actuator/prometheus status=200 durationMs=207
2026-06-09 12:03:35 [INFO][module01-actuator] [http-nio-8080-exec-5] traceId= c.w.a.g.log.RequestLoggingFilter - event=request_started method=GET uri=/actuator/prometheus
2026-06-09 12:03:36 [INFO][module01-actuator] [http-nio-8080-exec-5] traceId= c.w.a.g.log.RequestLoggingFilter - event=request_completed method=GET uri=/actuator/prometheus status=200 durationMs=367
2026-06-09 12:03:40 [INFO][module01-actuator] [http-nio-8080-exec-4] traceId= c.w.a.g.log.RequestLoggingFilter - event=request_started method=GET uri=/actuator/prometheus
2026-06-09 12:03:41 [INFO][module01-actuator] [http-nio-8080-exec-4] traceId= c.w.a.g.log.RequestLoggingFilter - event=request_completed method=GET uri=/actuator/prometheus status=200 durationMs=631
2026-06-09 12:03:45 [INFO][module01-actuator] [http-nio-8080-exec-8] traceId= c.w.a.g.log.RequestLoggingFilter - event=request_started method=GET uri=/actuator/prometheus
2026-06-09 12:03:46 [INFO][module01-actuator] [http-nio-8080-exec-8] traceId= c.w.a.g.log.RequestLoggingFilter - event=request_completed method=GET uri=/actuator/prometheus status=200 durationMs=407
2026-06-09 12:03:50 [INFO][module01-actuator] [http-nio-8080-exec-9] traceId= c.w.a.g.log.RequestLoggingFilter - event=request_started method=GET uri=/actuator/prometheus
2026-06-09 12:03:51 [INFO][module01-actuator] [http-nio-8080-exec-9] traceId= c.w.a.g.log.RequestLoggingFilter - event=request_completed method=GET uri=/actuator/prometheus status=200 durationMs=774
2026-06-09 12:03:55 [INFO][module01-actuator] [http-nio-8080-exec-2] traceId= c.w.a.g.log.RequestLoggingFilter - event=request_started method=GET uri=/actuator/prometheus
2026-06-09 12:03:56 [INFO][module01-actuator] [http-nio-8080-exec-2] traceId= c.w.a.g.log.RequestLoggingFilter - event=request_completed method=GET uri=/actuator/prometheus status=200 durationMs=375
2026-06-09 12:04:00 [INFO][module01-actuator] [http-nio-8080-exec-7] traceId= c.w.a.g.log.RequestLoggingFilter - event=request_started method=GET uri=/actuator/prometheus
2026-06-09 12:04:01 [INFO][module01-actuator] [http-nio-8080-exec-7] traceId= c.w.a.g.log.RequestLoggingFilter - event=request_completed method=GET uri=/actuator/prometheus status=200 durationMs=718
2026-06-09 12:04:05 [INFO][module01-actuator] [http-nio-8080-exec-11] traceId= c.w.a.g.log.RequestLoggingFilter - event=request_started method=GET uri=/actuator/prometheus
2026-06-09 12:04:06 [INFO][module01-actuator] [http-nio-8080-exec-11] traceId= c.w.a.g.log.RequestLoggingFilter - event=request_completed method=GET uri=/actuator/prometheus status=200 durationMs=427
2026-06-09 12:04:10 [INFO][module01-actuator] [http-nio-8080-exec-3] traceId= c.w.a.g.log.RequestLoggingFilter - event=request_started method=GET uri=/actuator/prometheus
2026-06-09 12:04:11 [INFO][module01-actuator] [http-nio-8080-exec-3] traceId= c.w.a.g.log.RequestLoggingFilter - event=request_completed method=GET uri=/actuator/prometheus status=200 durationMs=812
2026-06-09 12:04:15 [INFO][module01-actuator] [http-nio-8080-exec-10] traceId= c.w.a.g.log.RequestLoggingFilter - event=request_started method=GET uri=/actuator/prometheus
2026-06-09 12:04:16 [INFO][module01-actuator] [http-nio-8080-exec-10] traceId= c.w.a.g.log.RequestLoggingFilter - event=request_completed method=GET uri=/actuator/prometheus status=200 durationMs=361
2026-06-09 12:04:20 [INFO][module01-actuator] [http-nio-8080-exec-5] traceId= c.w.a.g.log.RequestLoggingFilter - event=request_started method=GET uri=/actuator/prometheus
2026-06-09 12:04:21 [INFO][module01-actuator] [http-nio-8080-exec-5] traceId= c.w.a.g.log.RequestLoggingFilter - event=request_completed method=GET uri=/actuator/prometheus status=200 durationMs=760
2026-06-09 12:04:25 [INFO][module01-actuator] [http-nio-8080-exec-4] traceId= c.w.a.g.log.RequestLoggingFilter - event=request_started method=GET uri=/actuator/prometheus
2026-06-09 12:04:26 [INFO][module01-actuator] [http-nio-8080-exec-4] traceId= c.w.a.g.log.RequestLoggingFilter - event=request_completed method=GET uri=/actuator/prometheus status=200 durationMs=369
2026-06-09 12:04:30 [INFO][module01-actuator] [http-nio-8080-exec-8] traceId= c.w.a.g.log.RequestLoggingFilter - event=request_started method=GET uri=/actuator/prometheus
2026-06-09 12:04:31 [INFO][module01-actuator] [http-nio-8080-exec-8] traceId= c.w.a.g.log.RequestLoggingFilter - event=request_completed method=GET uri=/actuator/prometheus status=200 durationMs=707
2026-06-09 12:04:35 [INFO][module01-actuator] [http-nio-8080-exec-9] traceId= c.w.a.g.log.RequestLoggingFilter - event=request_started method=GET uri=/actuator/prometheus
2026-06-09 12:04:36 [INFO][module01-actuator] [http-nio-8080-exec-9] traceId= c.w.a.g.log.RequestLoggingFilter - event=request_completed method=GET uri=/actuator/prometheus status=200 durationMs=376
2026-06-09 12:04:40 [INFO][module01-actuator] [http-nio-8080-exec-2] traceId= c.w.a.g.log.RequestLoggingFilter - event=request_started method=GET uri=/actuator/prometheus
2026-06-09 12:04:41 [INFO][module01-actuator] [http-nio-8080-exec-2] traceId= c.w.a.g.log.RequestLoggingFilter - event=request_completed method=GET uri=/actuator/prometheus status=200 durationMs=761
2026-06-09 12:04:45 [INFO][module01-actuator] [http-nio-8080-exec-7] traceId= c.w.a.g.log.RequestLoggingFilter - event=request_started method=GET uri=/actuator/prometheus
2026-06-09 12:04:46 [INFO][module01-actuator] [http-nio-8080-exec-7] traceId= c.w.a.g.log.RequestLoggingFilter - event=request_completed method=GET uri=/actuator/prometheus status=200 durationMs=373
2026-06-09 12:04:50 [INFO][module01-actuator] [http-nio-8080-exec-6] traceId= c.w.a.g.log.RequestLoggingFilter - event=request_started method=GET uri=/actuator/prometheus
2026-06-09 12:04:51 [INFO][module01-actuator] [http-nio-8080-exec-6] traceId= c.w.a.g.log.RequestLoggingFilter - event=request_completed method=GET uri=/actuator/prometheus status=200 durationMs=443
2026-06-09 12:04:55 [INFO][module01-actuator] [http-nio-8080-exec-11] traceId= c.w.a.g.log.RequestLoggingFilter - event=request_started method=GET uri=/actuator/prometheus
2026-06-09 12:04:56 [INFO][module01-actuator] [http-nio-8080-exec-11] traceId= c.w.a.g.log.RequestLoggingFilter - event=request_completed method=GET uri=/actuator/prometheus status=200 durationMs=393
2026-06-09 12:05:00 [INFO][module01-actuator] [http-nio-8080-exec-3] traceId= c.w.a.g.log.RequestLoggingFilter - event=request_started method=GET uri=/actuator/prometheus
2026-06-09 12:05:01 [INFO][module01-actuator] [http-nio-8080-exec-3] traceId= c.w.a.g.log.RequestLoggingFilter - event=request_completed method=GET uri=/actuator/prometheus status=200 durationMs=786
2026-06-09 12:05:06 [INFO][module01-actuator] [http-nio-8080-exec-10] traceId= c.w.a.g.log.RequestLoggingFilter - event=request_started method=GET uri=/actuator/prometheus
2026-06-09 12:05:06 [INFO][module01-actuator] [http-nio-8080-exec-10] traceId= c.w.a.g.log.RequestLoggingFilter - event=request_completed method=GET uri=/actuator/prometheus status=200 durationMs=780
2026-06-09 12:05:10 [INFO][module01-actuator] [http-nio-8080-exec-5] traceId= c.w.a.g.log.RequestLoggingFilter - event=request_started method=GET uri=/actuator/prometheus
2026-06-09 12:05:11 [INFO][module01-actuator] [http-nio-8080-exec-5] traceId= c.w.a.g.log.RequestLoggingFilter - event=request_completed method=GET uri=/actuator/prometheus status=200 durationMs=550
2026-06-09 12:05:15 [INFO][module01-actuator] [http-nio-8080-exec-4] traceId= c.w.a.g.log.RequestLoggingFilter - event=request_started method=GET uri=/actuator/prometheus
2026-06-09 12:05:16 [INFO][module01-actuator] [http-nio-8080-exec-4] traceId= c.w.a.g.log.RequestLoggingFilter - event=request_completed method=GET uri=/actuator/prometheus status=200 durationMs=547
2026-06-09 12:05:20 [INFO][module01-actuator] [http-nio-8080-exec-8] traceId= c.w.a.g.log.RequestLoggingFilter - event=request_started method=GET uri=/actuator/prometheus
2026-06-09 12:05:21 [INFO][module01-actuator] [http-nio-8080-exec-8] traceId= c.w.a.g.log.RequestLoggingFilter - event=request_completed method=GET uri=/actuator/prometheus status=200 durationMs=690
2026-06-09 12:05:25 [INFO][module01-actuator] [http-nio-8080-exec-9] traceId= c.w.a.g.log.RequestLoggingFilter - event=request_started method=GET uri=/actuator/prometheus
2026-06-09 12:05:26 [INFO][module01-actuator] [http-nio-8080-exec-9] traceId= c.w.a.g.log.RequestLoggingFilter - event=request_completed method=GET uri=/actuator/prometheus status=200 durationMs=391
2026-06-09 12:05:30 [INFO][module01-actuator] [http-nio-8080-exec-2] traceId= c.w.a.g.log.RequestLoggingFilter - event=request_started method=GET uri=/actuator/prometheus
2026-06-09 12:05:31 [INFO][module01-actuator] [http-nio-8080-exec-2] traceId= c.w.a.g.log.RequestLoggingFilter - event=request_completed method=GET uri=/actuator/prometheus status=200 durationMs=739
2026-06-09 12:05:35 [INFO][module01-actuator] [http-nio-8080-exec-7] traceId= c.w.a.g.log.RequestLoggingFilter - event=request_started method=GET uri=/actuator/prometheus
2026-06-09 12:05:36 [INFO][module01-actuator] [http-nio-8080-exec-7] traceId= c.w.a.g.log.RequestLoggingFilter - event=request_completed method=GET uri=/actuator/prometheus status=200 durationMs=389
2026-06-09 12:05:40 [INFO][module01-actuator] [http-nio-8080-exec-6] traceId= c.w.a.g.log.RequestLoggingFilter - event=request_started method=GET uri=/actuator/prometheus
2026-06-09 12:05:41 [INFO][module01-actuator] [http-nio-8080-exec-6] traceId= c.w.a.g.log.RequestLoggingFilter - event=request_completed method=GET uri=/actuator/prometheus status=200 durationMs=713
2026-06-09 12:05:45 [INFO][module01-actuator] [http-nio-8080-exec-11] traceId= c.w.a.g.log.RequestLoggingFilter - event=request_started method=GET uri=/actuator/prometheus
2026-06-09 12:05:46 [INFO][module01-actuator] [http-nio-8080-exec-11] traceId= c.w.a.g.log.RequestLoggingFilter - event=request_completed method=GET uri=/actuator/prometheus status=200 durationMs=456
2026-06-09 12:05:50 [INFO][module01-actuator] [http-nio-8080-exec-3] traceId= c.w.a.g.log.RequestLoggingFilter - event=request_started method=GET uri=/actuator/prometheus
2026-06-09 12:05:51 [INFO][module01-actuator] [http-nio-8080-exec-3] traceId= c.w.a.g.log.RequestLoggingFilter - event=request_completed method=GET uri=/actuator/prometheus status=200 durationMs=775
2026-06-09 12:05:55 [INFO][module01-actuator] [http-nio-8080-exec-10] traceId= c.w.a.g.log.RequestLoggingFilter - event=request_started method=GET uri=/actuator/prometheus
2026-06-09 12:05:56 [INFO][module01-actuator] [http-nio-8080-exec-10] traceId= c.w.a.g.log.RequestLoggingFilter - event=request_completed method=GET uri=/actuator/prometheus status=200 durationMs=354
2026-06-09 12:06:00 [INFO][module01-actuator] [http-nio-8080-exec-5] traceId= c.w.a.g.log.RequestLoggingFilter - event=request_started method=GET uri=/actuator/prometheus
2026-06-09 12:06:01 [INFO][module01-actuator] [http-nio-8080-exec-5] traceId= c.w.a.g.log.RequestLoggingFilter - event=request_completed method=GET uri=/actuator/prometheus status=200 durationMs=732
2026-06-09 12:06:05 [INFO][module01-actuator] [http-nio-8080-exec-4] traceId= c.w.a.g.log.RequestLoggingFilter - event=request_started method=GET uri=/actuator/prometheus
2026-06-09 12:06:06 [INFO][module01-actuator] [http-nio-8080-exec-4] traceId= c.w.a.g.log.RequestLoggingFilter - event=request_completed method=GET uri=/actuator/prometheus status=200 durationMs=376
2026-06-09 12:06:10 [INFO][module01-actuator] [http-nio-8080-exec-8] traceId= c.w.a.g.log.RequestLoggingFilter - event=request_started method=GET uri=/actuator/prometheus
2026-06-09 12:06:11 [INFO][module01-actuator] [http-nio-8080-exec-8] traceId= c.w.a.g.log.RequestLoggingFilter - event=request_completed method=GET uri=/actuator/prometheus status=200 durationMs=742
2026-06-09 12:06:15 [INFO][module01-actuator] [http-nio-8080-exec-9] traceId= c.w.a.g.log.RequestLoggingFilter - event=request_started method=GET uri=/actuator/prometheus
2026-06-09 12:06:16 [INFO][module01-actuator] [http-nio-8080-exec-9] traceId= c.w.a.g.log.RequestLoggingFilter - event=request_completed method=GET uri=/actuator/prometheus status=200 durationMs=382
2026-06-09 12:06:20 [INFO][module01-actuator] [http-nio-8080-exec-2] traceId= c.w.a.g.log.RequestLoggingFilter - event=request_started method=GET uri=/actuator/prometheus
2026-06-09 12:06:21 [INFO][module01-actuator] [http-nio-8080-exec-2] traceId= c.w.a.g.log.RequestLoggingFilter - event=request_completed method=GET uri=/actuator/prometheus status=200 durationMs=825
2026-06-09 12:06:25 [INFO][module01-actuator] [http-nio-8080-exec-7] traceId= c.w.a.g.log.RequestLoggingFilter - event=request_started method=GET uri=/actuator/prometheus
2026-06-09 12:06:26 [INFO][module01-actuator] [http-nio-8080-exec-7] traceId= c.w.a.g.log.RequestLoggingFilter - event=request_completed method=GET uri=/actuator/prometheus status=200 durationMs=343
2026-06-09 12:06:30 [INFO][module01-actuator] [http-nio-8080-exec-6] traceId= c.w.a.g.log.RequestLoggingFilter - event=request_started method=GET uri=/actuator/prometheus
2026-06-09 12:06:31 [INFO][module01-actuator] [http-nio-8080-exec-6] traceId= c.w.a.g.log.RequestLoggingFilter - event=request_completed method=GET uri=/actuator/prometheus status=200 durationMs=729
2026-06-09 12:06:35 [INFO][module01-actuator] [http-nio-8080-exec-11] traceId= c.w.a.g.log.RequestLoggingFilter - event=request_started method=GET uri=/actuator/prometheus
2026-06-09 12:06:36 [INFO][module01-actuator] [http-nio-8080-exec-11] traceId= c.w.a.g.log.RequestLoggingFilter - event=request_completed method=GET uri=/actuator/prometheus status=200 durationMs=365
2026-06-09 12:06:40 [INFO][module01-actuator] [http-nio-8080-exec-3] traceId= c.w.a.g.log.RequestLoggingFilter - event=request_started method=GET uri=/actuator/prometheus
2026-06-09 12:06:41 [INFO][module01-actuator] [http-nio-8080-exec-3] traceId= c.w.a.g.log.RequestLoggingFilter - event=request_completed method=GET uri=/actuator/prometheus status=200 durationMs=725
2026-06-09 12:06:45 [INFO][module01-actuator] [http-nio-8080-exec-10] traceId= c.w.a.g.log.RequestLoggingFilter - event=request_started method=GET uri=/actuator/prometheus
2026-06-09 12:06:46 [INFO][module01-actuator] [http-nio-8080-exec-10] traceId= c.w.a.g.log.RequestLoggingFilter - event=request_completed method=GET uri=/actuator/prometheus status=200 durationMs=346
2026-06-09 12:06:50 [INFO][module01-actuator] [http-nio-8080-exec-5] traceId= c.w.a.g.log.RequestLoggingFilter - event=request_started method=GET uri=/actuator/prometheus
2026-06-09 12:06:51 [INFO][module01-actuator] [http-nio-8080-exec-5] traceId= c.w.a.g.log.RequestLoggingFilter - event=request_completed method=GET uri=/actuator/prometheus status=200 durationMs=180
2026-06-09 12:06:55 [INFO][module01-actuator] [http-nio-8080-exec-4] traceId= c.w.a.g.log.RequestLoggingFilter - event=request_started method=GET uri=/actuator/prometheus
2026-06-09 12:06:56 [INFO][module01-actuator] [http-nio-8080-exec-4] traceId= c.w.a.g.log.RequestLoggingFilter - event=request_completed method=GET uri=/actuator/prometheus status=200 durationMs=214
2026-06-09 12:07:00 [INFO][module01-actuator] [http-nio-8080-exec-8] traceId= c.w.a.g.log.RequestLoggingFilter - event=request_started method=GET uri=/actuator/prometheus
2026-06-09 12:07:01 [INFO][module01-actuator] [http-nio-8080-exec-8] traceId= c.w.a.g.log.RequestLoggingFilter - event=request_completed method=GET uri=/actuator/prometheus status=200 durationMs=254
2026-06-09 12:07:05 [INFO][module01-actuator] [http-nio-8080-exec-9] traceId= c.w.a.g.log.RequestLoggingFilter - event=request_started method=GET uri=/actuator/prometheus
2026-06-09 12:07:06 [INFO][module01-actuator] [http-nio-8080-exec-9] traceId= c.w.a.g.log.RequestLoggingFilter - event=request_completed method=GET uri=/actuator/prometheus status=200 durationMs=239
2026-06-09 12:07:10 [INFO][module01-actuator] [http-nio-8080-exec-2] traceId= c.w.a.g.log.RequestLoggingFilter - event=request_started method=GET uri=/actuator/prometheus
2026-06-09 12:07:11 [INFO][module01-actuator] [http-nio-8080-exec-2] traceId= c.w.a.g.log.RequestLoggingFilter - event=request_completed method=GET uri=/actuator/prometheus status=200 durationMs=376
2026-06-09 12:07:15 [INFO][module01-actuator] [http-nio-8080-exec-7] traceId= c.w.a.g.log.RequestLoggingFilter - event=request_started method=GET uri=/actuator/prometheus
2026-06-09 12:07:16 [INFO][module01-actuator] [http-nio-8080-exec-7] traceId= c.w.a.g.log.RequestLoggingFilter - event=request_completed method=GET uri=/actuator/prometheus status=200 durationMs=688
2026-06-09 12:07:20 [INFO][module01-actuator] [http-nio-8080-exec-6] traceId= c.w.a.g.log.RequestLoggingFilter - event=request_started method=GET uri=/actuator/prometheus
2026-06-09 12:07:21 [INFO][module01-actuator] [http-nio-8080-exec-6] traceId= c.w.a.g.log.RequestLoggingFilter - event=request_completed method=GET uri=/actuator/prometheus status=200 durationMs=399
2026-06-09 12:07:25 [INFO][module01-actuator] [http-nio-8080-exec-11] traceId= c.w.a.g.log.RequestLoggingFilter - event=request_started method=GET uri=/actuator/prometheus
2026-06-09 12:07:26 [INFO][module01-actuator] [http-nio-8080-exec-11] traceId= c.w.a.g.log.RequestLoggingFilter - event=request_completed method=GET uri=/actuator/prometheus status=200 durationMs=200
2026-06-09 12:07:30 [INFO][module01-actuator] [http-nio-8080-exec-3] traceId= c.w.a.g.log.RequestLoggingFilter - event=request_started method=GET uri=/actuator/prometheus
2026-06-09 12:07:31 [INFO][module01-actuator] [http-nio-8080-exec-3] traceId= c.w.a.g.log.RequestLoggingFilter - event=request_completed method=GET uri=/actuator/prometheus status=200 durationMs=208
2026-06-09 12:07:35 [INFO][module01-actuator] [http-nio-8080-exec-10] traceId= c.w.a.g.log.RequestLoggingFilter - event=request_started method=GET uri=/actuator/prometheus
2026-06-09 12:07:36 [INFO][module01-actuator] [http-nio-8080-exec-10] traceId= c.w.a.g.log.RequestLoggingFilter - event=request_completed method=GET uri=/actuator/prometheus status=200 durationMs=205
2026-06-09 12:07:40 [INFO][module01-actuator] [http-nio-8080-exec-5] traceId= c.w.a.g.log.RequestLoggingFilter - event=request_started method=GET uri=/actuator/prometheus
2026-06-09 12:07:41 [INFO][module01-actuator] [http-nio-8080-exec-5] traceId= c.w.a.g.log.RequestLoggingFilter - event=request_completed method=GET uri=/actuator/prometheus status=200 durationMs=280
2026-06-09 12:07:45 [INFO][module01-actuator] [http-nio-8080-exec-4] traceId= c.w.a.g.log.RequestLoggingFilter - event=request_started method=GET uri=/actuator/prometheus
2026-06-09 12:07:46 [INFO][module01-actuator] [http-nio-8080-exec-4] traceId= c.w.a.g.log.RequestLoggingFilter - event=request_completed method=GET uri=/actuator/prometheus status=200 durationMs=328
2026-06-09 12:07:50 [INFO][module01-actuator] [http-nio-8080-exec-8] traceId= c.w.a.g.log.RequestLoggingFilter - event=request_started method=GET uri=/actuator/prometheus
2026-06-09 12:07:51 [INFO][module01-actuator] [http-nio-8080-exec-8] traceId= c.w.a.g.log.RequestLoggingFilter - event=request_completed method=GET uri=/actuator/prometheus status=200 durationMs=179
2026-06-09 12:07:55 [INFO][module01-actuator] [http-nio-8080-exec-9] traceId= c.w.a.g.log.RequestLoggingFilter - event=request_started method=GET uri=/actuator/prometheus
2026-06-09 12:07:56 [INFO][module01-actuator] [http-nio-8080-exec-9] traceId= c.w.a.g.log.RequestLoggingFilter - event=request_completed method=GET uri=/actuator/prometheus status=200 durationMs=222
2026-06-09 12:08:00 [INFO][module01-actuator] [http-nio-8080-exec-2] traceId= c.w.a.g.log.RequestLoggingFilter - event=request_started method=GET uri=/actuator/prometheus
2026-06-09 12:08:01 [INFO][module01-actuator] [http-nio-8080-exec-2] traceId= c.w.a.g.log.RequestLoggingFilter - event=request_completed method=GET uri=/actuator/prometheus status=200 durationMs=198
2026-06-09 12:08:05 [INFO][module01-actuator] [http-nio-8080-exec-7] traceId= c.w.a.g.log.RequestLoggingFilter - event=request_started method=GET uri=/actuator/prometheus
2026-06-09 12:08:06 [INFO][module01-actuator] [http-nio-8080-exec-7] traceId= c.w.a.g.log.RequestLoggingFilter - event=request_completed method=GET uri=/actuator/prometheus status=200 durationMs=280
2026-06-09 12:08:10 [INFO][module01-actuator] [http-nio-8080-exec-6] traceId= c.w.a.g.log.RequestLoggingFilter - event=request_started method=GET uri=/actuator/prometheus
2026-06-09 12:08:11 [INFO][module01-actuator] [http-nio-8080-exec-6] traceId= c.w.a.g.log.RequestLoggingFilter - event=request_completed method=GET uri=/actuator/prometheus status=200 durationMs=326
2026-06-09 12:08:15 [INFO][module01-actuator] [http-nio-8080-exec-11] traceId= c.w.a.g.log.RequestLoggingFilter - event=request_started method=GET uri=/actuator/prometheus
2026-06-09 12:08:16 [INFO][module01-actuator] [http-nio-8080-exec-11] traceId= c.w.a.g.log.RequestLoggingFilter - event=request_completed method=GET uri=/actuator/prometheus status=200 durationMs=216
2026-06-09 12:08:20 [INFO][module01-actuator] [http-nio-8080-exec-3] traceId= c.w.a.g.log.RequestLoggingFilter - event=request_started method=GET uri=/actuator/prometheus
2026-06-09 12:08:21 [INFO][module01-actuator] [http-nio-8080-exec-3] traceId= c.w.a.g.log.RequestLoggingFilter - event=request_completed method=GET uri=/actuator/prometheus status=200 durationMs=413
2026-06-09 12:08:25 [INFO][module01-actuator] [http-nio-8080-exec-10] traceId= c.w.a.g.log.RequestLoggingFilter - event=request_started method=GET uri=/actuator/prometheus
2026-06-09 12:08:26 [INFO][module01-actuator] [http-nio-8080-exec-10] traceId= c.w.a.g.log.RequestLoggingFilter - event=request_completed method=GET uri=/actuator/prometheus status=200 durationMs=558
2026-06-09 12:08:30 [INFO][module01-actuator] [http-nio-8080-exec-5] traceId= c.w.a.g.log.RequestLoggingFilter - event=request_started method=GET uri=/actuator/prometheus
2026-06-09 12:08:31 [INFO][module01-actuator] [http-nio-8080-exec-5] traceId= c.w.a.g.log.RequestLoggingFilter - event=request_completed method=GET uri=/actuator/prometheus status=200 durationMs=378
2026-06-09 12:08:35 [INFO][module01-actuator] [http-nio-8080-exec-4] traceId= c.w.a.g.log.RequestLoggingFilter - event=request_started method=GET uri=/actuator/prometheus
2026-06-09 12:08:36 [INFO][module01-actuator] [http-nio-8080-exec-4] traceId= c.w.a.g.log.RequestLoggingFilter - event=request_completed method=GET uri=/actuator/prometheus status=200 durationMs=812
2026-06-09 12:08:40 [INFO][module01-actuator] [http-nio-8080-exec-8] traceId= c.w.a.g.log.RequestLoggingFilter - event=request_started method=GET uri=/actuator/prometheus
2026-06-09 12:08:41 [INFO][module01-actuator] [http-nio-8080-exec-8] traceId= c.w.a.g.log.RequestLoggingFilter - event=request_completed method=GET uri=/actuator/prometheus status=200 durationMs=454
2026-06-09 12:08:45 [INFO][module01-actuator] [http-nio-8080-exec-9] traceId= c.w.a.g.log.RequestLoggingFilter - event=request_started method=GET uri=/actuator/prometheus
2026-06-09 12:08:46 [INFO][module01-actuator] [http-nio-8080-exec-9] traceId= c.w.a.g.log.RequestLoggingFilter - event=request_completed method=GET uri=/actuator/prometheus status=200 durationMs=650
2026-06-09 12:08:50 [INFO][module01-actuator] [http-nio-8080-exec-2] traceId= c.w.a.g.log.RequestLoggingFilter - event=request_started method=GET uri=/actuator/prometheus
2026-06-09 12:08:51 [INFO][module01-actuator] [http-nio-8080-exec-2] traceId= c.w.a.g.log.RequestLoggingFilter - event=request_completed method=GET uri=/actuator/prometheus status=200 durationMs=367
2026-06-09 12:08:55 [INFO][module01-actuator] [http-nio-8080-exec-7] traceId= c.w.a.g.log.RequestLoggingFilter - event=request_started method=GET uri=/actuator/prometheus
2026-06-09 12:08:56 [INFO][module01-actuator] [http-nio-8080-exec-7] traceId= c.w.a.g.log.RequestLoggingFilter - event=request_completed method=GET uri=/actuator/prometheus status=200 durationMs=888
2026-06-09 12:09:00 [INFO][module01-actuator] [http-nio-8080-exec-6] traceId= c.w.a.g.log.RequestLoggingFilter - event=request_started method=GET uri=/actuator/prometheus
2026-06-09 12:09:01 [INFO][module01-actuator] [http-nio-8080-exec-6] traceId= c.w.a.g.log.RequestLoggingFilter - event=request_completed method=GET uri=/actuator/prometheus status=200 durationMs=399
2026-06-09 12:09:05 [INFO][module01-actuator] [http-nio-8080-exec-11] traceId= c.w.a.g.log.RequestLoggingFilter - event=request_started method=GET uri=/actuator/prometheus
2026-06-09 12:09:06 [INFO][module01-actuator] [http-nio-8080-exec-11] traceId= c.w.a.g.log.RequestLoggingFilter - event=request_completed method=GET uri=/actuator/prometheus status=200 durationMs=186
2026-06-09 12:09:10 [INFO][module01-actuator] [http-nio-8080-exec-3] traceId= c.w.a.g.log.RequestLoggingFilter - event=request_started method=GET uri=/actuator/prometheus
2026-06-09 12:09:11 [INFO][module01-actuator] [http-nio-8080-exec-3] traceId= c.w.a.g.log.RequestLoggingFilter - event=request_completed method=GET uri=/actuator/prometheus status=200 durationMs=333
2026-06-09 12:09:15 [INFO][module01-actuator] [http-nio-8080-exec-10] traceId= c.w.a.g.log.RequestLoggingFilter - event=request_started method=GET uri=/actuator/prometheus
2026-06-09 12:09:16 [INFO][module01-actuator] [http-nio-8080-exec-10] traceId= c.w.a.g.log.RequestLoggingFilter - event=request_completed method=GET uri=/actuator/prometheus status=200 durationMs=181
2026-06-09 12:09:20 [INFO][module01-actuator] [http-nio-8080-exec-5] traceId= c.w.a.g.log.RequestLoggingFilter - event=request_started method=GET uri=/actuator/prometheus
2026-06-09 12:09:21 [INFO][module01-actuator] [http-nio-8080-exec-5] traceId= c.w.a.g.log.RequestLoggingFilter - event=request_completed method=GET uri=/actuator/prometheus status=200 durationMs=296
2026-06-09 12:09:25 [INFO][module01-actuator] [http-nio-8080-exec-4] traceId= c.w.a.g.log.RequestLoggingFilter - event=request_started method=GET uri=/actuator/prometheus
2026-06-09 12:09:26 [INFO][module01-actuator] [http-nio-8080-exec-4] traceId= c.w.a.g.log.RequestLoggingFilter - event=request_completed method=GET uri=/actuator/prometheus status=200 durationMs=221
2026-06-09 12:09:30 [INFO][module01-actuator] [http-nio-8080-exec-8] traceId= c.w.a.g.log.RequestLoggingFilter - event=request_started method=GET uri=/actuator/prometheus
2026-06-09 12:09:31 [INFO][module01-actuator] [http-nio-8080-exec-8] traceId= c.w.a.g.log.RequestLoggingFilter - event=request_completed method=GET uri=/actuator/prometheus status=200 durationMs=242
2026-06-09 12:09:35 [INFO][module01-actuator] [http-nio-8080-exec-9] traceId= c.w.a.g.log.RequestLoggingFilter - event=request_started method=GET uri=/actuator/prometheus
2026-06-09 12:09:36 [INFO][module01-actuator] [http-nio-8080-exec-9] traceId= c.w.a.g.log.RequestLoggingFilter - event=request_completed method=GET uri=/actuator/prometheus status=200 durationMs=389
2026-06-09 12:09:40 [INFO][module01-actuator] [http-nio-8080-exec-2] traceId= c.w.a.g.log.RequestLoggingFilter - event=request_started method=GET uri=/actuator/prometheus
2026-06-09 12:09:41 [INFO][module01-actuator] [http-nio-8080-exec-2] traceId= c.w.a.g.log.RequestLoggingFilter - event=request_completed method=GET uri=/actuator/prometheus status=200 durationMs=315
2026-06-09 12:09:45 [INFO][module01-actuator] [http-nio-8080-exec-7] traceId= c.w.a.g.log.RequestLoggingFilter - event=request_started method=GET uri=/actuator/prometheus
2026-06-09 12:09:46 [INFO][module01-actuator] [http-nio-8080-exec-7] traceId= c.w.a.g.log.RequestLoggingFilter - event=request_completed method=GET uri=/actuator/prometheus status=200 durationMs=319
2026-06-09 12:09:50 [INFO][module01-actuator] [http-nio-8080-exec-6] traceId= c.w.a.g.log.RequestLoggingFilter - event=request_started method=GET uri=/actuator/prometheus
2026-06-09 12:09:51 [INFO][module01-actuator] [http-nio-8080-exec-6] traceId= c.w.a.g.log.RequestLoggingFilter - event=request_completed method=GET uri=/actuator/prometheus status=200 durationMs=436
2026-06-09 12:09:55 [INFO][module01-actuator] [http-nio-8080-exec-11] traceId= c.w.a.g.log.RequestLoggingFilter - event=request_started method=GET uri=/actuator/prometheus
2026-06-09 12:09:56 [INFO][module01-actuator] [http-nio-8080-exec-11] traceId= c.w.a.g.log.RequestLoggingFilter - event=request_completed method=GET uri=/actuator/prometheus status=200 durationMs=668
2026-06-09 12:10:00 [INFO][module01-actuator] [http-nio-8080-exec-3] traceId= c.w.a.g.log.RequestLoggingFilter - event=request_started method=GET uri=/actuator/prometheus
2026-06-09 12:10:01 [INFO][module01-actuator] [http-nio-8080-exec-3] traceId= c.w.a.g.log.RequestLoggingFilter - event=request_completed method=GET uri=/actuator/prometheus status=200 durationMs=597
2026-06-09 12:10:05 [INFO][module01-actuator] [http-nio-8080-exec-10] traceId= c.w.a.g.log.RequestLoggingFilter - event=request_started method=GET uri=/actuator/prometheus
2026-06-09 12:10:07 [INFO][module01-actuator] [http-nio-8080-exec-10] traceId= c.w.a.g.log.RequestLoggingFilter - event=request_completed method=GET uri=/actuator/prometheus status=200 durationMs=1504
2026-06-09 12:10:10 [INFO][module01-actuator] [http-nio-8080-exec-5] traceId= c.w.a.g.log.RequestLoggingFilter - event=request_started method=GET uri=/actuator/prometheus
2026-06-09 12:10:11 [INFO][module01-actuator] [http-nio-8080-exec-5] traceId= c.w.a.g.log.RequestLoggingFilter - event=request_completed method=GET uri=/actuator/prometheus status=200 durationMs=506
2026-06-09 12:10:15 [INFO][module01-actuator] [http-nio-8080-exec-4] traceId= c.w.a.g.log.RequestLoggingFilter - event=request_started method=GET uri=/actuator/prometheus
2026-06-09 12:10:16 [INFO][module01-actuator] [http-nio-8080-exec-4] traceId= c.w.a.g.log.RequestLoggingFilter - event=request_completed method=GET uri=/actuator/prometheus status=200 durationMs=392
2026-06-09 12:10:20 [INFO][module01-actuator] [http-nio-8080-exec-8] traceId= c.w.a.g.log.RequestLoggingFilter - event=request_started method=GET uri=/actuator/prometheus
2026-06-09 12:10:21 [INFO][module01-actuator] [http-nio-8080-exec-8] traceId= c.w.a.g.log.RequestLoggingFilter - event=request_completed method=GET uri=/actuator/prometheus status=200 durationMs=762
2026-06-09 12:10:25 [INFO][module01-actuator] [http-nio-8080-exec-9] traceId= c.w.a.g.log.RequestLoggingFilter - event=request_started method=GET uri=/actuator/prometheus
2026-06-09 12:10:26 [INFO][module01-actuator] [http-nio-8080-exec-9] traceId= c.w.a.g.log.RequestLoggingFilter - event=request_completed method=GET uri=/actuator/prometheus status=200 durationMs=406
2026-06-09 12:10:30 [INFO][module01-actuator] [http-nio-8080-exec-2] traceId= c.w.a.g.log.RequestLoggingFilter - event=request_started method=GET uri=/actuator/prometheus
2026-06-09 12:10:31 [INFO][module01-actuator] [http-nio-8080-exec-2] traceId= c.w.a.g.log.RequestLoggingFilter - event=request_completed method=GET uri=/actuator/prometheus status=200 durationMs=767
2026-06-09 12:10:35 [INFO][module01-actuator] [http-nio-8080-exec-7] traceId= c.w.a.g.log.RequestLoggingFilter - event=request_started method=GET uri=/actuator/prometheus
2026-06-09 12:10:36 [INFO][module01-actuator] [http-nio-8080-exec-7] traceId= c.w.a.g.log.RequestLoggingFilter - event=request_completed method=GET uri=/actuator/prometheus status=200 durationMs=440
2026-06-09 12:10:40 [INFO][module01-actuator] [http-nio-8080-exec-6] traceId= c.w.a.g.log.RequestLoggingFilter - event=request_started method=GET uri=/actuator/prometheus
2026-06-09 12:10:41 [INFO][module01-actuator] [http-nio-8080-exec-6] traceId= c.w.a.g.log.RequestLoggingFilter - event=request_completed method=GET uri=/actuator/prometheus status=200 durationMs=643
2026-06-09 12:10:45 [INFO][module01-actuator] [http-nio-8080-exec-11] traceId= c.w.a.g.log.RequestLoggingFilter - event=request_started method=GET uri=/actuator/prometheus
2026-06-09 12:10:46 [INFO][module01-actuator] [http-nio-8080-exec-11] traceId= c.w.a.g.log.RequestLoggingFilter - event=request_completed method=GET uri=/actuator/prometheus status=200 durationMs=475
2026-06-09 12:10:50 [INFO][module01-actuator] [http-nio-8080-exec-3] traceId= c.w.a.g.log.RequestLoggingFilter - event=request_started method=GET uri=/actuator/prometheus
2026-06-09 12:10:51 [INFO][module01-actuator] [http-nio-8080-exec-3] traceId= c.w.a.g.log.RequestLoggingFilter - event=request_completed method=GET uri=/actuator/prometheus status=200 durationMs=733
2026-06-09 12:10:55 [INFO][module01-actuator] [http-nio-8080-exec-10] traceId= c.w.a.g.log.RequestLoggingFilter - event=request_started method=GET uri=/actuator/prometheus
2026-06-09 12:10:56 [INFO][module01-actuator] [http-nio-8080-exec-10] traceId= c.w.a.g.log.RequestLoggingFilter - event=request_completed method=GET uri=/actuator/prometheus status=200 durationMs=460
2026-06-09 12:11:00 [INFO][module01-actuator] [http-nio-8080-exec-5] traceId= c.w.a.g.log.RequestLoggingFilter - event=request_started method=GET uri=/actuator/prometheus
2026-06-09 12:11:01 [INFO][module01-actuator] [http-nio-8080-exec-5] traceId= c.w.a.g.log.RequestLoggingFilter - event=request_completed method=GET uri=/actuator/prometheus status=200 durationMs=845
2026-06-09 12:11:05 [INFO][module01-actuator] [http-nio-8080-exec-4] traceId= c.w.a.g.log.RequestLoggingFilter - event=request_started method=GET uri=/actuator/prometheus
2026-06-09 12:11:06 [INFO][module01-actuator] [http-nio-8080-exec-4] traceId= c.w.a.g.log.RequestLoggingFilter - event=request_completed method=GET uri=/actuator/prometheus status=200 durationMs=444
2026-06-09 12:11:10 [INFO][module01-actuator] [http-nio-8080-exec-8] traceId= c.w.a.g.log.RequestLoggingFilter - event=request_started method=GET uri=/actuator/prometheus
2026-06-09 12:11:11 [INFO][module01-actuator] [http-nio-8080-exec-8] traceId= c.w.a.g.log.RequestLoggingFilter - event=request_completed method=GET uri=/actuator/prometheus status=200 durationMs=758
2026-06-09 12:11:15 [INFO][module01-actuator] [http-nio-8080-exec-9] traceId= c.w.a.g.log.RequestLoggingFilter - event=request_started method=GET uri=/actuator/prometheus
2026-06-09 12:11:16 [INFO][module01-actuator] [http-nio-8080-exec-9] traceId= c.w.a.g.log.RequestLoggingFilter - event=request_completed method=GET uri=/actuator/prometheus status=200 durationMs=493
2026-06-09 12:11:20 [INFO][module01-actuator] [http-nio-8080-exec-2] traceId= c.w.a.g.log.RequestLoggingFilter - event=request_started method=GET uri=/actuator/prometheus
2026-06-09 12:11:21 [INFO][module01-actuator] [http-nio-8080-exec-2] traceId= c.w.a.g.log.RequestLoggingFilter - event=request_completed method=GET uri=/actuator/prometheus status=200 durationMs=712
2026-06-09 12:11:25 [INFO][module01-actuator] [http-nio-8080-exec-7] traceId= c.w.a.g.log.RequestLoggingFilter - event=request_started method=GET uri=/actuator/prometheus
2026-06-09 12:11:26 [INFO][module01-actuator] [http-nio-8080-exec-7] traceId= c.w.a.g.log.RequestLoggingFilter - event=request_completed method=GET uri=/actuator/prometheus status=200 durationMs=395
2026-06-09 12:11:30 [INFO][module01-actuator] [http-nio-8080-exec-6] traceId= c.w.a.g.log.RequestLoggingFilter - event=request_started method=GET uri=/actuator/prometheus
2026-06-09 12:11:31 [INFO][module01-actuator] [http-nio-8080-exec-6] traceId= c.w.a.g.log.RequestLoggingFilter - event=request_completed method=GET uri=/actuator/prometheus status=200 durationMs=686
2026-06-09 12:11:35 [INFO][module01-actuator] [http-nio-8080-exec-11] traceId= c.w.a.g.log.RequestLoggingFilter - event=request_started method=GET uri=/actuator/prometheus
2026-06-09 12:11:36 [INFO][module01-actuator] [http-nio-8080-exec-11] traceId= c.w.a.g.log.RequestLoggingFilter - event=request_completed method=GET uri=/actuator/prometheus status=200 durationMs=363
2026-06-09 12:11:40 [INFO][module01-actuator] [http-nio-8080-exec-3] traceId= c.w.a.g.log.RequestLoggingFilter - event=request_started method=GET uri=/actuator/prometheus
2026-06-09 12:11:41 [INFO][module01-actuator] [http-nio-8080-exec-3] traceId= c.w.a.g.log.RequestLoggingFilter - event=request_completed method=GET uri=/actuator/prometheus status=200 durationMs=722
2026-06-09 12:11:45 [INFO][module01-actuator] [http-nio-8080-exec-10] traceId= c.w.a.g.log.RequestLoggingFilter - event=request_started method=GET uri=/actuator/prometheus
2026-06-09 12:11:46 [INFO][module01-actuator] [http-nio-8080-exec-10] traceId= c.w.a.g.log.RequestLoggingFilter - event=request_completed method=GET uri=/actuator/prometheus status=200 durationMs=430
2026-06-09 12:11:50 [INFO][module01-actuator] [http-nio-8080-exec-5] traceId= c.w.a.g.log.RequestLoggingFilter - event=request_started method=GET uri=/actuator/prometheus
2026-06-09 12:11:51 [INFO][module01-actuator] [http-nio-8080-exec-5] traceId= c.w.a.g.log.RequestLoggingFilter - event=request_completed method=GET uri=/actuator/prometheus status=200 durationMs=664
2026-06-09 12:11:55 [INFO][module01-actuator] [http-nio-8080-exec-4] traceId= c.w.a.g.log.RequestLoggingFilter - event=request_started method=GET uri=/actuator/prometheus
2026-06-09 12:11:56 [INFO][module01-actuator] [http-nio-8080-exec-4] traceId= c.w.a.g.log.RequestLoggingFilter - event=request_completed method=GET uri=/actuator/prometheus status=200 durationMs=405
2026-06-09 12:12:00 [INFO][module01-actuator] [http-nio-8080-exec-8] traceId= c.w.a.g.log.RequestLoggingFilter - event=request_started method=GET uri=/actuator/prometheus
2026-06-09 12:12:01 [INFO][module01-actuator] [http-nio-8080-exec-8] traceId= c.w.a.g.log.RequestLoggingFilter - event=request_completed method=GET uri=/actuator/prometheus status=200 durationMs=721
2026-06-09 12:12:05 [INFO][module01-actuator] [http-nio-8080-exec-9] traceId= c.w.a.g.log.RequestLoggingFilter - event=request_started method=GET uri=/actuator/prometheus
2026-06-09 12:12:06 [INFO][module01-actuator] [http-nio-8080-exec-9] traceId= c.w.a.g.log.RequestLoggingFilter - event=request_completed method=GET uri=/actuator/prometheus status=200 durationMs=402
2026-06-09 12:12:10 [INFO][module01-actuator] [http-nio-8080-exec-2] traceId= c.w.a.g.log.RequestLoggingFilter - event=request_started method=GET uri=/actuator/prometheus
2026-06-09 12:12:11 [INFO][module01-actuator] [http-nio-8080-exec-2] traceId= c.w.a.g.log.RequestLoggingFilter - event=request_completed method=GET uri=/actuator/prometheus status=200 durationMs=723
2026-06-09 12:12:15 [INFO][module01-actuator] [http-nio-8080-exec-7] traceId= c.w.a.g.log.RequestLoggingFilter - event=request_started method=GET uri=/actuator/prometheus
2026-06-09 12:12:16 [INFO][module01-actuator] [http-nio-8080-exec-7] traceId= c.w.a.g.log.RequestLoggingFilter - event=request_completed method=GET uri=/actuator/prometheus status=200 durationMs=415
2026-06-09 12:12:20 [INFO][module01-actuator] [http-nio-8080-exec-6] traceId= c.w.a.g.log.RequestLoggingFilter - event=request_started method=GET uri=/actuator/prometheus
2026-06-09 12:12:21 [INFO][module01-actuator] [http-nio-8080-exec-6] traceId= c.w.a.g.log.RequestLoggingFilter - event=request_completed method=GET uri=/actuator/prometheus status=200 durationMs=785
2026-06-09 12:12:25 [INFO][module01-actuator] [http-nio-8080-exec-11] traceId= c.w.a.g.log.RequestLoggingFilter - event=request_started method=GET uri=/actuator/prometheus
2026-06-09 12:12:26 [INFO][module01-actuator] [http-nio-8080-exec-11] traceId= c.w.a.g.log.RequestLoggingFilter - event=request_completed method=GET uri=/actuator/prometheus status=200 durationMs=421
2026-06-09 12:12:30 [INFO][module01-actuator] [http-nio-8080-exec-3] traceId= c.w.a.g.log.RequestLoggingFilter - event=request_started method=GET uri=/actuator/prometheus
2026-06-09 12:12:31 [INFO][module01-actuator] [http-nio-8080-exec-3] traceId= c.w.a.g.log.RequestLoggingFilter - event=request_completed method=GET uri=/actuator/prometheus status=200 durationMs=689
2026-06-09 12:12:35 [INFO][module01-actuator] [http-nio-8080-exec-10] traceId= c.w.a.g.log.RequestLoggingFilter - event=request_started method=GET uri=/actuator/prometheus
2026-06-09 12:12:36 [INFO][module01-actuator] [http-nio-8080-exec-10] traceId= c.w.a.g.log.RequestLoggingFilter - event=request_completed method=GET uri=/actuator/prometheus status=200 durationMs=449
2026-06-09 12:12:40 [INFO][module01-actuator] [http-nio-8080-exec-5] traceId= c.w.a.g.log.RequestLoggingFilter - event=request_started method=GET uri=/actuator/prometheus
2026-06-09 12:12:41 [INFO][module01-actuator] [http-nio-8080-exec-5] traceId= c.w.a.g.log.RequestLoggingFilter - event=request_completed method=GET uri=/actuator/prometheus status=200 durationMs=515
2026-06-09 12:12:45 [INFO][module01-actuator] [http-nio-8080-exec-4] traceId= c.w.a.g.log.RequestLoggingFilter - event=request_started method=GET uri=/actuator/prometheus
2026-06-09 12:12:46 [INFO][module01-actuator] [http-nio-8080-exec-4] traceId= c.w.a.g.log.RequestLoggingFilter - event=request_completed method=GET uri=/actuator/prometheus status=200 durationMs=398
2026-06-09 12:12:50 [INFO][module01-actuator] [http-nio-8080-exec-8] traceId= c.w.a.g.log.RequestLoggingFilter - event=request_started method=GET uri=/actuator/prometheus
2026-06-09 12:12:51 [INFO][module01-actuator] [http-nio-8080-exec-8] traceId= c.w.a.g.log.RequestLoggingFilter - event=request_completed method=GET uri=/actuator/prometheus status=200 durationMs=635
2026-06-09 12:12:55 [INFO][module01-actuator] [http-nio-8080-exec-9] traceId= c.w.a.g.log.RequestLoggingFilter - event=request_started method=GET uri=/actuator/prometheus
2026-06-09 12:12:56 [INFO][module01-actuator] [http-nio-8080-exec-9] traceId= c.w.a.g.log.RequestLoggingFilter - event=request_completed method=GET uri=/actuator/prometheus status=200 durationMs=405
2026-06-09 12:13:00 [INFO][module01-actuator] [http-nio-8080-exec-2] traceId= c.w.a.g.log.RequestLoggingFilter - event=request_started method=GET uri=/actuator/prometheus
2026-06-09 12:13:01 [INFO][module01-actuator] [http-nio-8080-exec-2] traceId= c.w.a.g.log.RequestLoggingFilter - event=request_completed method=GET uri=/actuator/prometheus status=200 durationMs=766
2026-06-09 12:13:05 [INFO][module01-actuator] [http-nio-8080-exec-7] traceId= c.w.a.g.log.RequestLoggingFilter - event=request_started method=GET uri=/actuator/prometheus
2026-06-09 12:13:06 [INFO][module01-actuator] [http-nio-8080-exec-7] traceId= c.w.a.g.log.RequestLoggingFilter - event=request_completed method=GET uri=/actuator/prometheus status=200 durationMs=499
2026-06-09 12:13:10 [INFO][module01-actuator] [http-nio-8080-exec-6] traceId= c.w.a.g.log.RequestLoggingFilter - event=request_started method=GET uri=/actuator/prometheus
2026-06-09 12:13:11 [INFO][module01-actuator] [http-nio-8080-exec-6] traceId= c.w.a.g.log.RequestLoggingFilter - event=request_completed method=GET uri=/actuator/prometheus status=200 durationMs=569
2026-06-09 12:13:15 [INFO][module01-actuator] [http-nio-8080-exec-11] traceId= c.w.a.g.log.RequestLoggingFilter - event=request_started method=GET uri=/actuator/prometheus
2026-06-09 12:13:16 [INFO][module01-actuator] [http-nio-8080-exec-11] traceId= c.w.a.g.log.RequestLoggingFilter - event=request_completed method=GET uri=/actuator/prometheus status=200 durationMs=385
2026-06-09 12:13:20 [INFO][module01-actuator] [http-nio-8080-exec-3] traceId= c.w.a.g.log.RequestLoggingFilter - event=request_started method=GET uri=/actuator/prometheus
2026-06-09 12:13:21 [INFO][module01-actuator] [http-nio-8080-exec-3] traceId= c.w.a.g.log.RequestLoggingFilter - event=request_completed method=GET uri=/actuator/prometheus status=200 durationMs=776
2026-06-09 12:13:25 [INFO][module01-actuator] [http-nio-8080-exec-10] traceId= c.w.a.g.log.RequestLoggingFilter - event=request_started method=GET uri=/actuator/prometheus
2026-06-09 12:13:26 [INFO][module01-actuator] [http-nio-8080-exec-10] traceId= c.w.a.g.log.RequestLoggingFilter - event=request_completed method=GET uri=/actuator/prometheus status=200 durationMs=594
2026-06-09 12:13:30 [INFO][module01-actuator] [http-nio-8080-exec-5] traceId= c.w.a.g.log.RequestLoggingFilter - event=request_started method=GET uri=/actuator/prometheus
2026-06-09 12:13:31 [INFO][module01-actuator] [http-nio-8080-exec-5] traceId= c.w.a.g.log.RequestLoggingFilter - event=request_completed method=GET uri=/actuator/prometheus status=200 durationMs=443
2026-06-09 12:13:35 [INFO][module01-actuator] [http-nio-8080-exec-4] traceId= c.w.a.g.log.RequestLoggingFilter - event=request_started method=GET uri=/actuator/prometheus
2026-06-09 12:13:36 [INFO][module01-actuator] [http-nio-8080-exec-4] traceId= c.w.a.g.log.RequestLoggingFilter - event=request_completed method=GET uri=/actuator/prometheus status=200 durationMs=496
2026-06-09 12:13:40 [INFO][module01-actuator] [http-nio-8080-exec-8] traceId= c.w.a.g.log.RequestLoggingFilter - event=request_started method=GET uri=/actuator/prometheus
2026-06-09 12:13:41 [INFO][module01-actuator] [http-nio-8080-exec-8] traceId= c.w.a.g.log.RequestLoggingFilter - event=request_completed method=GET uri=/actuator/prometheus status=200 durationMs=470
2026-06-09 12:13:45 [INFO][module01-actuator] [http-nio-8080-exec-9] traceId= c.w.a.g.log.RequestLoggingFilter - event=request_started method=GET uri=/actuator/prometheus
2026-06-09 12:13:46 [INFO][module01-actuator] [http-nio-8080-exec-9] traceId= c.w.a.g.log.RequestLoggingFilter - event=request_completed method=GET uri=/actuator/prometheus status=200 durationMs=400
2026-06-09 12:13:50 [INFO][module01-actuator] [http-nio-8080-exec-2] traceId= c.w.a.g.log.RequestLoggingFilter - event=request_started method=GET uri=/actuator/prometheus
2026-06-09 12:13:51 [INFO][module01-actuator] [http-nio-8080-exec-2] traceId= c.w.a.g.log.RequestLoggingFilter - event=request_completed method=GET uri=/actuator/prometheus status=200 durationMs=781
2026-06-09 12:13:55 [INFO][module01-actuator] [http-nio-8080-exec-7] traceId= c.w.a.g.log.RequestLoggingFilter - event=request_started method=GET uri=/actuator/prometheus
2026-06-09 12:13:56 [INFO][module01-actuator] [http-nio-8080-exec-7] traceId= c.w.a.g.log.RequestLoggingFilter - event=request_completed method=GET uri=/actuator/prometheus status=200 durationMs=475
2026-06-09 12:14:00 [INFO][module01-actuator] [http-nio-8080-exec-6] traceId= c.w.a.g.log.RequestLoggingFilter - event=request_started method=GET uri=/actuator/prometheus
2026-06-09 12:14:01 [INFO][module01-actuator] [http-nio-8080-exec-6] traceId= c.w.a.g.log.RequestLoggingFilter - event=request_completed method=GET uri=/actuator/prometheus status=200 durationMs=427
2026-06-09 12:14:05 [INFO][module01-actuator] [http-nio-8080-exec-11] traceId= c.w.a.g.log.RequestLoggingFilter - event=request_started method=GET uri=/actuator/prometheus
2026-06-09 12:14:06 [INFO][module01-actuator] [http-nio-8080-exec-11] traceId= c.w.a.g.log.RequestLoggingFilter - event=request_completed method=GET uri=/actuator/prometheus status=200 durationMs=426
2026-06-09 12:14:10 [INFO][module01-actuator] [http-nio-8080-exec-3] traceId= c.w.a.g.log.RequestLoggingFilter - event=request_started method=GET uri=/actuator/prometheus
2026-06-09 12:14:11 [INFO][module01-actuator] [http-nio-8080-exec-3] traceId= c.w.a.g.log.RequestLoggingFilter - event=request_completed method=GET uri=/actuator/prometheus status=200 durationMs=671
2026-06-09 12:14:15 [INFO][module01-actuator] [http-nio-8080-exec-10] traceId= c.w.a.g.log.RequestLoggingFilter - event=request_started method=GET uri=/actuator/prometheus
2026-06-09 12:14:16 [INFO][module01-actuator] [http-nio-8080-exec-10] traceId= c.w.a.g.log.RequestLoggingFilter - event=request_completed method=GET uri=/actuator/prometheus status=200 durationMs=392
2026-06-09 12:14:20 [INFO][module01-actuator] [http-nio-8080-exec-5] traceId= c.w.a.g.log.RequestLoggingFilter - event=request_started method=GET uri=/actuator/prometheus
2026-06-09 12:14:21 [INFO][module01-actuator] [http-nio-8080-exec-5] traceId= c.w.a.g.log.RequestLoggingFilter - event=request_completed method=GET uri=/actuator/prometheus status=200 durationMs=768
2026-06-09 12:14:25 [INFO][module01-actuator] [http-nio-8080-exec-4] traceId= c.w.a.g.log.RequestLoggingFilter - event=request_started method=GET uri=/actuator/prometheus
2026-06-09 12:14:26 [INFO][module01-actuator] [http-nio-8080-exec-4] traceId= c.w.a.g.log.RequestLoggingFilter - event=request_completed method=GET uri=/actuator/prometheus status=200 durationMs=414
2026-06-09 12:14:30 [INFO][module01-actuator] [http-nio-8080-exec-8] traceId= c.w.a.g.log.RequestLoggingFilter - event=request_started method=GET uri=/actuator/prometheus
2026-06-09 12:14:31 [INFO][module01-actuator] [http-nio-8080-exec-8] traceId= c.w.a.g.log.RequestLoggingFilter - event=request_completed method=GET uri=/actuator/prometheus status=200 durationMs=606
2026-06-09 12:14:35 [INFO][module01-actuator] [http-nio-8080-exec-9] traceId= c.w.a.g.log.RequestLoggingFilter - event=request_started method=GET uri=/actuator/prometheus
2026-06-09 12:14:36 [INFO][module01-actuator] [http-nio-8080-exec-9] traceId= c.w.a.g.log.RequestLoggingFilter - event=request_completed method=GET uri=/actuator/prometheus status=200 durationMs=385
2026-06-09 12:14:40 [INFO][module01-actuator] [http-nio-8080-exec-2] traceId= c.w.a.g.log.RequestLoggingFilter - event=request_started method=GET uri=/actuator/prometheus
2026-06-09 12:14:41 [INFO][module01-actuator] [http-nio-8080-exec-2] traceId= c.w.a.g.log.RequestLoggingFilter - event=request_completed method=GET uri=/actuator/prometheus status=200 durationMs=671
2026-06-09 12:14:45 [INFO][module01-actuator] [http-nio-8080-exec-7] traceId= c.w.a.g.log.RequestLoggingFilter - event=request_started method=GET uri=/actuator/prometheus
2026-06-09 12:14:46 [INFO][module01-actuator] [http-nio-8080-exec-7] traceId= c.w.a.g.log.RequestLoggingFilter - event=request_completed method=GET uri=/actuator/prometheus status=200 durationMs=436
2026-06-09 12:14:50 [INFO][module01-actuator] [http-nio-8080-exec-6] traceId= c.w.a.g.log.RequestLoggingFilter - event=request_started method=GET uri=/actuator/prometheus
2026-06-09 12:14:51 [INFO][module01-actuator] [http-nio-8080-exec-6] traceId= c.w.a.g.log.RequestLoggingFilter - event=request_completed method=GET uri=/actuator/prometheus status=200 durationMs=649
2026-06-09 12:14:55 [INFO][module01-actuator] [http-nio-8080-exec-11] traceId= c.w.a.g.log.RequestLoggingFilter - event=request_started method=GET uri=/actuator/prometheus
2026-06-09 12:14:56 [INFO][module01-actuator] [http-nio-8080-exec-11] traceId= c.w.a.g.log.RequestLoggingFilter - event=request_completed method=GET uri=/actuator/prometheus status=200 durationMs=418
2026-06-09 12:15:00 [INFO][module01-actuator] [http-nio-8080-exec-3] traceId= c.w.a.g.log.RequestLoggingFilter - event=request_started method=GET uri=/actuator/prometheus
2026-06-09 12:15:01 [INFO][module01-actuator] [http-nio-8080-exec-3] traceId= c.w.a.g.log.RequestLoggingFilter - event=request_completed method=GET uri=/actuator/prometheus status=200 durationMs=627
2026-06-09 12:15:05 [INFO][module01-actuator] [http-nio-8080-exec-10] traceId= c.w.a.g.log.RequestLoggingFilter - event=request_started method=GET uri=/actuator/prometheus
2026-06-09 12:15:06 [INFO][module01-actuator] [http-nio-8080-exec-10] traceId= c.w.a.g.log.RequestLoggingFilter - event=request_completed method=GET uri=/actuator/prometheus status=200 durationMs=365
2026-06-09 12:15:10 [INFO][module01-actuator] [http-nio-8080-exec-5] traceId= c.w.a.g.log.RequestLoggingFilter - event=request_started method=GET uri=/actuator/prometheus
2026-06-09 12:15:11 [INFO][module01-actuator] [http-nio-8080-exec-5] traceId= c.w.a.g.log.RequestLoggingFilter - event=request_completed method=GET uri=/actuator/prometheus status=200 durationMs=693
2026-06-09 12:15:15 [INFO][module01-actuator] [http-nio-8080-exec-4] traceId= c.w.a.g.log.RequestLoggingFilter - event=request_started method=GET uri=/actuator/prometheus
2026-06-09 12:15:16 [INFO][module01-actuator] [http-nio-8080-exec-4] traceId= c.w.a.g.log.RequestLoggingFilter - event=request_completed method=GET uri=/actuator/prometheus status=200 durationMs=382
2026-06-09 12:15:20 [INFO][module01-actuator] [http-nio-8080-exec-8] traceId= c.w.a.g.log.RequestLoggingFilter - event=request_started method=GET uri=/actuator/prometheus
2026-06-09 12:15:21 [INFO][module01-actuator] [http-nio-8080-exec-8] traceId= c.w.a.g.log.RequestLoggingFilter - event=request_completed method=GET uri=/actuator/prometheus status=200 durationMs=787
2026-06-09 12:15:25 [INFO][module01-actuator] [http-nio-8080-exec-9] traceId= c.w.a.g.log.RequestLoggingFilter - event=request_started method=GET uri=/actuator/prometheus
2026-06-09 12:15:26 [INFO][module01-actuator] [http-nio-8080-exec-9] traceId= c.w.a.g.log.RequestLoggingFilter - event=request_completed method=GET uri=/actuator/prometheus status=200 durationMs=433
2026-06-09 12:15:30 [INFO][module01-actuator] [http-nio-8080-exec-2] traceId= c.w.a.g.log.RequestLoggingFilter - event=request_started method=GET uri=/actuator/prometheus
2026-06-09 12:15:31 [INFO][module01-actuator] [http-nio-8080-exec-2] traceId= c.w.a.g.log.RequestLoggingFilter - event=request_completed method=GET uri=/actuator/prometheus status=200 durationMs=671
2026-06-09 12:15:35 [INFO][module01-actuator] [http-nio-8080-exec-7] traceId= c.w.a.g.log.RequestLoggingFilter - event=request_started method=GET uri=/actuator/prometheus
2026-06-09 12:15:36 [INFO][module01-actuator] [http-nio-8080-exec-7] traceId= c.w.a.g.log.RequestLoggingFilter - event=request_completed method=GET uri=/actuator/prometheus status=200 durationMs=381
2026-06-09 12:15:40 [INFO][module01-actuator] [http-nio-8080-exec-6] traceId= c.w.a.g.log.RequestLoggingFilter - event=request_started method=GET uri=/actuator/prometheus
2026-06-09 12:15:41 [INFO][module01-actuator] [http-nio-8080-exec-6] traceId= c.w.a.g.log.RequestLoggingFilter - event=request_completed method=GET uri=/actuator/prometheus status=200 durationMs=757
2026-06-09 12:15:45 [INFO][module01-actuator] [http-nio-8080-exec-11] traceId= c.w.a.g.log.RequestLoggingFilter - event=request_started method=GET uri=/actuator/prometheus
2026-06-09 12:15:46 [INFO][module01-actuator] [http-nio-8080-exec-11] traceId= c.w.a.g.log.RequestLoggingFilter - event=request_completed method=GET uri=/actuator/prometheus status=200 durationMs=393
2026-06-09 12:15:50 [INFO][module01-actuator] [http-nio-8080-exec-3] traceId= c.w.a.g.log.RequestLoggingFilter - event=request_started method=GET uri=/actuator/prometheus
2026-06-09 12:15:51 [INFO][module01-actuator] [http-nio-8080-exec-3] traceId= c.w.a.g.log.RequestLoggingFilter - event=request_completed method=GET uri=/actuator/prometheus status=200 durationMs=669
2026-06-09 12:15:55 [INFO][module01-actuator] [http-nio-8080-exec-10] traceId= c.w.a.g.log.RequestLoggingFilter - event=request_started method=GET uri=/actuator/prometheus
2026-06-09 12:15:56 [INFO][module01-actuator] [http-nio-8080-exec-10] traceId= c.w.a.g.log.RequestLoggingFilter - event=request_completed method=GET uri=/actuator/prometheus status=200 durationMs=452
2026-06-09 12:16:00 [INFO][module01-actuator] [http-nio-8080-exec-5] traceId= c.w.a.g.log.RequestLoggingFilter - event=request_started method=GET uri=/actuator/prometheus
2026-06-09 12:16:01 [INFO][module01-actuator] [http-nio-8080-exec-5] traceId= c.w.a.g.log.RequestLoggingFilter - event=request_completed method=GET uri=/actuator/prometheus status=200 durationMs=694
2026-06-09 12:16:05 [INFO][module01-actuator] [http-nio-8080-exec-4] traceId= c.w.a.g.log.RequestLoggingFilter - event=request_started method=GET uri=/actuator/prometheus
2026-06-09 12:16:06 [INFO][module01-actuator] [http-nio-8080-exec-4] traceId= c.w.a.g.log.RequestLoggingFilter - event=request_completed method=GET uri=/actuator/prometheus status=200 durationMs=372
2026-06-09 12:16:10 [INFO][module01-actuator] [http-nio-8080-exec-8] traceId= c.w.a.g.log.RequestLoggingFilter - event=request_started method=GET uri=/actuator/prometheus
2026-06-09 12:16:11 [INFO][module01-actuator] [http-nio-8080-exec-8] traceId= c.w.a.g.log.RequestLoggingFilter - event=request_completed method=GET uri=/actuator/prometheus status=200 durationMs=735
2026-06-09 12:16:15 [INFO][module01-actuator] [http-nio-8080-exec-9] traceId= c.w.a.g.log.RequestLoggingFilter - event=request_started method=GET uri=/actuator/prometheus
2026-06-09 12:16:16 [INFO][module01-actuator] [http-nio-8080-exec-9] traceId= c.w.a.g.log.RequestLoggingFilter - event=request_completed method=GET uri=/actuator/prometheus status=200 durationMs=433
2026-06-09 12:16:20 [INFO][module01-actuator] [http-nio-8080-exec-2] traceId= c.w.a.g.log.RequestLoggingFilter - event=request_started method=GET uri=/actuator/prometheus
2026-06-09 12:16:21 [INFO][module01-actuator] [http-nio-8080-exec-2] traceId= c.w.a.g.log.RequestLoggingFilter - event=request_completed method=GET uri=/actuator/prometheus status=200 durationMs=752
2026-06-09 12:16:25 [INFO][module01-actuator] [http-nio-8080-exec-7] traceId= c.w.a.g.log.RequestLoggingFilter - event=request_started method=GET uri=/actuator/prometheus
2026-06-09 12:16:26 [INFO][module01-actuator] [http-nio-8080-exec-7] traceId= c.w.a.g.log.RequestLoggingFilter - event=request_completed method=GET uri=/actuator/prometheus status=200 durationMs=451
2026-06-09 12:16:30 [INFO][module01-actuator] [http-nio-8080-exec-6] traceId= c.w.a.g.log.RequestLoggingFilter - event=request_started method=GET uri=/actuator/prometheus
2026-06-09 12:16:31 [INFO][module01-actuator] [http-nio-8080-exec-6] traceId= c.w.a.g.log.RequestLoggingFilter - event=request_completed method=GET uri=/actuator/prometheus status=200 durationMs=670
2026-06-09 12:16:35 [INFO][module01-actuator] [http-nio-8080-exec-11] traceId= c.w.a.g.log.RequestLoggingFilter - event=request_started method=GET uri=/actuator/prometheus
2026-06-09 12:16:36 [INFO][module01-actuator] [http-nio-8080-exec-11] traceId= c.w.a.g.log.RequestLoggingFilter - event=request_completed method=GET uri=/actuator/prometheus status=200 durationMs=461
2026-06-09 12:16:40 [INFO][module01-actuator] [http-nio-8080-exec-3] traceId= c.w.a.g.log.RequestLoggingFilter - event=request_started method=GET uri=/actuator/prometheus
2026-06-09 12:16:41 [INFO][module01-actuator] [http-nio-8080-exec-3] traceId= c.w.a.g.log.RequestLoggingFilter - event=request_completed method=GET uri=/actuator/prometheus status=200 durationMs=600
2026-06-09 12:16:45 [INFO][module01-actuator] [http-nio-8080-exec-10] traceId= c.w.a.g.log.RequestLoggingFilter - event=request_started method=GET uri=/actuator/prometheus
2026-06-09 12:16:46 [INFO][module01-actuator] [http-nio-8080-exec-10] traceId= c.w.a.g.log.RequestLoggingFilter - event=request_completed method=GET uri=/actuator/prometheus status=200 durationMs=371
2026-06-09 12:16:50 [INFO][module01-actuator] [http-nio-8080-exec-5] traceId= c.w.a.g.log.RequestLoggingFilter - event=request_started method=GET uri=/actuator/prometheus
2026-06-09 12:16:51 [INFO][module01-actuator] [http-nio-8080-exec-5] traceId= c.w.a.g.log.RequestLoggingFilter - event=request_completed method=GET uri=/actuator/prometheus status=200 durationMs=738
2026-06-09 12:16:55 [INFO][module01-actuator] [http-nio-8080-exec-4] traceId= c.w.a.g.log.RequestLoggingFilter - event=request_started method=GET uri=/actuator/prometheus
2026-06-09 12:16:56 [INFO][module01-actuator] [http-nio-8080-exec-4] traceId= c.w.a.g.log.RequestLoggingFilter - event=request_completed method=GET uri=/actuator/prometheus status=200 durationMs=398
2026-06-09 12:17:00 [INFO][module01-actuator] [http-nio-8080-exec-8] traceId= c.w.a.g.log.RequestLoggingFilter - event=request_started method=GET uri=/actuator/prometheus
2026-06-09 12:17:01 [INFO][module01-actuator] [http-nio-8080-exec-8] traceId= c.w.a.g.log.RequestLoggingFilter - event=request_completed method=GET uri=/actuator/prometheus status=200 durationMs=767
2026-06-09 12:17:05 [INFO][module01-actuator] [http-nio-8080-exec-9] traceId= c.w.a.g.log.RequestLoggingFilter - event=request_started method=GET uri=/actuator/prometheus
2026-06-09 12:17:06 [INFO][module01-actuator] [http-nio-8080-exec-9] traceId= c.w.a.g.log.RequestLoggingFilter - event=request_completed method=GET uri=/actuator/prometheus status=200 durationMs=414
2026-06-09 12:17:10 [INFO][module01-actuator] [http-nio-8080-exec-2] traceId= c.w.a.g.log.RequestLoggingFilter - event=request_started method=GET uri=/actuator/prometheus
2026-06-09 12:17:11 [INFO][module01-actuator] [http-nio-8080-exec-2] traceId= c.w.a.g.log.RequestLoggingFilter - event=request_completed method=GET uri=/actuator/prometheus status=200 durationMs=821
2026-06-09 12:17:15 [INFO][module01-actuator] [http-nio-8080-exec-7] traceId= c.w.a.g.log.RequestLoggingFilter - event=request_started method=GET uri=/actuator/prometheus
2026-06-09 12:17:16 [INFO][module01-actuator] [http-nio-8080-exec-7] traceId= c.w.a.g.log.RequestLoggingFilter - event=request_completed method=GET uri=/actuator/prometheus status=200 durationMs=421
2026-06-09 12:17:20 [INFO][module01-actuator] [http-nio-8080-exec-6] traceId= c.w.a.g.log.RequestLoggingFilter - event=request_started method=GET uri=/actuator/prometheus
2026-06-09 12:17:21 [INFO][module01-actuator] [http-nio-8080-exec-6] traceId= c.w.a.g.log.RequestLoggingFilter - event=request_completed method=GET uri=/actuator/prometheus status=200 durationMs=760
2026-06-09 12:17:25 [INFO][module01-actuator] [http-nio-8080-exec-11] traceId= c.w.a.g.log.RequestLoggingFilter - event=request_started method=GET uri=/actuator/prometheus
2026-06-09 12:17:26 [INFO][module01-actuator] [http-nio-8080-exec-11] traceId= c.w.a.g.log.RequestLoggingFilter - event=request_completed method=GET uri=/actuator/prometheus status=200 durationMs=358
2026-06-09 12:17:30 [INFO][module01-actuator] [http-nio-8080-exec-3] traceId= c.w.a.g.log.RequestLoggingFilter - event=request_started method=GET uri=/actuator/prometheus
2026-06-09 12:17:31 [INFO][module01-actuator] [http-nio-8080-exec-3] traceId= c.w.a.g.log.RequestLoggingFilter - event=request_completed method=GET uri=/actuator/prometheus status=200 durationMs=782
2026-06-09 12:17:35 [INFO][module01-actuator] [http-nio-8080-exec-10] traceId= c.w.a.g.log.RequestLoggingFilter - event=request_started method=GET uri=/actuator/prometheus
2026-06-09 12:17:36 [INFO][module01-actuator] [http-nio-8080-exec-10] traceId= c.w.a.g.log.RequestLoggingFilter - event=request_completed method=GET uri=/actuator/prometheus status=200 durationMs=431
2026-06-09 12:17:40 [INFO][module01-actuator] [http-nio-8080-exec-5] traceId= c.w.a.g.log.RequestLoggingFilter - event=request_started method=GET uri=/actuator/prometheus
2026-06-09 12:17:41 [INFO][module01-actuator] [http-nio-8080-exec-5] traceId= c.w.a.g.log.RequestLoggingFilter - event=request_completed method=GET uri=/actuator/prometheus status=200 durationMs=676
2026-06-09 12:17:45 [INFO][module01-actuator] [http-nio-8080-exec-4] traceId= c.w.a.g.log.RequestLoggingFilter - event=request_started method=GET uri=/actuator/prometheus
2026-06-09 12:17:46 [INFO][module01-actuator] [http-nio-8080-exec-4] traceId= c.w.a.g.log.RequestLoggingFilter - event=request_completed method=GET uri=/actuator/prometheus status=200 durationMs=463
2026-06-09 12:17:50 [INFO][module01-actuator] [http-nio-8080-exec-8] traceId= c.w.a.g.log.RequestLoggingFilter - event=request_started method=GET uri=/actuator/prometheus
2026-06-09 12:17:51 [INFO][module01-actuator] [http-nio-8080-exec-8] traceId= c.w.a.g.log.RequestLoggingFilter - event=request_completed method=GET uri=/actuator/prometheus status=200 durationMs=813
2026-06-09 12:17:55 [INFO][module01-actuator] [http-nio-8080-exec-9] traceId= c.w.a.g.log.RequestLoggingFilter - event=request_started method=GET uri=/actuator/prometheus
2026-06-09 12:17:56 [INFO][module01-actuator] [http-nio-8080-exec-9] traceId= c.w.a.g.log.RequestLoggingFilter - event=request_completed method=GET uri=/actuator/prometheus status=200 durationMs=401
2026-06-09 12:18:00 [INFO][module01-actuator] [http-nio-8080-exec-2] traceId= c.w.a.g.log.RequestLoggingFilter - event=request_started method=GET uri=/actuator/prometheus
2026-06-09 12:18:01 [INFO][module01-actuator] [http-nio-8080-exec-2] traceId= c.w.a.g.log.RequestLoggingFilter - event=request_completed method=GET uri=/actuator/prometheus status=200 durationMs=730
2026-06-09 12:18:05 [INFO][module01-actuator] [http-nio-8080-exec-7] traceId= c.w.a.g.log.RequestLoggingFilter - event=request_started method=GET uri=/actuator/prometheus
2026-06-09 12:18:06 [INFO][module01-actuator] [http-nio-8080-exec-7] traceId= c.w.a.g.log.RequestLoggingFilter - event=request_completed method=GET uri=/actuator/prometheus status=200 durationMs=401
2026-06-09 12:18:10 [INFO][module01-actuator] [http-nio-8080-exec-6] traceId= c.w.a.g.log.RequestLoggingFilter - event=request_started method=GET uri=/actuator/prometheus
2026-06-09 12:18:11 [INFO][module01-actuator] [http-nio-8080-exec-6] traceId= c.w.a.g.log.RequestLoggingFilter - event=request_completed method=GET uri=/actuator/prometheus status=200 durationMs=583
2026-06-09 12:18:15 [INFO][module01-actuator] [http-nio-8080-exec-11] traceId= c.w.a.g.log.RequestLoggingFilter - event=request_started method=GET uri=/actuator/prometheus
2026-06-09 12:18:16 [INFO][module01-actuator] [http-nio-8080-exec-11] traceId= c.w.a.g.log.RequestLoggingFilter - event=request_completed method=GET uri=/actuator/prometheus status=200 durationMs=419
2026-06-09 12:18:20 [INFO][module01-actuator] [http-nio-8080-exec-3] traceId= c.w.a.g.log.RequestLoggingFilter - event=request_started method=GET uri=/actuator/prometheus
2026-06-09 12:18:21 [INFO][module01-actuator] [http-nio-8080-exec-3] traceId= c.w.a.g.log.RequestLoggingFilter - event=request_completed method=GET uri=/actuator/prometheus status=200 durationMs=785
2026-06-09 12:18:25 [INFO][module01-actuator] [http-nio-8080-exec-10] traceId= c.w.a.g.log.RequestLoggingFilter - event=request_started method=GET uri=/actuator/prometheus
2026-06-09 12:18:26 [INFO][module01-actuator] [http-nio-8080-exec-10] traceId= c.w.a.g.log.RequestLoggingFilter - event=request_completed method=GET uri=/actuator/prometheus status=200 durationMs=424
2026-06-09 12:18:30 [INFO][module01-actuator] [http-nio-8080-exec-5] traceId= c.w.a.g.log.RequestLoggingFilter - event=request_started method=GET uri=/actuator/prometheus
2026-06-09 12:18:31 [INFO][module01-actuator] [http-nio-8080-exec-5] traceId= c.w.a.g.log.RequestLoggingFilter - event=request_completed method=GET uri=/actuator/prometheus status=200 durationMs=886
2026-06-09 12:18:35 [INFO][module01-actuator] [http-nio-8080-exec-4] traceId= c.w.a.g.log.RequestLoggingFilter - event=request_started method=GET uri=/actuator/prometheus
2026-06-09 12:18:36 [INFO][module01-actuator] [http-nio-8080-exec-4] traceId= c.w.a.g.log.RequestLoggingFilter - event=request_completed method=GET uri=/actuator/prometheus status=200 durationMs=375
2026-06-09 12:18:40 [INFO][module01-actuator] [http-nio-8080-exec-8] traceId= c.w.a.g.log.RequestLoggingFilter - event=request_started method=GET uri=/actuator/prometheus
2026-06-09 12:18:41 [INFO][module01-actuator] [http-nio-8080-exec-8] traceId= c.w.a.g.log.RequestLoggingFilter - event=request_completed method=GET uri=/actuator/prometheus status=200 durationMs=590
2026-06-09 12:18:45 [INFO][module01-actuator] [http-nio-8080-exec-9] traceId= c.w.a.g.log.RequestLoggingFilter - event=request_started method=GET uri=/actuator/prometheus
2026-06-09 12:18:46 [INFO][module01-actuator] [http-nio-8080-exec-9] traceId= c.w.a.g.log.RequestLoggingFilter - event=request_completed method=GET uri=/actuator/prometheus status=200 durationMs=385
2026-06-09 12:18:50 [INFO][module01-actuator] [http-nio-8080-exec-2] traceId= c.w.a.g.log.RequestLoggingFilter - event=request_started method=GET uri=/actuator/prometheus
2026-06-09 12:18:51 [INFO][module01-actuator] [http-nio-8080-exec-2] traceId= c.w.a.g.log.RequestLoggingFilter - event=request_completed method=GET uri=/actuator/prometheus status=200 durationMs=326
2026-06-09 12:18:55 [INFO][module01-actuator] [http-nio-8080-exec-7] traceId= c.w.a.g.log.RequestLoggingFilter - event=request_started method=GET uri=/actuator/prometheus
2026-06-09 12:18:56 [INFO][module01-actuator] [http-nio-8080-exec-7] traceId= c.w.a.g.log.RequestLoggingFilter - event=request_completed method=GET uri=/actuator/prometheus status=200 durationMs=334
2026-06-09 12:19:00 [INFO][module01-actuator] [http-nio-8080-exec-6] traceId= c.w.a.g.log.RequestLoggingFilter - event=request_started method=GET uri=/actuator/prometheus
2026-06-09 12:19:01 [INFO][module01-actuator] [http-nio-8080-exec-6] traceId= c.w.a.g.log.RequestLoggingFilter - event=request_completed method=GET uri=/actuator/prometheus status=200 durationMs=187
2026-06-09 12:19:05 [INFO][module01-actuator] [http-nio-8080-exec-11] traceId= c.w.a.g.log.RequestLoggingFilter - event=request_started method=GET uri=/actuator/prometheus
2026-06-09 12:19:06 [INFO][module01-actuator] [http-nio-8080-exec-11] traceId= c.w.a.g.log.RequestLoggingFilter - event=request_completed method=GET uri=/actuator/prometheus status=200 durationMs=158
2026-06-09 12:19:10 [INFO][module01-actuator] [http-nio-8080-exec-3] traceId= c.w.a.g.log.RequestLoggingFilter - event=request_started method=GET uri=/actuator/prometheus
2026-06-09 12:19:11 [INFO][module01-actuator] [http-nio-8080-exec-3] traceId= c.w.a.g.log.RequestLoggingFilter - event=request_completed method=GET uri=/actuator/prometheus status=200 durationMs=226
2026-06-09 12:19:15 [INFO][module01-actuator] [http-nio-8080-exec-10] traceId= c.w.a.g.log.RequestLoggingFilter - event=request_started method=GET uri=/actuator/prometheus
2026-06-09 12:19:16 [INFO][module01-actuator] [http-nio-8080-exec-10] traceId= c.w.a.g.log.RequestLoggingFilter - event=request_completed method=GET uri=/actuator/prometheus status=200 durationMs=187
2026-06-09 12:19:20 [INFO][module01-actuator] [http-nio-8080-exec-5] traceId= c.w.a.g.log.RequestLoggingFilter - event=request_started method=GET uri=/actuator/prometheus
2026-06-09 12:19:21 [INFO][module01-actuator] [http-nio-8080-exec-5] traceId= c.w.a.g.log.RequestLoggingFilter - event=request_completed method=GET uri=/actuator/prometheus status=200 durationMs=343
2026-06-09 12:19:25 [INFO][module01-actuator] [http-nio-8080-exec-4] traceId= c.w.a.g.log.RequestLoggingFilter - event=request_started method=GET uri=/actuator/prometheus
2026-06-09 12:19:26 [INFO][module01-actuator] [http-nio-8080-exec-4] traceId= c.w.a.g.log.RequestLoggingFilter - event=request_completed method=GET uri=/actuator/prometheus status=200 durationMs=416
2026-06-09 12:19:30 [INFO][module01-actuator] [http-nio-8080-exec-8] traceId= c.w.a.g.log.RequestLoggingFilter - event=request_started method=GET uri=/actuator/prometheus
2026-06-09 12:19:31 [INFO][module01-actuator] [http-nio-8080-exec-8] traceId= c.w.a.g.log.RequestLoggingFilter - event=request_completed method=GET uri=/actuator/prometheus status=200 durationMs=493
2026-06-09 12:19:35 [INFO][module01-actuator] [http-nio-8080-exec-9] traceId= c.w.a.g.log.RequestLoggingFilter - event=request_started method=GET uri=/actuator/prometheus
2026-06-09 12:19:36 [INFO][module01-actuator] [http-nio-8080-exec-9] traceId= c.w.a.g.log.RequestLoggingFilter - event=request_completed method=GET uri=/actuator/prometheus status=200 durationMs=430
2026-06-09 12:19:40 [INFO][module01-actuator] [http-nio-8080-exec-2] traceId= c.w.a.g.log.RequestLoggingFilter - event=request_started method=GET uri=/actuator/prometheus
2026-06-09 12:19:41 [INFO][module01-actuator] [http-nio-8080-exec-2] traceId= c.w.a.g.log.RequestLoggingFilter - event=request_completed method=GET uri=/actuator/prometheus status=200 durationMs=299
2026-06-09 12:19:45 [INFO][module01-actuator] [http-nio-8080-exec-7] traceId= c.w.a.g.log.RequestLoggingFilter - event=request_started method=GET uri=/actuator/prometheus
2026-06-09 12:19:46 [INFO][module01-actuator] [http-nio-8080-exec-7] traceId= c.w.a.g.log.RequestLoggingFilter - event=request_completed method=GET uri=/actuator/prometheus status=200 durationMs=285
2026-06-09 12:19:50 [INFO][module01-actuator] [http-nio-8080-exec-6] traceId= c.w.a.g.log.RequestLoggingFilter - event=request_started method=GET uri=/actuator/prometheus
2026-06-09 12:19:51 [INFO][module01-actuator] [http-nio-8080-exec-6] traceId= c.w.a.g.log.RequestLoggingFilter - event=request_completed method=GET uri=/actuator/prometheus status=200 durationMs=334
2026-06-09 12:19:55 [INFO][module01-actuator] [http-nio-8080-exec-11] traceId= c.w.a.g.log.RequestLoggingFilter - event=request_started method=GET uri=/actuator/prometheus
2026-06-09 12:19:56 [INFO][module01-actuator] [http-nio-8080-exec-11] traceId= c.w.a.g.log.RequestLoggingFilter - event=request_completed method=GET uri=/actuator/prometheus status=200 durationMs=236
2026-06-09 12:20:00 [INFO][module01-actuator] [http-nio-8080-exec-3] traceId= c.w.a.g.log.RequestLoggingFilter - event=request_started method=GET uri=/actuator/prometheus
2026-06-09 12:20:01 [INFO][module01-actuator] [http-nio-8080-exec-3] traceId= c.w.a.g.log.RequestLoggingFilter - event=request_completed method=GET uri=/actuator/prometheus status=200 durationMs=176
2026-06-09 12:20:05 [INFO][module01-actuator] [http-nio-8080-exec-10] traceId= c.w.a.g.log.RequestLoggingFilter - event=request_started method=GET uri=/actuator/prometheus
2026-06-09 12:20:06 [INFO][module01-actuator] [http-nio-8080-exec-10] traceId= c.w.a.g.log.RequestLoggingFilter - event=request_completed method=GET uri=/actuator/prometheus status=200 durationMs=154
2026-06-09 12:20:10 [INFO][module01-actuator] [http-nio-8080-exec-5] traceId= c.w.a.g.log.RequestLoggingFilter - event=request_started method=GET uri=/actuator/prometheus
2026-06-09 12:20:11 [INFO][module01-actuator] [http-nio-8080-exec-5] traceId= c.w.a.g.log.RequestLoggingFilter - event=request_completed method=GET uri=/actuator/prometheus status=200 durationMs=218
2026-06-09 12:20:15 [INFO][module01-actuator] [http-nio-8080-exec-4] traceId= c.w.a.g.log.RequestLoggingFilter - event=request_started method=GET uri=/actuator/prometheus
2026-06-09 12:20:16 [INFO][module01-actuator] [http-nio-8080-exec-4] traceId= c.w.a.g.log.RequestLoggingFilter - event=request_completed method=GET uri=/actuator/prometheus status=200 durationMs=184
2026-06-09 12:20:20 [INFO][module01-actuator] [http-nio-8080-exec-8] traceId= c.w.a.g.log.RequestLoggingFilter - event=request_started method=GET uri=/actuator/prometheus
2026-06-09 12:20:21 [INFO][module01-actuator] [http-nio-8080-exec-8] traceId= c.w.a.g.log.RequestLoggingFilter - event=request_completed method=GET uri=/actuator/prometheus status=200 durationMs=350
2026-06-09 12:20:25 [INFO][module01-actuator] [http-nio-8080-exec-9] traceId= c.w.a.g.log.RequestLoggingFilter - event=request_started method=GET uri=/actuator/prometheus
2026-06-09 12:20:26 [INFO][module01-actuator] [http-nio-8080-exec-9] traceId= c.w.a.g.log.RequestLoggingFilter - event=request_completed method=GET uri=/actuator/prometheus status=200 durationMs=393
2026-06-09 12:20:30 [INFO][module01-actuator] [http-nio-8080-exec-2] traceId= c.w.a.g.log.RequestLoggingFilter - event=request_started method=GET uri=/actuator/prometheus
2026-06-09 12:20:31 [INFO][module01-actuator] [http-nio-8080-exec-2] traceId= c.w.a.g.log.RequestLoggingFilter - event=request_completed method=GET uri=/actuator/prometheus status=200 durationMs=159
2026-06-09 12:20:35 [INFO][module01-actuator] [http-nio-8080-exec-7] traceId= c.w.a.g.log.RequestLoggingFilter - event=request_started method=GET uri=/actuator/prometheus
2026-06-09 12:20:36 [INFO][module01-actuator] [http-nio-8080-exec-7] traceId= c.w.a.g.log.RequestLoggingFilter - event=request_completed method=GET uri=/actuator/prometheus status=200 durationMs=197
2026-06-09 12:20:40 [INFO][module01-actuator] [http-nio-8080-exec-6] traceId= c.w.a.g.log.RequestLoggingFilter - event=request_started method=GET uri=/actuator/prometheus
2026-06-09 12:20:41 [INFO][module01-actuator] [http-nio-8080-exec-6] traceId= c.w.a.g.log.RequestLoggingFilter - event=request_completed method=GET uri=/actuator/prometheus status=200 durationMs=217
2026-06-09 12:20:45 [INFO][module01-actuator] [http-nio-8080-exec-11] traceId= c.w.a.g.log.RequestLoggingFilter - event=request_started method=GET uri=/actuator/prometheus
2026-06-09 12:20:46 [INFO][module01-actuator] [http-nio-8080-exec-11] traceId= c.w.a.g.log.RequestLoggingFilter - event=request_completed method=GET uri=/actuator/prometheus status=200 durationMs=183
2026-06-09 12:20:50 [INFO][module01-actuator] [http-nio-8080-exec-3] traceId= c.w.a.g.log.RequestLoggingFilter - event=request_started method=GET uri=/actuator/prometheus
2026-06-09 12:20:51 [INFO][module01-actuator] [http-nio-8080-exec-3] traceId= c.w.a.g.log.RequestLoggingFilter - event=request_completed method=GET uri=/actuator/prometheus status=200 durationMs=181
2026-06-09 12:20:55 [INFO][module01-actuator] [http-nio-8080-exec-10] traceId= c.w.a.g.log.RequestLoggingFilter - event=request_started method=GET uri=/actuator/prometheus
2026-06-09 12:20:56 [INFO][module01-actuator] [http-nio-8080-exec-10] traceId= c.w.a.g.log.RequestLoggingFilter - event=request_completed method=GET uri=/actuator/prometheus status=200 durationMs=384
2026-06-09 12:21:00 [INFO][module01-actuator] [http-nio-8080-exec-5] traceId= c.w.a.g.log.RequestLoggingFilter - event=request_started method=GET uri=/actuator/prometheus
2026-06-09 12:21:01 [INFO][module01-actuator] [http-nio-8080-exec-5] traceId= c.w.a.g.log.RequestLoggingFilter - event=request_completed method=GET uri=/actuator/prometheus status=200 durationMs=393
2026-06-09 12:21:05 [INFO][module01-actuator] [http-nio-8080-exec-4] traceId= c.w.a.g.log.RequestLoggingFilter - event=request_started method=GET uri=/actuator/prometheus
2026-06-09 12:21:06 [INFO][module01-actuator] [http-nio-8080-exec-4] traceId= c.w.a.g.log.RequestLoggingFilter - event=request_completed method=GET uri=/actuator/prometheus status=200 durationMs=600
2026-06-09 12:21:10 [INFO][module01-actuator] [http-nio-8080-exec-8] traceId= c.w.a.g.log.RequestLoggingFilter - event=request_started method=GET uri=/actuator/prometheus
2026-06-09 12:21:11 [INFO][module01-actuator] [http-nio-8080-exec-8] traceId= c.w.a.g.log.RequestLoggingFilter - event=request_completed method=GET uri=/actuator/prometheus status=200 durationMs=278
2026-06-09 12:21:15 [INFO][module01-actuator] [http-nio-8080-exec-9] traceId= c.w.a.g.log.RequestLoggingFilter - event=request_started method=GET uri=/actuator/prometheus
2026-06-09 12:21:16 [INFO][module01-actuator] [http-nio-8080-exec-9] traceId= c.w.a.g.log.RequestLoggingFilter - event=request_completed method=GET uri=/actuator/prometheus status=200 durationMs=322
2026-06-09 12:21:20 [INFO][module01-actuator] [http-nio-8080-exec-2] traceId= c.w.a.g.log.RequestLoggingFilter - event=request_started method=GET uri=/actuator/prometheus
2026-06-09 12:21:21 [INFO][module01-actuator] [http-nio-8080-exec-2] traceId= c.w.a.g.log.RequestLoggingFilter - event=request_completed method=GET uri=/actuator/prometheus status=200 durationMs=302
2026-06-09 12:21:25 [INFO][module01-actuator] [http-nio-8080-exec-7] traceId= c.w.a.g.log.RequestLoggingFilter - event=request_started method=GET uri=/actuator/prometheus
2026-06-09 12:21:26 [INFO][module01-actuator] [http-nio-8080-exec-7] traceId= c.w.a.g.log.RequestLoggingFilter - event=request_completed method=GET uri=/actuator/prometheus status=200 durationMs=335
2026-06-09 12:21:30 [INFO][module01-actuator] [http-nio-8080-exec-6] traceId= c.w.a.g.log.RequestLoggingFilter - event=request_started method=GET uri=/actuator/prometheus
2026-06-09 12:21:31 [INFO][module01-actuator] [http-nio-8080-exec-6] traceId= c.w.a.g.log.RequestLoggingFilter - event=request_completed method=GET uri=/actuator/prometheus status=200 durationMs=324
2026-06-09 12:21:35 [INFO][module01-actuator] [http-nio-8080-exec-11] traceId= c.w.a.g.log.RequestLoggingFilter - event=request_started method=GET uri=/actuator/prometheus
2026-06-09 12:21:36 [INFO][module01-actuator] [http-nio-8080-exec-11] traceId= c.w.a.g.log.RequestLoggingFilter - event=request_completed method=GET uri=/actuator/prometheus status=200 durationMs=156
2026-06-09 12:21:40 [INFO][module01-actuator] [http-nio-8080-exec-3] traceId= c.w.a.g.log.RequestLoggingFilter - event=request_started method=GET uri=/actuator/prometheus
2026-06-09 12:21:41 [INFO][module01-actuator] [http-nio-8080-exec-3] traceId= c.w.a.g.log.RequestLoggingFilter - event=request_completed method=GET uri=/actuator/prometheus status=200 durationMs=152
2026-06-09 12:21:45 [INFO][module01-actuator] [http-nio-8080-exec-10] traceId= c.w.a.g.log.RequestLoggingFilter - event=request_started method=GET uri=/actuator/prometheus
2026-06-09 12:21:46 [INFO][module01-actuator] [http-nio-8080-exec-10] traceId= c.w.a.g.log.RequestLoggingFilter - event=request_completed method=GET uri=/actuator/prometheus status=200 durationMs=165
2026-06-09 12:21:50 [INFO][module01-actuator] [http-nio-8080-exec-5] traceId= c.w.a.g.log.RequestLoggingFilter - event=request_started method=GET uri=/actuator/prometheus
2026-06-09 12:21:51 [INFO][module01-actuator] [http-nio-8080-exec-5] traceId= c.w.a.g.log.RequestLoggingFilter - event=request_completed method=GET uri=/actuator/prometheus status=200 durationMs=160
2026-06-09 12:21:55 [INFO][module01-actuator] [http-nio-8080-exec-4] traceId= c.w.a.g.log.RequestLoggingFilter - event=request_started method=GET uri=/actuator/prometheus
2026-06-09 12:21:56 [INFO][module01-actuator] [http-nio-8080-exec-4] traceId= c.w.a.g.log.RequestLoggingFilter - event=request_completed method=GET uri=/actuator/prometheus status=200 durationMs=176
2026-06-09 12:22:00 [INFO][module01-actuator] [http-nio-8080-exec-8] traceId= c.w.a.g.log.RequestLoggingFilter - event=request_started method=GET uri=/actuator/prometheus
2026-06-09 12:22:01 [INFO][module01-actuator] [http-nio-8080-exec-8] traceId= c.w.a.g.log.RequestLoggingFilter - event=request_completed method=GET uri=/actuator/prometheus status=200 durationMs=195
2026-06-09 12:22:05 [INFO][module01-actuator] [http-nio-8080-exec-9] traceId= c.w.a.g.log.RequestLoggingFilter - event=request_started method=GET uri=/actuator/prometheus
2026-06-09 12:22:06 [INFO][module01-actuator] [http-nio-8080-exec-9] traceId= c.w.a.g.log.RequestLoggingFilter - event=request_completed method=GET uri=/actuator/prometheus status=200 durationMs=243
2026-06-09 12:22:10 [INFO][module01-actuator] [http-nio-8080-exec-2] traceId= c.w.a.g.log.RequestLoggingFilter - event=request_started method=GET uri=/actuator/prometheus
2026-06-09 12:22:11 [INFO][module01-actuator] [http-nio-8080-exec-2] traceId= c.w.a.g.log.RequestLoggingFilter - event=request_completed method=GET uri=/actuator/prometheus status=200 durationMs=381
2026-06-09 12:22:15 [INFO][module01-actuator] [http-nio-8080-exec-7] traceId= c.w.a.g.log.RequestLoggingFilter - event=request_started method=GET uri=/actuator/prometheus
2026-06-09 12:22:16 [INFO][module01-actuator] [http-nio-8080-exec-7] traceId= c.w.a.g.log.RequestLoggingFilter - event=request_completed method=GET uri=/actuator/prometheus status=200 durationMs=353
2026-06-09 12:22:20 [INFO][module01-actuator] [http-nio-8080-exec-6] traceId= c.w.a.g.log.RequestLoggingFilter - event=request_started method=GET uri=/actuator/prometheus
2026-06-09 12:22:21 [INFO][module01-actuator] [http-nio-8080-exec-6] traceId= c.w.a.g.log.RequestLoggingFilter - event=request_completed method=GET uri=/actuator/prometheus status=200 durationMs=426
2026-06-09 12:22:25 [INFO][module01-actuator] [http-nio-8080-exec-11] traceId= c.w.a.g.log.RequestLoggingFilter - event=request_started method=GET uri=/actuator/prometheus
2026-06-09 12:22:26 [INFO][module01-actuator] [http-nio-8080-exec-11] traceId= c.w.a.g.log.RequestLoggingFilter - event=request_completed method=GET uri=/actuator/prometheus status=200 durationMs=346
2026-06-09 12:22:30 [INFO][module01-actuator] [http-nio-8080-exec-3] traceId= c.w.a.g.log.RequestLoggingFilter - event=request_started method=GET uri=/actuator/prometheus
2026-06-09 12:22:31 [INFO][module01-actuator] [http-nio-8080-exec-3] traceId= c.w.a.g.log.RequestLoggingFilter - event=request_completed method=GET uri=/actuator/prometheus status=200 durationMs=329
2026-06-09 12:22:35 [INFO][module01-actuator] [http-nio-8080-exec-10] traceId= c.w.a.g.log.RequestLoggingFilter - event=request_started method=GET uri=/actuator/prometheus
2026-06-09 12:22:36 [INFO][module01-actuator] [http-nio-8080-exec-10] traceId= c.w.a.g.log.RequestLoggingFilter - event=request_completed method=GET uri=/actuator/prometheus status=200 durationMs=175
2026-06-09 12:22:40 [INFO][module01-actuator] [http-nio-8080-exec-5] traceId= c.w.a.g.log.RequestLoggingFilter - event=request_started method=GET uri=/actuator/prometheus
2026-06-09 12:22:41 [INFO][module01-actuator] [http-nio-8080-exec-5] traceId= c.w.a.g.log.RequestLoggingFilter - event=request_completed method=GET uri=/actuator/prometheus status=200 durationMs=143
2026-06-09 12:22:45 [INFO][module01-actuator] [http-nio-8080-exec-4] traceId= c.w.a.g.log.RequestLoggingFilter - event=request_started method=GET uri=/actuator/prometheus
2026-06-09 12:22:46 [INFO][module01-actuator] [http-nio-8080-exec-4] traceId= c.w.a.g.log.RequestLoggingFilter - event=request_completed method=GET uri=/actuator/prometheus status=200 durationMs=209
2026-06-09 12:22:50 [INFO][module01-actuator] [http-nio-8080-exec-8] traceId= c.w.a.g.log.RequestLoggingFilter - event=request_started method=GET uri=/actuator/prometheus
2026-06-09 12:22:51 [INFO][module01-actuator] [http-nio-8080-exec-8] traceId= c.w.a.g.log.RequestLoggingFilter - event=request_completed method=GET uri=/actuator/prometheus status=200 durationMs=184
2026-06-09 12:22:55 [INFO][module01-actuator] [http-nio-8080-exec-9] traceId= c.w.a.g.log.RequestLoggingFilter - event=request_started method=GET uri=/actuator/prometheus
2026-06-09 12:22:56 [INFO][module01-actuator] [http-nio-8080-exec-9] traceId= c.w.a.g.log.RequestLoggingFilter - event=request_completed method=GET uri=/actuator/prometheus status=200 durationMs=298
2026-06-09 12:23:00 [INFO][module01-actuator] [http-nio-8080-exec-2] traceId= c.w.a.g.log.RequestLoggingFilter - event=request_started method=GET uri=/actuator/prometheus
2026-06-09 12:23:01 [INFO][module01-actuator] [http-nio-8080-exec-2] traceId= c.w.a.g.log.RequestLoggingFilter - event=request_completed method=GET uri=/actuator/prometheus status=200 durationMs=300
2026-06-09 12:23:05 [INFO][module01-actuator] [http-nio-8080-exec-7] traceId= c.w.a.g.log.RequestLoggingFilter - event=request_started method=GET uri=/actuator/prometheus
2026-06-09 12:23:06 [INFO][module01-actuator] [http-nio-8080-exec-7] traceId= c.w.a.g.log.RequestLoggingFilter - event=request_completed method=GET uri=/actuator/prometheus status=200 durationMs=328
2026-06-09 12:23:10 [INFO][module01-actuator] [http-nio-8080-exec-6] traceId= c.w.a.g.log.RequestLoggingFilter - event=request_started method=GET uri=/actuator/prometheus
2026-06-09 12:23:11 [INFO][module01-actuator] [http-nio-8080-exec-6] traceId= c.w.a.g.log.RequestLoggingFilter - event=request_completed method=GET uri=/actuator/prometheus status=200 durationMs=184
2026-06-09 12:23:15 [INFO][module01-actuator] [http-nio-8080-exec-11] traceId= c.w.a.g.log.RequestLoggingFilter - event=request_started method=GET uri=/actuator/prometheus
2026-06-09 12:23:16 [INFO][module01-actuator] [http-nio-8080-exec-11] traceId= c.w.a.g.log.RequestLoggingFilter - event=request_completed method=GET uri=/actuator/prometheus status=200 durationMs=201
2026-06-09 12:23:20 [INFO][module01-actuator] [http-nio-8080-exec-3] traceId= c.w.a.g.log.RequestLoggingFilter - event=request_started method=GET uri=/actuator/prometheus
2026-06-09 12:23:21 [INFO][module01-actuator] [http-nio-8080-exec-3] traceId= c.w.a.g.log.RequestLoggingFilter - event=request_completed method=GET uri=/actuator/prometheus status=200 durationMs=209
2026-06-09 12:23:25 [INFO][module01-actuator] [http-nio-8080-exec-10] traceId= c.w.a.g.log.RequestLoggingFilter - event=request_started method=GET uri=/actuator/prometheus
2026-06-09 12:23:26 [INFO][module01-actuator] [http-nio-8080-exec-10] traceId= c.w.a.g.log.RequestLoggingFilter - event=request_completed method=GET uri=/actuator/prometheus status=200 durationMs=235
2026-06-09 12:23:30 [INFO][module01-actuator] [http-nio-8080-exec-5] traceId= c.w.a.g.log.RequestLoggingFilter - event=request_started method=GET uri=/actuator/prometheus
2026-06-09 12:23:31 [INFO][module01-actuator] [http-nio-8080-exec-5] traceId= c.w.a.g.log.RequestLoggingFilter - event=request_completed method=GET uri=/actuator/prometheus status=200 durationMs=191
2026-06-09 12:23:35 [INFO][module01-actuator] [http-nio-8080-exec-4] traceId= c.w.a.g.log.RequestLoggingFilter - event=request_started method=GET uri=/actuator/prometheus
2026-06-09 12:23:36 [INFO][module01-actuator] [http-nio-8080-exec-4] traceId= c.w.a.g.log.RequestLoggingFilter - event=request_completed method=GET uri=/actuator/prometheus status=200 durationMs=339
2026-06-09 12:23:40 [INFO][module01-actuator] [http-nio-8080-exec-8] traceId= c.w.a.g.log.RequestLoggingFilter - event=request_started method=GET uri=/actuator/prometheus
2026-06-09 12:23:41 [INFO][module01-actuator] [http-nio-8080-exec-8] traceId= c.w.a.g.log.RequestLoggingFilter - event=request_completed method=GET uri=/actuator/prometheus status=200 durationMs=412
2026-06-09 12:23:45 [INFO][module01-actuator] [http-nio-8080-exec-9] traceId= c.w.a.g.log.RequestLoggingFilter - event=request_started method=GET uri=/actuator/prometheus
2026-06-09 12:23:46 [INFO][module01-actuator] [http-nio-8080-exec-9] traceId= c.w.a.g.log.RequestLoggingFilter - event=request_completed method=GET uri=/actuator/prometheus status=200 durationMs=390
2026-06-09 12:23:50 [INFO][module01-actuator] [http-nio-8080-exec-2] traceId= c.w.a.g.log.RequestLoggingFilter - event=request_started method=GET uri=/actuator/prometheus
2026-06-09 12:23:51 [INFO][module01-actuator] [http-nio-8080-exec-2] traceId= c.w.a.g.log.RequestLoggingFilter - event=request_completed method=GET uri=/actuator/prometheus status=200 durationMs=360
2026-06-09 12:23:55 [INFO][module01-actuator] [http-nio-8080-exec-7] traceId= c.w.a.g.log.RequestLoggingFilter - event=request_started method=GET uri=/actuator/prometheus
2026-06-09 12:23:56 [INFO][module01-actuator] [http-nio-8080-exec-7] traceId= c.w.a.g.log.RequestLoggingFilter - event=request_completed method=GET uri=/actuator/prometheus status=200 durationMs=396
2026-06-09 12:24:00 [INFO][module01-actuator] [http-nio-8080-exec-6] traceId= c.w.a.g.log.RequestLoggingFilter - event=request_started method=GET uri=/actuator/prometheus
2026-06-09 12:24:01 [INFO][module01-actuator] [http-nio-8080-exec-6] traceId= c.w.a.g.log.RequestLoggingFilter - event=request_completed method=GET uri=/actuator/prometheus status=200 durationMs=410
2026-06-09 12:24:05 [INFO][module01-actuator] [http-nio-8080-exec-11] traceId= c.w.a.g.log.RequestLoggingFilter - event=request_started method=GET uri=/actuator/prometheus
2026-06-09 12:24:06 [INFO][module01-actuator] [http-nio-8080-exec-11] traceId= c.w.a.g.log.RequestLoggingFilter - event=request_completed method=GET uri=/actuator/prometheus status=200 durationMs=419
2026-06-09 12:24:10 [INFO][module01-actuator] [http-nio-8080-exec-3] traceId= c.w.a.g.log.RequestLoggingFilter - event=request_started method=GET uri=/actuator/prometheus
2026-06-09 12:24:11 [INFO][module01-actuator] [http-nio-8080-exec-3] traceId= c.w.a.g.log.RequestLoggingFilter - event=request_completed method=GET uri=/actuator/prometheus status=200 durationMs=410
2026-06-09 12:24:15 [INFO][module01-actuator] [http-nio-8080-exec-10] traceId= c.w.a.g.log.RequestLoggingFilter - event=request_started method=GET uri=/actuator/prometheus
2026-06-09 12:24:16 [INFO][module01-actuator] [http-nio-8080-exec-10] traceId= c.w.a.g.log.RequestLoggingFilter - event=request_completed method=GET uri=/actuator/prometheus status=200 durationMs=453
2026-06-09 12:24:20 [INFO][module01-actuator] [http-nio-8080-exec-5] traceId= c.w.a.g.log.RequestLoggingFilter - event=request_started method=GET uri=/actuator/prometheus
2026-06-09 12:24:21 [INFO][module01-actuator] [http-nio-8080-exec-5] traceId= c.w.a.g.log.RequestLoggingFilter - event=request_completed method=GET uri=/actuator/prometheus status=200 durationMs=417
2026-06-09 12:24:25 [INFO][module01-actuator] [http-nio-8080-exec-4] traceId= c.w.a.g.log.RequestLoggingFilter - event=request_started method=GET uri=/actuator/prometheus
2026-06-09 12:24:26 [INFO][module01-actuator] [http-nio-8080-exec-4] traceId= c.w.a.g.log.RequestLoggingFilter - event=request_completed method=GET uri=/actuator/prometheus status=200 durationMs=431
2026-06-09 12:24:30 [INFO][module01-actuator] [http-nio-8080-exec-8] traceId= c.w.a.g.log.RequestLoggingFilter - event=request_started method=GET uri=/actuator/prometheus
2026-06-09 12:24:31 [INFO][module01-actuator] [http-nio-8080-exec-8] traceId= c.w.a.g.log.RequestLoggingFilter - event=request_completed method=GET uri=/actuator/prometheus status=200 durationMs=414
2026-06-09 12:24:35 [INFO][module01-actuator] [http-nio-8080-exec-9] traceId= c.w.a.g.log.RequestLoggingFilter - event=request_started method=GET uri=/actuator/prometheus
2026-06-09 12:24:36 [INFO][module01-actuator] [http-nio-8080-exec-9] traceId= c.w.a.g.log.RequestLoggingFilter - event=request_completed method=GET uri=/actuator/prometheus status=200 durationMs=451
2026-06-09 12:24:40 [INFO][module01-actuator] [http-nio-8080-exec-2] traceId= c.w.a.g.log.RequestLoggingFilter - event=request_started method=GET uri=/actuator/prometheus
2026-06-09 12:24:41 [INFO][module01-actuator] [http-nio-8080-exec-2] traceId= c.w.a.g.log.RequestLoggingFilter - event=request_completed method=GET uri=/actuator/prometheus status=200 durationMs=378
2026-06-09 12:24:45 [INFO][module01-actuator] [http-nio-8080-exec-7] traceId= c.w.a.g.log.RequestLoggingFilter - event=request_started method=GET uri=/actuator/prometheus
2026-06-09 12:24:46 [INFO][module01-actuator] [http-nio-8080-exec-7] traceId= c.w.a.g.log.RequestLoggingFilter - event=request_completed method=GET uri=/actuator/prometheus status=200 durationMs=419
2026-06-09 12:24:50 [INFO][module01-actuator] [http-nio-8080-exec-6] traceId= c.w.a.g.log.RequestLoggingFilter - event=request_started method=GET uri=/actuator/prometheus
2026-06-09 12:24:51 [INFO][module01-actuator] [http-nio-8080-exec-6] traceId= c.w.a.g.log.RequestLoggingFilter - event=request_completed method=GET uri=/actuator/prometheus status=200 durationMs=395
2026-06-09 12:24:55 [INFO][module01-actuator] [http-nio-8080-exec-11] traceId= c.w.a.g.log.RequestLoggingFilter - event=request_started method=GET uri=/actuator/prometheus
2026-06-09 12:24:56 [INFO][module01-actuator] [http-nio-8080-exec-11] traceId= c.w.a.g.log.RequestLoggingFilter - event=request_completed method=GET uri=/actuator/prometheus status=200 durationMs=409
2026-06-09 12:25:00 [INFO][module01-actuator] [http-nio-8080-exec-3] traceId= c.w.a.g.log.RequestLoggingFilter - event=request_started method=GET uri=/actuator/prometheus
2026-06-09 12:25:01 [INFO][module01-actuator] [http-nio-8080-exec-3] traceId= c.w.a.g.log.RequestLoggingFilter - event=request_completed method=GET uri=/actuator/prometheus status=200 durationMs=400
2026-06-09 12:25:05 [INFO][module01-actuator] [http-nio-8080-exec-10] traceId= c.w.a.g.log.RequestLoggingFilter - event=request_started method=GET uri=/actuator/prometheus
2026-06-09 12:25:06 [INFO][module01-actuator] [http-nio-8080-exec-10] traceId= c.w.a.g.log.RequestLoggingFilter - event=request_completed method=GET uri=/actuator/prometheus status=200 durationMs=377
2026-06-09 12:25:10 [INFO][module01-actuator] [http-nio-8080-exec-5] traceId= c.w.a.g.log.RequestLoggingFilter - event=request_started method=GET uri=/actuator/prometheus
2026-06-09 12:25:11 [INFO][module01-actuator] [http-nio-8080-exec-5] traceId= c.w.a.g.log.RequestLoggingFilter - event=request_completed method=GET uri=/actuator/prometheus status=200 durationMs=485
2026-06-09 12:25:15 [INFO][module01-actuator] [http-nio-8080-exec-4] traceId= c.w.a.g.log.RequestLoggingFilter - event=request_started method=GET uri=/actuator/prometheus
2026-06-09 12:25:16 [INFO][module01-actuator] [http-nio-8080-exec-4] traceId= c.w.a.g.log.RequestLoggingFilter - event=request_completed method=GET uri=/actuator/prometheus status=200 durationMs=333
2026-06-09 12:25:20 [INFO][module01-actuator] [http-nio-8080-exec-8] traceId= c.w.a.g.log.RequestLoggingFilter - event=request_started method=GET uri=/actuator/prometheus
2026-06-09 12:25:21 [INFO][module01-actuator] [http-nio-8080-exec-8] traceId= c.w.a.g.log.RequestLoggingFilter - event=request_completed method=GET uri=/actuator/prometheus status=200 durationMs=432
2026-06-09 12:25:25 [INFO][module01-actuator] [http-nio-8080-exec-9] traceId= c.w.a.g.log.RequestLoggingFilter - event=request_started method=GET uri=/actuator/prometheus
2026-06-09 12:25:26 [INFO][module01-actuator] [http-nio-8080-exec-9] traceId= c.w.a.g.log.RequestLoggingFilter - event=request_completed method=GET uri=/actuator/prometheus status=200 durationMs=405
2026-06-09 12:25:30 [INFO][module01-actuator] [http-nio-8080-exec-2] traceId= c.w.a.g.log.RequestLoggingFilter - event=request_started method=GET uri=/actuator/prometheus
2026-06-09 12:25:31 [INFO][module01-actuator] [http-nio-8080-exec-2] traceId= c.w.a.g.log.RequestLoggingFilter - event=request_completed method=GET uri=/actuator/prometheus status=200 durationMs=393
2026-06-09 12:25:35 [INFO][module01-actuator] [http-nio-8080-exec-7] traceId= c.w.a.g.log.RequestLoggingFilter - event=request_started method=GET uri=/actuator/prometheus
2026-06-09 12:25:36 [INFO][module01-actuator] [http-nio-8080-exec-7] traceId= c.w.a.g.log.RequestLoggingFilter - event=request_completed method=GET uri=/actuator/prometheus status=200 durationMs=420
2026-06-09 12:25:40 [INFO][module01-actuator] [http-nio-8080-exec-6] traceId= c.w.a.g.log.RequestLoggingFilter - event=request_started method=GET uri=/actuator/prometheus
2026-06-09 12:25:41 [INFO][module01-actuator] [http-nio-8080-exec-6] traceId= c.w.a.g.log.RequestLoggingFilter - event=request_completed method=GET uri=/actuator/prometheus status=200 durationMs=387
2026-06-09 12:25:45 [INFO][module01-actuator] [http-nio-8080-exec-11] traceId= c.w.a.g.log.RequestLoggingFilter - event=request_started method=GET uri=/actuator/prometheus
2026-06-09 12:25:46 [INFO][module01-actuator] [http-nio-8080-exec-11] traceId= c.w.a.g.log.RequestLoggingFilter - event=request_completed method=GET uri=/actuator/prometheus status=200 durationMs=431
2026-06-09 12:25:50 [INFO][module01-actuator] [http-nio-8080-exec-3] traceId= c.w.a.g.log.RequestLoggingFilter - event=request_started method=GET uri=/actuator/prometheus
2026-06-09 12:25:51 [INFO][module01-actuator] [http-nio-8080-exec-3] traceId= c.w.a.g.log.RequestLoggingFilter - event=request_completed method=GET uri=/actuator/prometheus status=200 durationMs=395
2026-06-09 12:25:55 [INFO][module01-actuator] [http-nio-8080-exec-10] traceId= c.w.a.g.log.RequestLoggingFilter - event=request_started method=GET uri=/actuator/prometheus
2026-06-09 12:25:56 [INFO][module01-actuator] [http-nio-8080-exec-10] traceId= c.w.a.g.log.RequestLoggingFilter - event=request_completed method=GET uri=/actuator/prometheus status=200 durationMs=451
2026-06-09 12:26:00 [INFO][module01-actuator] [http-nio-8080-exec-5] traceId= c.w.a.g.log.RequestLoggingFilter - event=request_started method=GET uri=/actuator/prometheus
2026-06-09 12:26:01 [INFO][module01-actuator] [http-nio-8080-exec-5] traceId= c.w.a.g.log.RequestLoggingFilter - event=request_completed method=GET uri=/actuator/prometheus status=200 durationMs=365
2026-06-09 12:26:05 [INFO][module01-actuator] [http-nio-8080-exec-4] traceId= c.w.a.g.log.RequestLoggingFilter - event=request_started method=GET uri=/actuator/prometheus
2026-06-09 12:26:06 [INFO][module01-actuator] [http-nio-8080-exec-4] traceId= c.w.a.g.log.RequestLoggingFilter - event=request_completed method=GET uri=/actuator/prometheus status=200 durationMs=409
2026-06-09 12:26:10 [INFO][module01-actuator] [http-nio-8080-exec-8] traceId= c.w.a.g.log.RequestLoggingFilter - event=request_started method=GET uri=/actuator/prometheus
2026-06-09 12:26:11 [INFO][module01-actuator] [http-nio-8080-exec-8] traceId= c.w.a.g.log.RequestLoggingFilter - event=request_completed method=GET uri=/actuator/prometheus status=200 durationMs=409
2026-06-09 12:26:15 [INFO][module01-actuator] [http-nio-8080-exec-9] traceId= c.w.a.g.log.RequestLoggingFilter - event=request_started method=GET uri=/actuator/prometheus
2026-06-09 12:26:16 [INFO][module01-actuator] [http-nio-8080-exec-9] traceId= c.w.a.g.log.RequestLoggingFilter - event=request_completed method=GET uri=/actuator/prometheus status=200 durationMs=398
2026-06-09 12:26:20 [INFO][module01-actuator] [http-nio-8080-exec-2] traceId= c.w.a.g.log.RequestLoggingFilter - event=request_started method=GET uri=/actuator/prometheus
2026-06-09 12:26:21 [INFO][module01-actuator] [http-nio-8080-exec-2] traceId= c.w.a.g.log.RequestLoggingFilter - event=request_completed method=GET uri=/actuator/prometheus status=200 durationMs=392
2026-06-09 12:26:25 [INFO][module01-actuator] [http-nio-8080-exec-7] traceId= c.w.a.g.log.RequestLoggingFilter - event=request_started method=GET uri=/actuator/prometheus
2026-06-09 12:26:26 [INFO][module01-actuator] [http-nio-8080-exec-7] traceId= c.w.a.g.log.RequestLoggingFilter - event=request_completed method=GET uri=/actuator/prometheus status=200 durationMs=402
2026-06-09 12:26:30 [INFO][module01-actuator] [http-nio-8080-exec-6] traceId= c.w.a.g.log.RequestLoggingFilter - event=request_started method=GET uri=/actuator/prometheus
2026-06-09 12:26:31 [INFO][module01-actuator] [http-nio-8080-exec-6] traceId= c.w.a.g.log.RequestLoggingFilter - event=request_completed method=GET uri=/actuator/prometheus status=200 durationMs=285
2026-06-09 12:26:35 [INFO][module01-actuator] [http-nio-8080-exec-11] traceId= c.w.a.g.log.RequestLoggingFilter - event=request_started method=GET uri=/actuator/prometheus
2026-06-09 12:26:36 [INFO][module01-actuator] [http-nio-8080-exec-11] traceId= c.w.a.g.log.RequestLoggingFilter - event=request_completed method=GET uri=/actuator/prometheus status=200 durationMs=200
2026-06-09 12:26:40 [INFO][module01-actuator] [http-nio-8080-exec-3] traceId= c.w.a.g.log.RequestLoggingFilter - event=request_started method=GET uri=/actuator/prometheus
2026-06-09 12:26:41 [INFO][module01-actuator] [http-nio-8080-exec-3] traceId= c.w.a.g.log.RequestLoggingFilter - event=request_completed method=GET uri=/actuator/prometheus status=200 durationMs=190
2026-06-09 12:26:45 [INFO][module01-actuator] [http-nio-8080-exec-10] traceId= c.w.a.g.log.RequestLoggingFilter - event=request_started method=GET uri=/actuator/prometheus
2026-06-09 12:26:46 [INFO][module01-actuator] [http-nio-8080-exec-10] traceId= c.w.a.g.log.RequestLoggingFilter - event=request_completed method=GET uri=/actuator/prometheus status=200 durationMs=226
2026-06-09 12:26:50 [INFO][module01-actuator] [http-nio-8080-exec-5] traceId= c.w.a.g.log.RequestLoggingFilter - event=request_started method=GET uri=/actuator/prometheus
2026-06-09 12:26:51 [INFO][module01-actuator] [http-nio-8080-exec-5] traceId= c.w.a.g.log.RequestLoggingFilter - event=request_completed method=GET uri=/actuator/prometheus status=200 durationMs=214
2026-06-09 12:26:55 [INFO][module01-actuator] [http-nio-8080-exec-4] traceId= c.w.a.g.log.RequestLoggingFilter - event=request_started method=GET uri=/actuator/prometheus
2026-06-09 12:26:56 [INFO][module01-actuator] [http-nio-8080-exec-4] traceId= c.w.a.g.log.RequestLoggingFilter - event=request_completed method=GET uri=/actuator/prometheus status=200 durationMs=361
2026-06-09 12:27:00 [INFO][module01-actuator] [http-nio-8080-exec-8] traceId= c.w.a.g.log.RequestLoggingFilter - event=request_started method=GET uri=/actuator/prometheus
2026-06-09 12:27:01 [INFO][module01-actuator] [http-nio-8080-exec-8] traceId= c.w.a.g.log.RequestLoggingFilter - event=request_completed method=GET uri=/actuator/prometheus status=200 durationMs=410
2026-06-09 12:27:05 [INFO][module01-actuator] [http-nio-8080-exec-9] traceId= c.w.a.g.log.RequestLoggingFilter - event=request_started method=GET uri=/actuator/prometheus
2026-06-09 12:27:06 [INFO][module01-actuator] [http-nio-8080-exec-9] traceId= c.w.a.g.log.RequestLoggingFilter - event=request_completed method=GET uri=/actuator/prometheus status=200 durationMs=399
2026-06-09 12:27:10 [INFO][module01-actuator] [http-nio-8080-exec-2] traceId= c.w.a.g.log.RequestLoggingFilter - event=request_started method=GET uri=/actuator/prometheus
2026-06-09 12:27:11 [INFO][module01-actuator] [http-nio-8080-exec-2] traceId= c.w.a.g.log.RequestLoggingFilter - event=request_completed method=GET uri=/actuator/prometheus status=200 durationMs=366
2026-06-09 12:27:15 [INFO][module01-actuator] [http-nio-8080-exec-7] traceId= c.w.a.g.log.RequestLoggingFilter - event=request_started method=GET uri=/actuator/prometheus
2026-06-09 12:27:16 [INFO][module01-actuator] [http-nio-8080-exec-7] traceId= c.w.a.g.log.RequestLoggingFilter - event=request_completed method=GET uri=/actuator/prometheus status=200 durationMs=402
2026-06-09 12:27:20 [INFO][module01-actuator] [http-nio-8080-exec-6] traceId= c.w.a.g.log.RequestLoggingFilter - event=request_started method=GET uri=/actuator/prometheus
2026-06-09 12:27:21 [INFO][module01-actuator] [http-nio-8080-exec-6] traceId= c.w.a.g.log.RequestLoggingFilter - event=request_completed method=GET uri=/actuator/prometheus status=200 durationMs=416
2026-06-09 12:27:25 [INFO][module01-actuator] [http-nio-8080-exec-11] traceId= c.w.a.g.log.RequestLoggingFilter - event=request_started method=GET uri=/actuator/prometheus
2026-06-09 12:27:26 [INFO][module01-actuator] [http-nio-8080-exec-11] traceId= c.w.a.g.log.RequestLoggingFilter - event=request_completed method=GET uri=/actuator/prometheus status=200 durationMs=371
2026-06-09 12:27:30 [INFO][module01-actuator] [http-nio-8080-exec-3] traceId= c.w.a.g.log.RequestLoggingFilter - event=request_started method=GET uri=/actuator/prometheus
2026-06-09 12:27:31 [INFO][module01-actuator] [http-nio-8080-exec-3] traceId= c.w.a.g.log.RequestLoggingFilter - event=request_completed method=GET uri=/actuator/prometheus status=200 durationMs=391
2026-06-09 12:27:35 [INFO][module01-actuator] [http-nio-8080-exec-10] traceId= c.w.a.g.log.RequestLoggingFilter - event=request_started method=GET uri=/actuator/prometheus
2026-06-09 12:27:36 [INFO][module01-actuator] [http-nio-8080-exec-10] traceId= c.w.a.g.log.RequestLoggingFilter - event=request_completed method=GET uri=/actuator/prometheus status=200 durationMs=421
2026-06-09 12:27:40 [INFO][module01-actuator] [http-nio-8080-exec-5] traceId= c.w.a.g.log.RequestLoggingFilter - event=request_started method=GET uri=/actuator/prometheus
2026-06-09 12:27:41 [INFO][module01-actuator] [http-nio-8080-exec-5] traceId= c.w.a.g.log.RequestLoggingFilter - event=request_completed method=GET uri=/actuator/prometheus status=200 durationMs=377
2026-06-09 12:27:45 [INFO][module01-actuator] [http-nio-8080-exec-4] traceId= c.w.a.g.log.RequestLoggingFilter - event=request_started method=GET uri=/actuator/prometheus
2026-06-09 12:27:46 [INFO][module01-actuator] [http-nio-8080-exec-4] traceId= c.w.a.g.log.RequestLoggingFilter - event=request_completed method=GET uri=/actuator/prometheus status=200 durationMs=403
2026-06-09 12:27:50 [INFO][module01-actuator] [http-nio-8080-exec-8] traceId= c.w.a.g.log.RequestLoggingFilter - event=request_started method=GET uri=/actuator/prometheus
2026-06-09 12:27:51 [INFO][module01-actuator] [http-nio-8080-exec-8] traceId= c.w.a.g.log.RequestLoggingFilter - event=request_completed method=GET uri=/actuator/prometheus status=200 durationMs=352
2026-06-09 12:27:55 [INFO][module01-actuator] [http-nio-8080-exec-9] traceId= c.w.a.g.log.RequestLoggingFilter - event=request_started method=GET uri=/actuator/prometheus
2026-06-09 12:27:56 [INFO][module01-actuator] [http-nio-8080-exec-9] traceId= c.w.a.g.log.RequestLoggingFilter - event=request_completed method=GET uri=/actuator/prometheus status=200 durationMs=302
2026-06-09 12:28:00 [INFO][module01-actuator] [http-nio-8080-exec-2] traceId= c.w.a.g.log.RequestLoggingFilter - event=request_started method=GET uri=/actuator/prometheus
2026-06-09 12:28:01 [INFO][module01-actuator] [http-nio-8080-exec-2] traceId= c.w.a.g.log.RequestLoggingFilter - event=request_completed method=GET uri=/actuator/prometheus status=200 durationMs=218
2026-06-09 12:28:05 [INFO][module01-actuator] [http-nio-8080-exec-7] traceId= c.w.a.g.log.RequestLoggingFilter - event=request_started method=GET uri=/actuator/prometheus
2026-06-09 12:28:06 [INFO][module01-actuator] [http-nio-8080-exec-7] traceId= c.w.a.g.log.RequestLoggingFilter - event=request_completed method=GET uri=/actuator/prometheus status=200 durationMs=199
2026-06-09 12:28:10 [INFO][module01-actuator] [http-nio-8080-exec-6] traceId= c.w.a.g.log.RequestLoggingFilter - event=request_started method=GET uri=/actuator/prometheus
2026-06-09 12:28:11 [INFO][module01-actuator] [http-nio-8080-exec-6] traceId= c.w.a.g.log.RequestLoggingFilter - event=request_completed method=GET uri=/actuator/prometheus status=200 durationMs=196
2026-06-09 12:28:15 [INFO][module01-actuator] [http-nio-8080-exec-11] traceId= c.w.a.g.log.RequestLoggingFilter - event=request_started method=GET uri=/actuator/prometheus
2026-06-09 12:28:16 [INFO][module01-actuator] [http-nio-8080-exec-11] traceId= c.w.a.g.log.RequestLoggingFilter - event=request_completed method=GET uri=/actuator/prometheus status=200 durationMs=231
2026-06-09 12:28:20 [INFO][module01-actuator] [http-nio-8080-exec-3] traceId= c.w.a.g.log.RequestLoggingFilter - event=request_started method=GET uri=/actuator/prometheus
2026-06-09 12:28:21 [INFO][module01-actuator] [http-nio-8080-exec-3] traceId= c.w.a.g.log.RequestLoggingFilter - event=request_completed method=GET uri=/actuator/prometheus status=200 durationMs=226
2026-06-09 12:28:25 [INFO][module01-actuator] [http-nio-8080-exec-10] traceId= c.w.a.g.log.RequestLoggingFilter - event=request_started method=GET uri=/actuator/prometheus
2026-06-09 12:28:26 [INFO][module01-actuator] [http-nio-8080-exec-10] traceId= c.w.a.g.log.RequestLoggingFilter - event=request_completed method=GET uri=/actuator/prometheus status=200 durationMs=224
2026-06-09 12:28:30 [INFO][module01-actuator] [http-nio-8080-exec-5] traceId= c.w.a.g.log.RequestLoggingFilter - event=request_started method=GET uri=/actuator/prometheus
2026-06-09 12:28:31 [INFO][module01-actuator] [http-nio-8080-exec-5] traceId= c.w.a.g.log.RequestLoggingFilter - event=request_completed method=GET uri=/actuator/prometheus status=200 durationMs=462
2026-06-09 12:28:35 [INFO][module01-actuator] [http-nio-8080-exec-4] traceId= c.w.a.g.log.RequestLoggingFilter - event=request_started method=GET uri=/actuator/prometheus
2026-06-09 12:28:36 [INFO][module01-actuator] [http-nio-8080-exec-4] traceId= c.w.a.g.log.RequestLoggingFilter - event=request_completed method=GET uri=/actuator/prometheus status=200 durationMs=361
2026-06-09 12:28:40 [INFO][module01-actuator] [http-nio-8080-exec-8] traceId= c.w.a.g.log.RequestLoggingFilter - event=request_started method=GET uri=/actuator/prometheus
2026-06-09 12:28:41 [INFO][module01-actuator] [http-nio-8080-exec-8] traceId= c.w.a.g.log.RequestLoggingFilter - event=request_completed method=GET uri=/actuator/prometheus status=200 durationMs=391
2026-06-09 12:28:45 [INFO][module01-actuator] [http-nio-8080-exec-9] traceId= c.w.a.g.log.RequestLoggingFilter - event=request_started method=GET uri=/actuator/prometheus
2026-06-09 12:28:46 [INFO][module01-actuator] [http-nio-8080-exec-9] traceId= c.w.a.g.log.RequestLoggingFilter - event=request_completed method=GET uri=/actuator/prometheus status=200 durationMs=399
2026-06-09 12:28:50 [INFO][module01-actuator] [http-nio-8080-exec-2] traceId= c.w.a.g.log.RequestLoggingFilter - event=request_started method=GET uri=/actuator/prometheus
2026-06-09 12:28:51 [INFO][module01-actuator] [http-nio-8080-exec-2] traceId= c.w.a.g.log.RequestLoggingFilter - event=request_completed method=GET uri=/actuator/prometheus status=200 durationMs=429
2026-06-09 12:28:55 [INFO][module01-actuator] [http-nio-8080-exec-7] traceId= c.w.a.g.log.RequestLoggingFilter - event=request_started method=GET uri=/actuator/prometheus
2026-06-09 12:28:56 [INFO][module01-actuator] [http-nio-8080-exec-7] traceId= c.w.a.g.log.RequestLoggingFilter - event=request_completed method=GET uri=/actuator/prometheus status=200 durationMs=444
2026-06-09 12:29:00 [INFO][module01-actuator] [http-nio-8080-exec-6] traceId= c.w.a.g.log.RequestLoggingFilter - event=request_started method=GET uri=/actuator/prometheus
2026-06-09 12:29:01 [INFO][module01-actuator] [http-nio-8080-exec-6] traceId= c.w.a.g.log.RequestLoggingFilter - event=request_completed method=GET uri=/actuator/prometheus status=200 durationMs=389
2026-06-09 12:29:05 [INFO][module01-actuator] [http-nio-8080-exec-11] traceId= c.w.a.g.log.RequestLoggingFilter - event=request_started method=GET uri=/actuator/prometheus
2026-06-09 12:29:06 [INFO][module01-actuator] [http-nio-8080-exec-11] traceId= c.w.a.g.log.RequestLoggingFilter - event=request_completed method=GET uri=/actuator/prometheus status=200 durationMs=333
2026-06-09 12:29:10 [INFO][module01-actuator] [http-nio-8080-exec-3] traceId= c.w.a.g.log.RequestLoggingFilter - event=request_started method=GET uri=/actuator/prometheus
2026-06-09 12:29:11 [INFO][module01-actuator] [http-nio-8080-exec-3] traceId= c.w.a.g.log.RequestLoggingFilter - event=request_completed method=GET uri=/actuator/prometheus status=200 durationMs=357
2026-06-09 12:29:15 [INFO][module01-actuator] [http-nio-8080-exec-10] traceId= c.w.a.g.log.RequestLoggingFilter - event=request_started method=GET uri=/actuator/prometheus
2026-06-09 12:29:16 [INFO][module01-actuator] [http-nio-8080-exec-10] traceId= c.w.a.g.log.RequestLoggingFilter - event=request_completed method=GET uri=/actuator/prometheus status=200 durationMs=321
2026-06-09 12:29:20 [INFO][module01-actuator] [http-nio-8080-exec-5] traceId= c.w.a.g.log.RequestLoggingFilter - event=request_started method=GET uri=/actuator/prometheus
2026-06-09 12:29:21 [INFO][module01-actuator] [http-nio-8080-exec-5] traceId= c.w.a.g.log.RequestLoggingFilter - event=request_completed method=GET uri=/actuator/prometheus status=200 durationMs=241
2026-06-09 12:29:25 [INFO][module01-actuator] [http-nio-8080-exec-4] traceId= c.w.a.g.log.RequestLoggingFilter - event=request_started method=GET uri=/actuator/prometheus
2026-06-09 12:29:26 [INFO][module01-actuator] [http-nio-8080-exec-4] traceId= c.w.a.g.log.RequestLoggingFilter - event=request_completed method=GET uri=/actuator/prometheus status=200 durationMs=210
2026-06-09 12:29:30 [INFO][module01-actuator] [http-nio-8080-exec-8] traceId= c.w.a.g.log.RequestLoggingFilter - event=request_started method=GET uri=/actuator/prometheus
2026-06-09 12:29:31 [INFO][module01-actuator] [http-nio-8080-exec-8] traceId= c.w.a.g.log.RequestLoggingFilter - event=request_completed method=GET uri=/actuator/prometheus status=200 durationMs=199
2026-06-09 12:29:35 [INFO][module01-actuator] [http-nio-8080-exec-9] traceId= c.w.a.g.log.RequestLoggingFilter - event=request_started method=GET uri=/actuator/prometheus
2026-06-09 12:29:36 [INFO][module01-actuator] [http-nio-8080-exec-9] traceId= c.w.a.g.log.RequestLoggingFilter - event=request_completed method=GET uri=/actuator/prometheus status=200 durationMs=235
2026-06-09 12:29:40 [INFO][module01-actuator] [http-nio-8080-exec-2] traceId= c.w.a.g.log.RequestLoggingFilter - event=request_started method=GET uri=/actuator/prometheus
2026-06-09 12:29:41 [INFO][module01-actuator] [http-nio-8080-exec-2] traceId= c.w.a.g.log.RequestLoggingFilter - event=request_completed method=GET uri=/actuator/prometheus status=200 durationMs=220
2026-06-09 12:29:45 [INFO][module01-actuator] [http-nio-8080-exec-7] traceId= c.w.a.g.log.RequestLoggingFilter - event=request_started method=GET uri=/actuator/prometheus
2026-06-09 12:29:46 [INFO][module01-actuator] [http-nio-8080-exec-7] traceId= c.w.a.g.log.RequestLoggingFilter - event=request_completed method=GET uri=/actuator/prometheus status=200 durationMs=245
2026-06-09 12:29:50 [INFO][module01-actuator] [http-nio-8080-exec-6] traceId= c.w.a.g.log.RequestLoggingFilter - event=request_started method=GET uri=/actuator/prometheus
2026-06-09 12:29:51 [INFO][module01-actuator] [http-nio-8080-exec-6] traceId= c.w.a.g.log.RequestLoggingFilter - event=request_completed method=GET uri=/actuator/prometheus status=200 durationMs=411
2026-06-09 12:29:55 [INFO][module01-actuator] [http-nio-8080-exec-11] traceId= c.w.a.g.log.RequestLoggingFilter - event=request_started method=GET uri=/actuator/prometheus
2026-06-09 12:29:56 [INFO][module01-actuator] [http-nio-8080-exec-11] traceId= c.w.a.g.log.RequestLoggingFilter - event=request_completed method=GET uri=/actuator/prometheus status=200 durationMs=423
2026-06-09 12:30:00 [INFO][module01-actuator] [http-nio-8080-exec-3] traceId= c.w.a.g.log.RequestLoggingFilter - event=request_started method=GET uri=/actuator/prometheus
2026-06-09 12:30:01 [INFO][module01-actuator] [http-nio-8080-exec-3] traceId= c.w.a.g.log.RequestLoggingFilter - event=request_completed method=GET uri=/actuator/prometheus status=200 durationMs=369
2026-06-09 12:30:05 [INFO][module01-actuator] [http-nio-8080-exec-10] traceId= c.w.a.g.log.RequestLoggingFilter - event=request_started method=GET uri=/actuator/prometheus
2026-06-09 12:30:06 [INFO][module01-actuator] [http-nio-8080-exec-10] traceId= c.w.a.g.log.RequestLoggingFilter - event=request_completed method=GET uri=/actuator/prometheus status=200 durationMs=319
2026-06-09 12:30:10 [INFO][module01-actuator] [http-nio-8080-exec-5] traceId= c.w.a.g.log.RequestLoggingFilter - event=request_started method=GET uri=/actuator/prometheus
2026-06-09 12:30:11 [INFO][module01-actuator] [http-nio-8080-exec-5] traceId= c.w.a.g.log.RequestLoggingFilter - event=request_completed method=GET uri=/actuator/prometheus status=200 durationMs=404
2026-06-09 12:30:15 [INFO][module01-actuator] [http-nio-8080-exec-4] traceId= c.w.a.g.log.RequestLoggingFilter - event=request_started method=GET uri=/actuator/prometheus
2026-06-09 12:30:16 [INFO][module01-actuator] [http-nio-8080-exec-4] traceId= c.w.a.g.log.RequestLoggingFilter - event=request_completed method=GET uri=/actuator/prometheus status=200 durationMs=376
2026-06-09 12:30:20 [INFO][module01-actuator] [http-nio-8080-exec-8] traceId= c.w.a.g.log.RequestLoggingFilter - event=request_started method=GET uri=/actuator/prometheus
2026-06-09 12:30:21 [INFO][module01-actuator] [http-nio-8080-exec-8] traceId= c.w.a.g.log.RequestLoggingFilter - event=request_completed method=GET uri=/actuator/prometheus status=200 durationMs=390
2026-06-09 12:30:25 [INFO][module01-actuator] [http-nio-8080-exec-9] traceId= c.w.a.g.log.RequestLoggingFilter - event=request_started method=GET uri=/actuator/prometheus
2026-06-09 12:30:26 [INFO][module01-actuator] [http-nio-8080-exec-9] traceId= c.w.a.g.log.RequestLoggingFilter - event=request_completed method=GET uri=/actuator/prometheus status=200 durationMs=366
2026-06-09 12:30:30 [INFO][module01-actuator] [http-nio-8080-exec-2] traceId= c.w.a.g.log.RequestLoggingFilter - event=request_started method=GET uri=/actuator/prometheus
2026-06-09 12:30:31 [INFO][module01-actuator] [http-nio-8080-exec-2] traceId= c.w.a.g.log.RequestLoggingFilter - event=request_completed method=GET uri=/actuator/prometheus status=200 durationMs=390
2026-06-09 12:30:35 [INFO][module01-actuator] [http-nio-8080-exec-7] traceId= c.w.a.g.log.RequestLoggingFilter - event=request_started method=GET uri=/actuator/prometheus
2026-06-09 12:30:36 [INFO][module01-actuator] [http-nio-8080-exec-7] traceId= c.w.a.g.log.RequestLoggingFilter - event=request_completed method=GET uri=/actuator/prometheus status=200 durationMs=383
2026-06-09 12:30:40 [INFO][module01-actuator] [http-nio-8080-exec-6] traceId= c.w.a.g.log.RequestLoggingFilter - event=request_started method=GET uri=/actuator/prometheus
2026-06-09 12:30:41 [INFO][module01-actuator] [http-nio-8080-exec-6] traceId= c.w.a.g.log.RequestLoggingFilter - event=request_completed method=GET uri=/actuator/prometheus status=200 durationMs=412
2026-06-09 12:30:45 [INFO][module01-actuator] [http-nio-8080-exec-11] traceId= c.w.a.g.log.RequestLoggingFilter - event=request_started method=GET uri=/actuator/prometheus
2026-06-09 12:30:46 [INFO][module01-actuator] [http-nio-8080-exec-11] traceId= c.w.a.g.log.RequestLoggingFilter - event=request_completed method=GET uri=/actuator/prometheus status=200 durationMs=355
2026-06-09 12:30:50 [INFO][module01-actuator] [http-nio-8080-exec-3] traceId= c.w.a.g.log.RequestLoggingFilter - event=request_started method=GET uri=/actuator/prometheus
2026-06-09 12:30:51 [INFO][module01-actuator] [http-nio-8080-exec-3] traceId= c.w.a.g.log.RequestLoggingFilter - event=request_completed method=GET uri=/actuator/prometheus status=200 durationMs=393
2026-06-09 12:30:55 [INFO][module01-actuator] [http-nio-8080-exec-10] traceId= c.w.a.g.log.RequestLoggingFilter - event=request_started method=GET uri=/actuator/prometheus
2026-06-09 12:30:56 [INFO][module01-actuator] [http-nio-8080-exec-10] traceId= c.w.a.g.log.RequestLoggingFilter - event=request_completed method=GET uri=/actuator/prometheus status=200 durationMs=463
2026-06-09 12:31:00 [INFO][module01-actuator] [http-nio-8080-exec-5] traceId= c.w.a.g.log.RequestLoggingFilter - event=request_started method=GET uri=/actuator/prometheus
2026-06-09 12:31:01 [INFO][module01-actuator] [http-nio-8080-exec-5] traceId= c.w.a.g.log.RequestLoggingFilter - event=request_completed method=GET uri=/actuator/prometheus status=200 durationMs=367
2026-06-09 12:31:05 [INFO][module01-actuator] [http-nio-8080-exec-4] traceId= c.w.a.g.log.RequestLoggingFilter - event=request_started method=GET uri=/actuator/prometheus
2026-06-09 12:31:06 [INFO][module01-actuator] [http-nio-8080-exec-4] traceId= c.w.a.g.log.RequestLoggingFilter - event=request_completed method=GET uri=/actuator/prometheus status=200 durationMs=382
2026-06-09 12:31:09 [INFO][module01-actuator] [SpringApplicationShutdownHook] traceId= o.s.b.w.e.tomcat.GracefulShutdown - Commencing graceful shutdown. Waiting for active requests to complete
2026-06-09 12:31:09 [INFO][module01-actuator] [tomcat-shutdown] traceId= o.s.b.w.e.tomcat.GracefulShutdown - Graceful shutdown complete
2026-06-09 12:31:09 [INFO][module01-actuator] [SpringApplicationShutdownHook] traceId= o.s.o.j.LocalContainerEntityManagerFactoryBean - Closing JPA EntityManagerFactory for persistence unit 'default'
2026-06-09 12:31:09 [INFO][module01-actuator] [SpringApplicationShutdownHook] traceId= com.zaxxer.hikari.HikariDataSource - HikariPool-1 - Shutdown initiated...
2026-06-09 12:31:09 [INFO][module01-actuator] [SpringApplicationShutdownHook] traceId= com.zaxxer.hikari.HikariDataSource - HikariPool-1 - Shutdown completed.
