2026-04-29 11:26:36.079 [background-preinit] INFO  [] [] [] [] o.h.validator.internal.util.Version - HV000001: Hibernate Validator 8.0.3.Final
2026-04-29 11:26:36.119 [restartedMain] INFO  [] [] [] [] c.o.s.Chap01SpringStabilityApplication - Starting Chap01SpringStabilityApplication using Java 17.0.18 with PID 25936 (C:\Lecture\10_Logging-Monitoring\module01-spring-stability\module01-spring-stability\build\classes\java\main started by user in C:\Lecture\10_Logging-Monitoring\module01-spring-stability\module01-spring-stability)
2026-04-29 11:26:36.121 [restartedMain] DEBUG [] [] [] [] c.o.s.Chap01SpringStabilityApplication - Running with Spring Boot v3.4.13, Spring v6.2.15
2026-04-29 11:26:36.122 [restartedMain] INFO  [] [] [] [] c.o.s.Chap01SpringStabilityApplication - The following 1 profile is active: "dev"
2026-04-29 11:26:36.157 [restartedMain] INFO  [] [] [] [] o.s.b.d.e.DevToolsPropertyDefaultsPostProcessor - Devtools property defaults active! Set 'spring.devtools.add-properties' to 'false' to disable
2026-04-29 11:26:36.158 [restartedMain] INFO  [] [] [] [] o.s.b.d.e.DevToolsPropertyDefaultsPostProcessor - For additional web related logging consider setting the 'logging.level.web' property to 'DEBUG'
2026-04-29 11:26:36.664 [restartedMain] INFO  [] [] [] [] o.s.d.r.c.RepositoryConfigurationDelegate - Bootstrapping Spring Data JPA repositories in DEFAULT mode.
2026-04-29 11:26:36.723 [restartedMain] INFO  [] [] [] [] o.s.d.r.c.RepositoryConfigurationDelegate - Finished Spring Data repository scanning in 53 ms. Found 4 JPA repository interfaces.
2026-04-29 11:26:37.251 [restartedMain] INFO  [] [] [] [] o.s.b.w.e.tomcat.TomcatWebServer - Tomcat initialized with port 8080 (http)
2026-04-29 11:26:37.260 [restartedMain] INFO  [] [] [] [] o.a.coyote.http11.Http11NioProtocol - Initializing ProtocolHandler ["http-nio-8080"]
2026-04-29 11:26:37.261 [restartedMain] INFO  [] [] [] [] o.a.catalina.core.StandardService - Starting service [Tomcat]
2026-04-29 11:26:37.261 [restartedMain] INFO  [] [] [] [] o.a.catalina.core.StandardEngine - Starting Servlet engine: [Apache Tomcat/10.1.50]
2026-04-29 11:26:37.298 [restartedMain] INFO  [] [] [] [] o.a.c.c.C.[Tomcat].[localhost].[/] - Initializing Spring embedded WebApplicationContext
2026-04-29 11:26:37.298 [restartedMain] INFO  [] [] [] [] o.s.b.w.s.c.ServletWebServerApplicationContext - Root WebApplicationContext: initialization completed in 1140 ms
2026-04-29 11:26:37.345 [restartedMain] DEBUG [] [] [] [] c.o.s.s.l.config.LoggingConfig$1 - Filter 'mdcLoggingFilter' configured for use
2026-04-29 11:26:37.436 [restartedMain] INFO  [] [] [] [] o.h.jpa.internal.util.LogHelper - HHH000204: Processing PersistenceUnitInfo [name: default]
2026-04-29 11:26:37.475 [restartedMain] INFO  [] [] [] [] org.hibernate.Version - HHH000412: Hibernate ORM core version 6.6.39.Final
2026-04-29 11:26:37.497 [restartedMain] INFO  [] [] [] [] o.h.c.i.RegionFactoryInitiator - HHH000026: Second-level cache disabled
2026-04-29 11:26:37.765 [restartedMain] INFO  [] [] [] [] o.s.o.j.p.SpringPersistenceUnitInfo - No LoadTimeWeaver setup: ignoring JPA class transformer
2026-04-29 11:26:37.789 [restartedMain] INFO  [] [] [] [] com.zaxxer.hikari.HikariDataSource - HikariPool-1 - Starting...
2026-04-29 11:26:37.932 [restartedMain] INFO  [] [] [] [] com.zaxxer.hikari.pool.HikariPool - HikariPool-1 - Added connection conn0: url=jdbc:h2:mem:library user=OHGIRAFFERS
2026-04-29 11:26:37.935 [restartedMain] INFO  [] [] [] [] com.zaxxer.hikari.HikariDataSource - HikariPool-1 - Start completed.
2026-04-29 11:26:37.980 [restartedMain] INFO  [] [] [] [] o.hibernate.orm.connections.pooling - HHH10001005: Database info:
	Database JDBC URL [Connecting through datasource 'HikariDataSource (HikariPool-1)']
	Database driver: undefined/unknown
	Database version: 2.3.232
	Autocommit mode: undefined/unknown
	Isolation level: undefined/unknown
	Minimum pool size: undefined/unknown
	Maximum pool size: undefined/unknown
2026-04-29 11:26:38.749 [restartedMain] INFO  [] [] [] [] o.h.e.t.j.p.i.JtaPlatformInitiator - HHH000489: No JTA platform available (set 'hibernate.transaction.jta.platform' to enable JTA platform integration)
2026-04-29 11:26:38.761 [restartedMain] DEBUG [] [] [] [] org.hibernate.SQL - 
    drop table if exists tbl_book cascade 
2026-04-29 11:26:38.763 [restartedMain] DEBUG [] [] [] [] org.hibernate.SQL - 
    drop table if exists tbl_loan cascade 
2026-04-29 11:26:38.764 [restartedMain] DEBUG [] [] [] [] org.hibernate.SQL - 
    drop table if exists tbl_member cascade 
2026-04-29 11:26:38.764 [restartedMain] DEBUG [] [] [] [] org.hibernate.SQL - 
    drop table if exists tbl_review cascade 
2026-04-29 11:26:38.768 [restartedMain] DEBUG [] [] [] [] org.hibernate.SQL - 
    create table tbl_book (
        available boolean not null,
        publish_date date not null,
        stock_quantity integer not null,
        book_id bigint generated by default as identity,
        isbn varchar(13) not null unique,
        author varchar(100) not null,
        publisher varchar(100) not null,
        title varchar(200) not null,
        primary key (book_id)
    )
2026-04-29 11:26:38.778 [restartedMain] DEBUG [] [] [] [] org.hibernate.SQL - 
    create table tbl_loan (
        fine_amount integer,
        overdue_days integer,
        book_id bigint not null,
        due_date timestamp(6) not null,
        loan_date timestamp(6) not null,
        loan_id bigint generated by default as identity,
        member_id bigint not null,
        return_date timestamp(6),
        status enum ('ACTIVE','OVERDUE','RETURNED') not null,
        primary key (loan_id)
    )
2026-04-29 11:26:38.780 [restartedMain] DEBUG [] [] [] [] org.hibernate.SQL - 
    create table tbl_member (
        active boolean not null,
        join_date timestamp(6) not null,
        member_id bigint generated by default as identity,
        phone varchar(20),
        member_name varchar(50) not null,
        email varchar(100) not null unique,
        primary key (member_id)
    )
2026-04-29 11:26:38.782 [restartedMain] DEBUG [] [] [] [] org.hibernate.SQL - 
    create table tbl_review (
        helpful_count integer not null check (helpful_count>=0),
        rating float(53) not null,
        verified_purchase boolean not null,
        book_id bigint not null,
        created_at timestamp(6) not null,
        member_id bigint not null,
        review_id bigint generated by default as identity,
        updated_at timestamp(6),
        title varchar(100) not null,
        content varchar(2000) not null,
        status enum ('ACTIVE','DELETED','HIDDEN') not null,
        primary key (review_id),
        unique (member_id, book_id)
    )
2026-04-29 11:26:38.786 [restartedMain] DEBUG [] [] [] [] org.hibernate.SQL - 
    alter table if exists tbl_loan 
       add constraint FK963g40utp85k5mww691e4ma6g 
       foreign key (book_id) 
       references tbl_book
2026-04-29 11:26:38.794 [restartedMain] DEBUG [] [] [] [] org.hibernate.SQL - 
    alter table if exists tbl_loan 
       add constraint FKqtnm703pqo6mnin10corsjsc 
       foreign key (member_id) 
       references tbl_member
2026-04-29 11:26:38.796 [restartedMain] DEBUG [] [] [] [] org.hibernate.SQL - 
    alter table if exists tbl_review 
       add constraint FK6ykodvsh8wis5tfouaxwi9qbc 
       foreign key (book_id) 
       references tbl_book
2026-04-29 11:26:38.798 [restartedMain] DEBUG [] [] [] [] org.hibernate.SQL - 
    alter table if exists tbl_review 
       add constraint FKcgs2lvcrlf9x3jtif9sskpx0 
       foreign key (member_id) 
       references tbl_member
2026-04-29 11:26:38.802 [restartedMain] INFO  [] [] [] [] o.s.o.j.LocalContainerEntityManagerFactoryBean - Initialized JPA EntityManagerFactory for persistence unit 'default'
2026-04-29 11:26:39.079 [restartedMain] INFO  [] [] [] [] o.s.d.j.r.query.QueryEnhancerFactory - Hibernate is in classpath; If applicable, HQL parser will be used.
2026-04-29 11:26:39.629 [restartedMain] WARN  [] [] [] [] o.s.b.a.o.j.JpaBaseConfiguration$JpaWebConfiguration - spring.jpa.open-in-view is enabled by default. Therefore, database queries may be performed during view rendering. Explicitly configure spring.jpa.open-in-view to disable this warning
2026-04-29 11:26:39.730 [restartedMain] DEBUG [] [] [] [] o.s.w.s.m.m.a.RequestMappingHandlerMapping - 29 mappings in 'requestMappingHandlerMapping'
2026-04-29 11:26:39.838 [restartedMain] DEBUG [] [] [] [] o.s.w.s.h.SimpleUrlHandlerMapping - Patterns [/webjars/**, /**] in 'resourceHandlerMapping'
2026-04-29 11:26:39.868 [restartedMain] DEBUG [] [] [] [] o.s.w.s.m.m.a.RequestMappingHandlerAdapter - ControllerAdvice beans: 0 @ModelAttribute, 0 @InitBinder, 1 RequestBodyAdvice, 1 ResponseBodyAdvice
2026-04-29 11:26:39.911 [restartedMain] DEBUG [] [] [] [] o.s.w.s.m.m.a.ExceptionHandlerExceptionResolver - ControllerAdvice beans: 2 @ExceptionHandler, 1 ResponseBodyAdvice
2026-04-29 11:26:39.967 [restartedMain] INFO  [] [] [] [] o.s.b.a.h.H2ConsoleAutoConfiguration - H2 console available at '/h2-console'. Database available at 'jdbc:h2:mem:library'
2026-04-29 11:26:40.069 [restartedMain] INFO  [] [] [] [] o.s.b.d.a.OptionalLiveReloadServer - LiveReload server is running on port 35729
2026-04-29 11:26:40.088 [restartedMain] INFO  [] [] [] [] o.a.coyote.http11.Http11NioProtocol - Starting ProtocolHandler ["http-nio-8080"]
2026-04-29 11:26:40.104 [restartedMain] INFO  [] [] [] [] o.s.b.w.e.tomcat.TomcatWebServer - Tomcat started on port 8080 (http) with context path '/'
2026-04-29 11:26:40.111 [restartedMain] INFO  [] [] [] [] c.o.s.Chap01SpringStabilityApplication - Started Chap01SpringStabilityApplication in 4.471 seconds (process running for 5.566)
2026-04-29 11:48:10.618 [File Watcher] INFO  [] [] [] [] o.s.b.d.a.LocalDevToolsAutoConfiguration$RestartingClassPathChangeChangedEventListener - Restarting due to 5 class path changes (0 additions, 0 deletions, 5 modifications)
2026-04-29 11:48:10.621 [Thread-5] INFO  [] [] [] [] o.s.b.w.e.tomcat.GracefulShutdown - Commencing graceful shutdown. Waiting for active requests to complete
2026-04-29 11:48:10.622 [tomcat-shutdown] INFO  [] [] [] [] o.a.coyote.http11.Http11NioProtocol - Pausing ProtocolHandler ["http-nio-8080"]
2026-04-29 11:48:10.744 [tomcat-shutdown] INFO  [] [] [] [] o.s.b.w.e.tomcat.GracefulShutdown - Graceful shutdown complete
2026-04-29 11:48:10.744 [Thread-5] INFO  [] [] [] [] o.a.coyote.http11.Http11NioProtocol - Stopping ProtocolHandler ["http-nio-8080"]
2026-04-29 11:48:10.748 [Thread-5] INFO  [] [] [] [] o.s.o.j.LocalContainerEntityManagerFactoryBean - Closing JPA EntityManagerFactory for persistence unit 'default'
2026-04-29 11:48:10.749 [Thread-5] DEBUG [] [] [] [] org.hibernate.SQL - 
    drop table if exists tbl_book cascade 
2026-04-29 11:48:10.750 [Thread-5] DEBUG [] [] [] [] org.hibernate.SQL - 
    drop table if exists tbl_loan cascade 
2026-04-29 11:48:10.750 [Thread-5] DEBUG [] [] [] [] org.hibernate.SQL - 
    drop table if exists tbl_member cascade 
2026-04-29 11:48:10.751 [Thread-5] DEBUG [] [] [] [] org.hibernate.SQL - 
    drop table if exists tbl_review cascade 
2026-04-29 11:48:10.756 [Thread-5] WARN  [] [] [] [] o.s.b.f.s.DisposableBeanAdapter - Invocation of destroy method failed on bean with name 'inMemoryDatabaseShutdownExecutor': org.h2.jdbc.JdbcSQLNonTransientConnectionException: Database is already closed (to disable automatic closing at VM shutdown, add ";DB_CLOSE_ON_EXIT=FALSE" to the db URL) [90121-232]
2026-04-29 11:48:10.757 [Thread-5] INFO  [] [] [] [] com.zaxxer.hikari.HikariDataSource - HikariPool-1 - Shutdown initiated...
2026-04-29 11:48:10.758 [Thread-5] INFO  [] [] [] [] com.zaxxer.hikari.HikariDataSource - HikariPool-1 - Shutdown completed.
2026-04-29 11:48:10.876 [restartedMain] INFO  [] [] [] [] c.o.s.Chap01SpringStabilityApplication - Starting Chap01SpringStabilityApplication using Java 17.0.18 with PID 25936 (C:\Lecture\10_Logging-Monitoring\module01-spring-stability\module01-spring-stability\build\classes\java\main started by user in C:\Lecture\10_Logging-Monitoring\module01-spring-stability\module01-spring-stability)
2026-04-29 11:48:10.876 [restartedMain] DEBUG [] [] [] [] c.o.s.Chap01SpringStabilityApplication - Running with Spring Boot v3.4.13, Spring v6.2.15
2026-04-29 11:48:10.876 [restartedMain] INFO  [] [] [] [] c.o.s.Chap01SpringStabilityApplication - The following 1 profile is active: "dev"
2026-04-29 11:48:11.058 [restartedMain] INFO  [] [] [] [] o.s.d.r.c.RepositoryConfigurationDelegate - Bootstrapping Spring Data JPA repositories in DEFAULT mode.
2026-04-29 11:48:11.088 [restartedMain] INFO  [] [] [] [] o.s.d.r.c.RepositoryConfigurationDelegate - Finished Spring Data repository scanning in 29 ms. Found 4 JPA repository interfaces.
2026-04-29 11:48:11.289 [restartedMain] INFO  [] [] [] [] o.s.b.w.e.tomcat.TomcatWebServer - Tomcat initialized with port 8080 (http)
2026-04-29 11:48:11.290 [restartedMain] INFO  [] [] [] [] o.a.coyote.http11.Http11NioProtocol - Initializing ProtocolHandler ["http-nio-8080"]
2026-04-29 11:48:11.291 [restartedMain] INFO  [] [] [] [] o.a.catalina.core.StandardService - Starting service [Tomcat]
2026-04-29 11:48:11.291 [restartedMain] INFO  [] [] [] [] o.a.catalina.core.StandardEngine - Starting Servlet engine: [Apache Tomcat/10.1.50]
2026-04-29 11:48:11.310 [restartedMain] INFO  [] [] [] [] o.a.c.c.C.[Tomcat].[localhost].[/] - Initializing Spring embedded WebApplicationContext
2026-04-29 11:48:11.311 [restartedMain] INFO  [] [] [] [] o.s.b.w.s.c.ServletWebServerApplicationContext - Root WebApplicationContext: initialization completed in 431 ms
2026-04-29 11:48:11.327 [restartedMain] DEBUG [] [] [] [] c.o.s.s.l.config.LoggingConfig$1 - Filter 'mdcLoggingFilter' configured for use
2026-04-29 11:48:11.366 [restartedMain] INFO  [] [] [] [] o.h.jpa.internal.util.LogHelper - HHH000204: Processing PersistenceUnitInfo [name: default]
2026-04-29 11:48:11.369 [restartedMain] INFO  [] [] [] [] o.h.c.i.RegionFactoryInitiator - HHH000026: Second-level cache disabled
2026-04-29 11:48:11.379 [restartedMain] INFO  [] [] [] [] o.s.o.j.p.SpringPersistenceUnitInfo - No LoadTimeWeaver setup: ignoring JPA class transformer
2026-04-29 11:48:11.379 [restartedMain] INFO  [] [] [] [] com.zaxxer.hikari.HikariDataSource - HikariPool-2 - Starting...
2026-04-29 11:48:11.381 [restartedMain] INFO  [] [] [] [] com.zaxxer.hikari.pool.HikariPool - HikariPool-2 - Added connection conn11: url=jdbc:h2:mem:library user=OHGIRAFFERS
2026-04-29 11:48:11.381 [restartedMain] INFO  [] [] [] [] com.zaxxer.hikari.HikariDataSource - HikariPool-2 - Start completed.
2026-04-29 11:48:11.382 [restartedMain] INFO  [] [] [] [] o.hibernate.orm.connections.pooling - HHH10001005: Database info:
	Database JDBC URL [Connecting through datasource 'HikariDataSource (HikariPool-2)']
	Database driver: undefined/unknown
	Database version: 2.3.232
	Autocommit mode: undefined/unknown
	Isolation level: undefined/unknown
	Minimum pool size: undefined/unknown
	Maximum pool size: undefined/unknown
2026-04-29 11:48:11.454 [restartedMain] INFO  [] [] [] [] o.h.e.t.j.p.i.JtaPlatformInitiator - HHH000489: No JTA platform available (set 'hibernate.transaction.jta.platform' to enable JTA platform integration)
2026-04-29 11:48:11.454 [restartedMain] DEBUG [] [] [] [] org.hibernate.SQL - 
    drop table if exists tbl_book cascade 
2026-04-29 11:48:11.455 [restartedMain] DEBUG [] [] [] [] org.hibernate.SQL - 
    drop table if exists tbl_loan cascade 
2026-04-29 11:48:11.455 [restartedMain] DEBUG [] [] [] [] org.hibernate.SQL - 
    drop table if exists tbl_member cascade 
2026-04-29 11:48:11.455 [restartedMain] DEBUG [] [] [] [] org.hibernate.SQL - 
    drop table if exists tbl_review cascade 
2026-04-29 11:48:11.455 [restartedMain] DEBUG [] [] [] [] org.hibernate.SQL - 
    create table tbl_book (
        available boolean not null,
        publish_date date not null,
        stock_quantity integer not null,
        book_id bigint generated by default as identity,
        isbn varchar(13) not null unique,
        author varchar(100) not null,
        publisher varchar(100) not null,
        title varchar(200) not null,
        primary key (book_id)
    )
2026-04-29 11:48:11.456 [restartedMain] DEBUG [] [] [] [] org.hibernate.SQL - 
    create table tbl_loan (
        fine_amount integer,
        overdue_days integer,
        book_id bigint not null,
        due_date timestamp(6) not null,
        loan_date timestamp(6) not null,
        loan_id bigint generated by default as identity,
        member_id bigint not null,
        return_date timestamp(6),
        status enum ('ACTIVE','OVERDUE','RETURNED') not null,
        primary key (loan_id)
    )
2026-04-29 11:48:11.457 [restartedMain] DEBUG [] [] [] [] org.hibernate.SQL - 
    create table tbl_member (
        active boolean not null,
        join_date timestamp(6) not null,
        member_id bigint generated by default as identity,
        phone varchar(20),
        member_name varchar(50) not null,
        email varchar(100) not null unique,
        primary key (member_id)
    )
2026-04-29 11:48:11.458 [restartedMain] DEBUG [] [] [] [] org.hibernate.SQL - 
    create table tbl_review (
        helpful_count integer not null check (helpful_count>=0),
        rating float(53) not null,
        verified_purchase boolean not null,
        book_id bigint not null,
        created_at timestamp(6) not null,
        member_id bigint not null,
        review_id bigint generated by default as identity,
        updated_at timestamp(6),
        title varchar(100) not null,
        content varchar(2000) not null,
        status enum ('ACTIVE','DELETED','HIDDEN') not null,
        primary key (review_id),
        unique (member_id, book_id)
    )
2026-04-29 11:48:11.459 [restartedMain] DEBUG [] [] [] [] org.hibernate.SQL - 
    alter table if exists tbl_loan 
       add constraint FK963g40utp85k5mww691e4ma6g 
       foreign key (book_id) 
       references tbl_book
2026-04-29 11:48:11.460 [restartedMain] DEBUG [] [] [] [] org.hibernate.SQL - 
    alter table if exists tbl_loan 
       add constraint FKqtnm703pqo6mnin10corsjsc 
       foreign key (member_id) 
       references tbl_member
2026-04-29 11:48:11.461 [restartedMain] DEBUG [] [] [] [] org.hibernate.SQL - 
    alter table if exists tbl_review 
       add constraint FK6ykodvsh8wis5tfouaxwi9qbc 
       foreign key (book_id) 
       references tbl_book
2026-04-29 11:48:11.462 [restartedMain] DEBUG [] [] [] [] org.hibernate.SQL - 
    alter table if exists tbl_review 
       add constraint FKcgs2lvcrlf9x3jtif9sskpx0 
       foreign key (member_id) 
       references tbl_member
2026-04-29 11:48:11.463 [restartedMain] INFO  [] [] [] [] o.s.o.j.LocalContainerEntityManagerFactoryBean - Initialized JPA EntityManagerFactory for persistence unit 'default'
2026-04-29 11:48:11.703 [restartedMain] WARN  [] [] [] [] o.s.b.a.o.j.JpaBaseConfiguration$JpaWebConfiguration - spring.jpa.open-in-view is enabled by default. Therefore, database queries may be performed during view rendering. Explicitly configure spring.jpa.open-in-view to disable this warning
2026-04-29 11:48:11.742 [restartedMain] DEBUG [] [] [] [] o.s.w.s.m.m.a.RequestMappingHandlerMapping - 29 mappings in 'requestMappingHandlerMapping'
2026-04-29 11:48:11.802 [restartedMain] DEBUG [] [] [] [] o.s.w.s.h.SimpleUrlHandlerMapping - Patterns [/webjars/**, /**] in 'resourceHandlerMapping'
2026-04-29 11:48:11.822 [restartedMain] DEBUG [] [] [] [] o.s.w.s.m.m.a.RequestMappingHandlerAdapter - ControllerAdvice beans: 0 @ModelAttribute, 0 @InitBinder, 1 RequestBodyAdvice, 1 ResponseBodyAdvice
2026-04-29 11:48:11.837 [restartedMain] DEBUG [] [] [] [] o.s.w.s.m.m.a.ExceptionHandlerExceptionResolver - ControllerAdvice beans: 2 @ExceptionHandler, 1 ResponseBodyAdvice
2026-04-29 11:48:11.867 [restartedMain] INFO  [] [] [] [] o.s.b.a.h.H2ConsoleAutoConfiguration - H2 console available at '/h2-console'. Database available at 'jdbc:h2:mem:library'
2026-04-29 11:48:11.925 [restartedMain] INFO  [] [] [] [] o.s.b.d.a.OptionalLiveReloadServer - LiveReload server is running on port 35729
2026-04-29 11:48:11.933 [restartedMain] INFO  [] [] [] [] o.a.coyote.http11.Http11NioProtocol - Starting ProtocolHandler ["http-nio-8080"]
2026-04-29 11:48:11.937 [restartedMain] INFO  [] [] [] [] o.s.b.w.e.tomcat.TomcatWebServer - Tomcat started on port 8080 (http) with context path '/'
2026-04-29 11:48:11.942 [restartedMain] INFO  [] [] [] [] c.o.s.Chap01SpringStabilityApplication - Started Chap01SpringStabilityApplication in 1.131 seconds (process running for 1297.397)
2026-04-29 11:48:11.944 [restartedMain] INFO  [] [] [] [] o.s.b.d.a.ConditionEvaluationDeltaLoggingListener - Condition evaluation unchanged
2026-04-29 11:58:56.606 [http-nio-8080-exec-1] INFO  [] [] [] [] o.a.c.c.C.[Tomcat].[localhost].[/] - Initializing Spring DispatcherServlet 'dispatcherServlet'
2026-04-29 11:58:56.606 [http-nio-8080-exec-1] INFO  [] [] [] [] o.s.web.servlet.DispatcherServlet - Initializing Servlet 'dispatcherServlet'
2026-04-29 11:58:56.607 [http-nio-8080-exec-1] DEBUG [] [] [] [] o.s.web.servlet.DispatcherServlet - Detected StandardServletMultipartResolver
2026-04-29 11:58:56.607 [http-nio-8080-exec-1] DEBUG [] [] [] [] o.s.web.servlet.DispatcherServlet - Detected AcceptHeaderLocaleResolver
2026-04-29 11:58:56.607 [http-nio-8080-exec-1] DEBUG [] [] [] [] o.s.web.servlet.DispatcherServlet - Detected FixedThemeResolver
2026-04-29 11:58:56.608 [http-nio-8080-exec-1] DEBUG [] [] [] [] o.s.web.servlet.DispatcherServlet - Detected org.springframework.web.servlet.view.DefaultRequestToViewNameTranslator@7841d50c
2026-04-29 11:58:56.608 [http-nio-8080-exec-1] DEBUG [] [] [] [] o.s.web.servlet.DispatcherServlet - Detected org.springframework.web.servlet.support.SessionFlashMapManager@9e890
2026-04-29 11:58:56.608 [http-nio-8080-exec-1] DEBUG [] [] [] [] o.s.web.servlet.DispatcherServlet - enableLoggingRequestDetails='false': request parameters and headers will be masked to prevent unsafe logging of potentially sensitive data
2026-04-29 11:58:56.608 [http-nio-8080-exec-1] INFO  [] [] [] [] o.s.web.servlet.DispatcherServlet - Completed initialization in 2 ms
2026-04-29 11:58:56.614 [http-nio-8080-exec-1] DEBUG [8f8ff2d9] [POST] [/api/v1/books] [127.0.0.1] o.s.web.servlet.DispatcherServlet - POST "/api/v1/books", parameters={}
2026-04-29 11:58:56.625 [http-nio-8080-exec-1] DEBUG [8f8ff2d9] [POST] [/api/v1/books] [127.0.0.1] o.s.w.s.m.m.a.RequestMappingHandlerMapping - Mapped to com.ohgiraffers.stability.section01.exception.controller.BookController#registerBook(BookDTO)
2026-04-29 11:58:56.696 [http-nio-8080-exec-1] DEBUG [8f8ff2d9] [POST] [/api/v1/books] [127.0.0.1] o.s.w.s.m.m.a.RequestResponseBodyMethodProcessor - Read "application/json;charset=UTF-8" to [BookDTO{bookId=null, isbn='9788966262281', title='스프링 부트와 AWS로 혼자 구현하는 웹 서비스', author='이동욱', publish (truncated)...]
2026-04-29 11:58:56.701 [http-nio-8080-exec-1] INFO  [8f8ff2d9] [POST] [/api/v1/books] [127.0.0.1] c.o.s.s.e.controller.BookController - [s1][BookController] 도서 등록 요청 - ISBN: 9788966262281, 제목: 스프링 부트와 AWS로 혼자 구현하는 웹 서비스
2026-04-29 11:58:56.705 [http-nio-8080-exec-1] DEBUG [8f8ff2d9] [POST] [/api/v1/books] [127.0.0.1] c.o.s.s.e.service.BookService - 도서 등록 시작 - ISBN: 9788966262281, 제목: 스프링 부트와 AWS로 혼자 구현하는 웹 서비스
2026-04-29 11:58:56.750 [http-nio-8080-exec-1] DEBUG [8f8ff2d9] [POST] [/api/v1/books] [127.0.0.1] org.hibernate.SQL - 
    select
        b1_0.book_id 
    from
        tbl_book b1_0 
    where
        b1_0.isbn=? 
    fetch
        first ? rows only
2026-04-29 11:58:56.781 [http-nio-8080-exec-1] DEBUG [8f8ff2d9] [POST] [/api/v1/books] [127.0.0.1] org.hibernate.SQL - 
    insert 
    into
        tbl_book
        (author, available, isbn, publish_date, publisher, stock_quantity, title, book_id) 
    values
        (?, ?, ?, ?, ?, ?, ?, default)
2026-04-29 11:58:56.794 [http-nio-8080-exec-1] INFO  [8f8ff2d9] [POST] [/api/v1/books] [127.0.0.1] c.o.s.s.e.service.BookService - [s1][BookService] 도서 등록 완료 - ID: 1, 제목: 스프링 부트와 AWS로 혼자 구현하는 웹 서비스
2026-04-29 11:58:56.800 [http-nio-8080-exec-1] INFO  [8f8ff2d9] [POST] [/api/v1/books] [127.0.0.1] c.o.s.s.e.controller.BookController - [s1][BookController] 도서 등록 완료 - ID: 1, 제목: 스프링 부트와 AWS로 혼자 구현하는 웹 서비스
2026-04-29 11:58:56.815 [http-nio-8080-exec-1] DEBUG [8f8ff2d9] [POST] [/api/v1/books] [127.0.0.1] o.s.w.s.m.m.a.HttpEntityMethodProcessor - Using 'application/json', given [*/*] and supported [application/json, application/*+json]
2026-04-29 11:58:56.816 [http-nio-8080-exec-1] DEBUG [8f8ff2d9] [POST] [/api/v1/books] [127.0.0.1] o.s.w.s.m.m.a.HttpEntityMethodProcessor - Writing [BookDTO{bookId=1, isbn='9788966262281', title='스프링 부트와 AWS로 혼자 구현하는 웹 서비스', author='이동욱', publisher= (truncated)...]
2026-04-29 11:58:56.824 [http-nio-8080-exec-1] DEBUG [8f8ff2d9] [POST] [/api/v1/books] [127.0.0.1] o.s.web.servlet.DispatcherServlet - Completed 201 CREATED
2026-04-29 12:02:13.205 [http-nio-8080-exec-2] DEBUG [5dbd0bf7] [GET] [/api/v1/books/999] [127.0.0.1] o.s.web.servlet.DispatcherServlet - GET "/api/v1/books/999", parameters={}
2026-04-29 12:02:13.207 [http-nio-8080-exec-2] DEBUG [5dbd0bf7] [GET] [/api/v1/books/999] [127.0.0.1] o.s.w.s.m.m.a.RequestMappingHandlerMapping - Mapped to com.ohgiraffers.stability.section01.exception.controller.BookController#getBookById(Long)
2026-04-29 12:02:13.209 [http-nio-8080-exec-2] INFO  [5dbd0bf7] [GET] [/api/v1/books/999] [127.0.0.1] c.o.s.s.e.controller.BookController - [s1][BookController] 도서 조회 요청 - ID: 999
2026-04-29 12:02:13.210 [http-nio-8080-exec-2] DEBUG [5dbd0bf7] [GET] [/api/v1/books/999] [127.0.0.1] c.o.s.s.e.service.BookService - 도서 조회 시작 - ID: 999
2026-04-29 12:02:13.217 [http-nio-8080-exec-2] DEBUG [5dbd0bf7] [GET] [/api/v1/books/999] [127.0.0.1] org.hibernate.SQL - 
    select
        b1_0.book_id,
        b1_0.author,
        b1_0.available,
        b1_0.isbn,
        b1_0.publish_date,
        b1_0.publisher,
        b1_0.stock_quantity,
        b1_0.title 
    from
        tbl_book b1_0 
    where
        b1_0.book_id=?
2026-04-29 12:02:13.224 [http-nio-8080-exec-2] ERROR [5dbd0bf7] [GET] [/api/v1/books/999] [127.0.0.1] c.o.s.s.e.service.BookService - 도서 조회 실패 - ID: 999: 해당 ID의 도서를 찾을 수 없습니다: 999
2026-04-29 12:02:13.227 [http-nio-8080-exec-2] DEBUG [5dbd0bf7] [GET] [/api/v1/books/999] [127.0.0.1] o.s.w.s.m.m.a.ExceptionHandlerExceptionResolver - Using @ExceptionHandler com.ohgiraffers.stability.section01.exception.handler.GlobalExceptionHandler#handleBookNotFoundException(BookNotFoundException, HttpServletRequest)
2026-04-29 12:02:13.227 [http-nio-8080-exec-2] WARN  [5dbd0bf7] [GET] [/api/v1/books/999] [127.0.0.1] c.o.s.s.e.h.GlobalExceptionHandler - [s1][GlobalExceptionHandler] 도서 조회 실패: 해당 ID의 도서를 찾을 수 없습니다: 999
2026-04-29 12:02:13.231 [http-nio-8080-exec-2] DEBUG [5dbd0bf7] [GET] [/api/v1/books/999] [127.0.0.1] o.s.w.s.m.m.a.HttpEntityMethodProcessor - Using 'application/json', given [*/*] and supported [application/json, application/*+json]
2026-04-29 12:02:13.232 [http-nio-8080-exec-2] DEBUG [5dbd0bf7] [GET] [/api/v1/books/999] [127.0.0.1] o.s.w.s.m.m.a.HttpEntityMethodProcessor - Writing [ErrorResponse{errorCode='BOOK_NOT_FOUND_BY_ID', message='해당 ID의 도서를 찾을 수 없습니다: 999', timestamp=2026- (truncated)...]
2026-04-29 12:02:13.236 [http-nio-8080-exec-2] WARN  [5dbd0bf7] [GET] [/api/v1/books/999] [127.0.0.1] o.s.w.s.m.m.a.ExceptionHandlerExceptionResolver - Resolved [com.ohgiraffers.stability.section01.exception.exception.BookNotFoundException: 해당 ID의 도서를 찾을 수 없습니다: 999]
2026-04-29 12:02:13.237 [http-nio-8080-exec-2] DEBUG [5dbd0bf7] [GET] [/api/v1/books/999] [127.0.0.1] o.s.web.servlet.DispatcherServlet - Completed 404 NOT_FOUND
2026-04-29 12:07:36.907 [http-nio-8080-exec-5] DEBUG [dcec0bff] [POST] [/api/v1/books] [127.0.0.1] o.s.web.servlet.DispatcherServlet - POST "/api/v1/books", parameters={}
2026-04-29 12:07:36.907 [http-nio-8080-exec-5] DEBUG [dcec0bff] [POST] [/api/v1/books] [127.0.0.1] o.s.w.s.m.m.a.RequestMappingHandlerMapping - Mapped to com.ohgiraffers.stability.section01.exception.controller.BookController#registerBook(BookDTO)
2026-04-29 12:07:36.909 [http-nio-8080-exec-5] DEBUG [dcec0bff] [POST] [/api/v1/books] [127.0.0.1] o.s.w.s.m.m.a.RequestResponseBodyMethodProcessor - Read "application/json;charset=UTF-8" to [BookDTO{bookId=null, isbn='9788966262281', title='스프링 부트와 AWS로 혼자 구현하는 웹 서비스', author='이동욱', publish (truncated)...]
2026-04-29 12:07:36.909 [http-nio-8080-exec-5] INFO  [dcec0bff] [POST] [/api/v1/books] [127.0.0.1] c.o.s.s.e.controller.BookController - [s1][BookController] 도서 등록 요청 - ISBN: 9788966262281, 제목: 스프링 부트와 AWS로 혼자 구현하는 웹 서비스
2026-04-29 12:07:36.909 [http-nio-8080-exec-5] DEBUG [dcec0bff] [POST] [/api/v1/books] [127.0.0.1] c.o.s.s.e.service.BookService - 도서 등록 시작 - ISBN: 9788966262281, 제목: 스프링 부트와 AWS로 혼자 구현하는 웹 서비스
2026-04-29 12:07:36.912 [http-nio-8080-exec-5] DEBUG [dcec0bff] [POST] [/api/v1/books] [127.0.0.1] org.hibernate.SQL - 
    select
        b1_0.book_id 
    from
        tbl_book b1_0 
    where
        b1_0.isbn=? 
    fetch
        first ? rows only
2026-04-29 12:07:36.915 [http-nio-8080-exec-5] DEBUG [dcec0bff] [POST] [/api/v1/books] [127.0.0.1] o.s.w.s.m.m.a.ExceptionHandlerExceptionResolver - Using @ExceptionHandler com.ohgiraffers.stability.section01.exception.handler.GlobalExceptionHandler#handleDuplicateIsbnException(DuplicateIsbnException, HttpServletRequest)
2026-04-29 12:07:36.915 [http-nio-8080-exec-5] WARN  [dcec0bff] [POST] [/api/v1/books] [127.0.0.1] c.o.s.s.e.h.GlobalExceptionHandler - [s1][GlobalExceptionHandler] 중복 ISBN 등록 시도: 이미 존재하는 ISBN입니다: 9788966262281
2026-04-29 12:07:36.915 [http-nio-8080-exec-5] DEBUG [dcec0bff] [POST] [/api/v1/books] [127.0.0.1] o.s.w.s.m.m.a.HttpEntityMethodProcessor - Using 'application/json', given [*/*] and supported [application/json, application/*+json]
2026-04-29 12:07:36.915 [http-nio-8080-exec-5] DEBUG [dcec0bff] [POST] [/api/v1/books] [127.0.0.1] o.s.w.s.m.m.a.HttpEntityMethodProcessor - Writing [ErrorResponse{errorCode='DUPLICATE_ISBN', message='이미 존재하는 ISBN입니다: 9788966262281', timestamp=2026-0 (truncated)...]
2026-04-29 12:07:36.916 [http-nio-8080-exec-5] WARN  [dcec0bff] [POST] [/api/v1/books] [127.0.0.1] o.s.w.s.m.m.a.ExceptionHandlerExceptionResolver - Resolved [com.ohgiraffers.stability.section01.exception.exception.DuplicateIsbnException: 이미 존재하는 ISBN입니다: 9788966262281]
2026-04-29 12:07:36.917 [http-nio-8080-exec-5] DEBUG [dcec0bff] [POST] [/api/v1/books] [127.0.0.1] o.s.web.servlet.DispatcherServlet - Completed 409 CONFLICT
2026-04-29 12:07:36.961 [http-nio-8080-exec-6] DEBUG [59e15766] [POST] [/api/v1/books] [127.0.0.1] o.s.web.servlet.DispatcherServlet - POST "/api/v1/books", parameters={}
2026-04-29 12:07:36.962 [http-nio-8080-exec-6] DEBUG [59e15766] [POST] [/api/v1/books] [127.0.0.1] o.s.w.s.m.m.a.RequestMappingHandlerMapping - Mapped to com.ohgiraffers.stability.section01.exception.controller.BookController#registerBook(BookDTO)
2026-04-29 12:07:36.963 [http-nio-8080-exec-6] DEBUG [59e15766] [POST] [/api/v1/books] [127.0.0.1] o.s.w.s.m.m.a.RequestResponseBodyMethodProcessor - Read "application/json;charset=UTF-8" to [BookDTO{bookId=null, isbn='9791162243685', title='Clean Code 클린 코드', author='로버트 C. 마틴', publisher=' (truncated)...]
2026-04-29 12:07:36.963 [http-nio-8080-exec-6] INFO  [59e15766] [POST] [/api/v1/books] [127.0.0.1] c.o.s.s.e.controller.BookController - [s1][BookController] 도서 등록 요청 - ISBN: 9791162243685, 제목: Clean Code 클린 코드
2026-04-29 12:07:36.963 [http-nio-8080-exec-6] DEBUG [59e15766] [POST] [/api/v1/books] [127.0.0.1] c.o.s.s.e.service.BookService - 도서 등록 시작 - ISBN: 9791162243685, 제목: Clean Code 클린 코드
2026-04-29 12:07:36.964 [http-nio-8080-exec-6] DEBUG [59e15766] [POST] [/api/v1/books] [127.0.0.1] org.hibernate.SQL - 
    select
        b1_0.book_id 
    from
        tbl_book b1_0 
    where
        b1_0.isbn=? 
    fetch
        first ? rows only
2026-04-29 12:07:36.966 [http-nio-8080-exec-6] DEBUG [59e15766] [POST] [/api/v1/books] [127.0.0.1] org.hibernate.SQL - 
    insert 
    into
        tbl_book
        (author, available, isbn, publish_date, publisher, stock_quantity, title, book_id) 
    values
        (?, ?, ?, ?, ?, ?, ?, default)
2026-04-29 12:07:36.967 [http-nio-8080-exec-6] INFO  [59e15766] [POST] [/api/v1/books] [127.0.0.1] c.o.s.s.e.service.BookService - [s1][BookService] 도서 등록 완료 - ID: 2, 제목: Clean Code 클린 코드
2026-04-29 12:07:36.967 [http-nio-8080-exec-6] INFO  [59e15766] [POST] [/api/v1/books] [127.0.0.1] c.o.s.s.e.controller.BookController - [s1][BookController] 도서 등록 완료 - ID: 2, 제목: Clean Code 클린 코드
2026-04-29 12:07:36.967 [http-nio-8080-exec-6] DEBUG [59e15766] [POST] [/api/v1/books] [127.0.0.1] o.s.w.s.m.m.a.HttpEntityMethodProcessor - Using 'application/json', given [*/*] and supported [application/json, application/*+json]
2026-04-29 12:07:36.968 [http-nio-8080-exec-6] DEBUG [59e15766] [POST] [/api/v1/books] [127.0.0.1] o.s.w.s.m.m.a.HttpEntityMethodProcessor - Writing [BookDTO{bookId=2, isbn='9791162243685', title='Clean Code 클린 코드', author='로버트 C. 마틴', publisher='인사이 (truncated)...]
2026-04-29 12:07:36.968 [http-nio-8080-exec-6] DEBUG [59e15766] [POST] [/api/v1/books] [127.0.0.1] o.s.web.servlet.DispatcherServlet - Completed 201 CREATED
2026-04-29 12:07:36.991 [http-nio-8080-exec-7] DEBUG [0ac32b7e] [POST] [/api/v1/books] [127.0.0.1] o.s.web.servlet.DispatcherServlet - POST "/api/v1/books", parameters={}
2026-04-29 12:07:36.991 [http-nio-8080-exec-7] DEBUG [0ac32b7e] [POST] [/api/v1/books] [127.0.0.1] o.s.w.s.m.m.a.RequestMappingHandlerMapping - Mapped to com.ohgiraffers.stability.section01.exception.controller.BookController#registerBook(BookDTO)
2026-04-29 12:07:36.992 [http-nio-8080-exec-7] DEBUG [0ac32b7e] [POST] [/api/v1/books] [127.0.0.1] o.s.w.s.m.m.a.RequestResponseBodyMethodProcessor - Read "application/json;charset=UTF-8" to [BookDTO{bookId=null, isbn='9788960773417', title='Effective Java 3/E', author='조슈아 블로크', publisher=' (truncated)...]
2026-04-29 12:07:36.992 [http-nio-8080-exec-7] INFO  [0ac32b7e] [POST] [/api/v1/books] [127.0.0.1] c.o.s.s.e.controller.BookController - [s1][BookController] 도서 등록 요청 - ISBN: 9788960773417, 제목: Effective Java 3/E
2026-04-29 12:07:36.992 [http-nio-8080-exec-7] DEBUG [0ac32b7e] [POST] [/api/v1/books] [127.0.0.1] c.o.s.s.e.service.BookService - 도서 등록 시작 - ISBN: 9788960773417, 제목: Effective Java 3/E
2026-04-29 12:07:36.993 [http-nio-8080-exec-7] DEBUG [0ac32b7e] [POST] [/api/v1/books] [127.0.0.1] org.hibernate.SQL - 
    select
        b1_0.book_id 
    from
        tbl_book b1_0 
    where
        b1_0.isbn=? 
    fetch
        first ? rows only
2026-04-29 12:07:36.994 [http-nio-8080-exec-7] DEBUG [0ac32b7e] [POST] [/api/v1/books] [127.0.0.1] org.hibernate.SQL - 
    insert 
    into
        tbl_book
        (author, available, isbn, publish_date, publisher, stock_quantity, title, book_id) 
    values
        (?, ?, ?, ?, ?, ?, ?, default)
2026-04-29 12:07:36.995 [http-nio-8080-exec-7] INFO  [0ac32b7e] [POST] [/api/v1/books] [127.0.0.1] c.o.s.s.e.service.BookService - [s1][BookService] 도서 등록 완료 - ID: 3, 제목: Effective Java 3/E
2026-04-29 12:07:36.995 [http-nio-8080-exec-7] INFO  [0ac32b7e] [POST] [/api/v1/books] [127.0.0.1] c.o.s.s.e.controller.BookController - [s1][BookController] 도서 등록 완료 - ID: 3, 제목: Effective Java 3/E
2026-04-29 12:07:36.996 [http-nio-8080-exec-7] DEBUG [0ac32b7e] [POST] [/api/v1/books] [127.0.0.1] o.s.w.s.m.m.a.HttpEntityMethodProcessor - Using 'application/json', given [*/*] and supported [application/json, application/*+json]
2026-04-29 12:07:36.996 [http-nio-8080-exec-7] DEBUG [0ac32b7e] [POST] [/api/v1/books] [127.0.0.1] o.s.w.s.m.m.a.HttpEntityMethodProcessor - Writing [BookDTO{bookId=3, isbn='9788960773417', title='Effective Java 3/E', author='조슈아 블로크', publisher='인사이 (truncated)...]
2026-04-29 12:07:36.996 [http-nio-8080-exec-7] DEBUG [0ac32b7e] [POST] [/api/v1/books] [127.0.0.1] o.s.web.servlet.DispatcherServlet - Completed 201 CREATED
2026-04-29 12:07:37.020 [http-nio-8080-exec-8] DEBUG [87a94bb7] [GET] [/api/v1/books] [127.0.0.1] o.s.web.servlet.DispatcherServlet - GET "/api/v1/books", parameters={}
2026-04-29 12:07:37.021 [http-nio-8080-exec-8] DEBUG [87a94bb7] [GET] [/api/v1/books] [127.0.0.1] o.s.w.s.m.m.a.RequestMappingHandlerMapping - Mapped to com.ohgiraffers.stability.section01.exception.controller.BookController#getAllBooks()
2026-04-29 12:07:37.021 [http-nio-8080-exec-8] INFO  [87a94bb7] [GET] [/api/v1/books] [127.0.0.1] c.o.s.s.e.controller.BookController - [s1][BookController] 전체 도서 목록 조회 요청
2026-04-29 12:07:37.021 [http-nio-8080-exec-8] DEBUG [87a94bb7] [GET] [/api/v1/books] [127.0.0.1] c.o.s.s.e.service.BookService - 전체 도서 목록 조회 시작
2026-04-29 12:07:37.028 [http-nio-8080-exec-8] DEBUG [87a94bb7] [GET] [/api/v1/books] [127.0.0.1] org.hibernate.SQL - 
    select
        b1_0.book_id,
        b1_0.author,
        b1_0.available,
        b1_0.isbn,
        b1_0.publish_date,
        b1_0.publisher,
        b1_0.stock_quantity,
        b1_0.title 
    from
        tbl_book b1_0
2026-04-29 12:07:37.032 [http-nio-8080-exec-8] DEBUG [87a94bb7] [GET] [/api/v1/books] [127.0.0.1] c.o.s.s.e.service.BookService - 전체 도서 목록 조회 완료 - 총 3권
2026-04-29 12:07:37.032 [http-nio-8080-exec-8] DEBUG [87a94bb7] [GET] [/api/v1/books] [127.0.0.1] c.o.s.s.e.service.BookService - 전체 도서 목록 조회 종료
2026-04-29 12:07:37.033 [http-nio-8080-exec-8] INFO  [87a94bb7] [GET] [/api/v1/books] [127.0.0.1] c.o.s.s.e.controller.BookController - [s1][BookController] 전체 도서 목록 조회 완료 - 총 3권
2026-04-29 12:07:37.034 [http-nio-8080-exec-8] DEBUG [87a94bb7] [GET] [/api/v1/books] [127.0.0.1] o.s.w.s.m.m.a.HttpEntityMethodProcessor - Using 'application/json', given [*/*] and supported [application/json, application/*+json]
2026-04-29 12:07:37.034 [http-nio-8080-exec-8] DEBUG [87a94bb7] [GET] [/api/v1/books] [127.0.0.1] o.s.w.s.m.m.a.HttpEntityMethodProcessor - Writing [[BookDTO{bookId=1, isbn='9788966262281', title='스프링 부트와 AWS로 혼자 구현하는 웹 서비스', author='이동욱', publisher (truncated)...]
2026-04-29 12:07:37.035 [http-nio-8080-exec-8] DEBUG [87a94bb7] [GET] [/api/v1/books] [127.0.0.1] o.s.web.servlet.DispatcherServlet - Completed 200 OK
2026-04-29 12:07:37.059 [http-nio-8080-exec-10] DEBUG [03b0a2a5] [GET] [/api/v1/books/1] [127.0.0.1] o.s.web.servlet.DispatcherServlet - GET "/api/v1/books/1", parameters={}
2026-04-29 12:07:37.060 [http-nio-8080-exec-10] DEBUG [03b0a2a5] [GET] [/api/v1/books/1] [127.0.0.1] o.s.w.s.m.m.a.RequestMappingHandlerMapping - Mapped to com.ohgiraffers.stability.section01.exception.controller.BookController#getBookById(Long)
2026-04-29 12:07:37.060 [http-nio-8080-exec-10] INFO  [03b0a2a5] [GET] [/api/v1/books/1] [127.0.0.1] c.o.s.s.e.controller.BookController - [s1][BookController] 도서 조회 요청 - ID: 1
2026-04-29 12:07:37.060 [http-nio-8080-exec-10] DEBUG [03b0a2a5] [GET] [/api/v1/books/1] [127.0.0.1] c.o.s.s.e.service.BookService - 도서 조회 시작 - ID: 1
2026-04-29 12:07:37.061 [http-nio-8080-exec-10] DEBUG [03b0a2a5] [GET] [/api/v1/books/1] [127.0.0.1] org.hibernate.SQL - 
    select
        b1_0.book_id,
        b1_0.author,
        b1_0.available,
        b1_0.isbn,
        b1_0.publish_date,
        b1_0.publisher,
        b1_0.stock_quantity,
        b1_0.title 
    from
        tbl_book b1_0 
    where
        b1_0.book_id=?
2026-04-29 12:07:37.062 [http-nio-8080-exec-10] DEBUG [03b0a2a5] [GET] [/api/v1/books/1] [127.0.0.1] c.o.s.s.e.service.BookService - 도서 조회 완료 - 제목: 스프링 부트와 AWS로 혼자 구현하는 웹 서비스
2026-04-29 12:07:37.062 [http-nio-8080-exec-10] INFO  [03b0a2a5] [GET] [/api/v1/books/1] [127.0.0.1] c.o.s.s.e.controller.BookController - [s1][BookController] 도서 조회 완료 - ID: 1, 제목: 스프링 부트와 AWS로 혼자 구현하는 웹 서비스
2026-04-29 12:07:37.062 [http-nio-8080-exec-10] DEBUG [03b0a2a5] [GET] [/api/v1/books/1] [127.0.0.1] o.s.w.s.m.m.a.HttpEntityMethodProcessor - Using 'application/json', given [*/*] and supported [application/json, application/*+json]
2026-04-29 12:07:37.063 [http-nio-8080-exec-10] DEBUG [03b0a2a5] [GET] [/api/v1/books/1] [127.0.0.1] o.s.w.s.m.m.a.HttpEntityMethodProcessor - Writing [BookDTO{bookId=1, isbn='9788966262281', title='스프링 부트와 AWS로 혼자 구현하는 웹 서비스', author='이동욱', publisher= (truncated)...]
2026-04-29 12:07:37.063 [http-nio-8080-exec-10] DEBUG [03b0a2a5] [GET] [/api/v1/books/1] [127.0.0.1] o.s.web.servlet.DispatcherServlet - Completed 200 OK
2026-04-29 12:07:37.098 [http-nio-8080-exec-9] DEBUG [b4f34460] [GET] [/api/v1/books/isbn/9788966262281] [127.0.0.1] o.s.web.servlet.DispatcherServlet - GET "/api/v1/books/isbn/9788966262281", parameters={}
2026-04-29 12:07:37.099 [http-nio-8080-exec-9] DEBUG [b4f34460] [GET] [/api/v1/books/isbn/9788966262281] [127.0.0.1] o.s.w.s.m.m.a.RequestMappingHandlerMapping - Mapped to com.ohgiraffers.stability.section01.exception.controller.BookController#getBookByIsbn(String)
2026-04-29 12:07:37.103 [http-nio-8080-exec-9] INFO  [b4f34460] [GET] [/api/v1/books/isbn/9788966262281] [127.0.0.1] c.o.s.s.e.controller.BookController - [s1][BookController] ISBN으로 도서 조회 요청 - ISBN: 9788966262281
2026-04-29 12:07:37.103 [http-nio-8080-exec-9] DEBUG [b4f34460] [GET] [/api/v1/books/isbn/9788966262281] [127.0.0.1] c.o.s.s.e.service.BookService - ISBN으로 도서 조회 시작 - ISBN: 9788966262281
2026-04-29 12:07:37.105 [http-nio-8080-exec-9] DEBUG [b4f34460] [GET] [/api/v1/books/isbn/9788966262281] [127.0.0.1] org.hibernate.SQL - 
    select
        b1_0.book_id,
        b1_0.author,
        b1_0.available,
        b1_0.isbn,
        b1_0.publish_date,
        b1_0.publisher,
        b1_0.stock_quantity,
        b1_0.title 
    from
        tbl_book b1_0 
    where
        b1_0.isbn=?
2026-04-29 12:07:37.106 [http-nio-8080-exec-9] DEBUG [b4f34460] [GET] [/api/v1/books/isbn/9788966262281] [127.0.0.1] c.o.s.s.e.service.BookService - ISBN으로 도서 조회 완료 - 제목: 스프링 부트와 AWS로 혼자 구현하는 웹 서비스
2026-04-29 12:07:37.106 [http-nio-8080-exec-9] INFO  [b4f34460] [GET] [/api/v1/books/isbn/9788966262281] [127.0.0.1] c.o.s.s.e.controller.BookController - [s1][BookController] ISBN으로 도서 조회 완료 - ISBN: 9788966262281, 제목: 스프링 부트와 AWS로 혼자 구현하는 웹 서비스
2026-04-29 12:07:37.106 [http-nio-8080-exec-9] DEBUG [b4f34460] [GET] [/api/v1/books/isbn/9788966262281] [127.0.0.1] o.s.w.s.m.m.a.HttpEntityMethodProcessor - Using 'application/json', given [*/*] and supported [application/json, application/*+json]
2026-04-29 12:07:37.106 [http-nio-8080-exec-9] DEBUG [b4f34460] [GET] [/api/v1/books/isbn/9788966262281] [127.0.0.1] o.s.w.s.m.m.a.HttpEntityMethodProcessor - Writing [BookDTO{bookId=1, isbn='9788966262281', title='스프링 부트와 AWS로 혼자 구현하는 웹 서비스', author='이동욱', publisher= (truncated)...]
2026-04-29 12:07:37.107 [http-nio-8080-exec-9] DEBUG [b4f34460] [GET] [/api/v1/books/isbn/9788966262281] [127.0.0.1] o.s.web.servlet.DispatcherServlet - Completed 200 OK
2026-04-29 12:07:37.157 [http-nio-8080-exec-1] DEBUG [2b3553cf] [GET] [/api/v1/books/search] [127.0.0.1] o.s.web.servlet.DispatcherServlet - GET "/api/v1/books/search?keyword=%EC%8A%A4%ED%94%84%EB%A7%81", parameters={masked}
2026-04-29 12:07:37.157 [http-nio-8080-exec-1] DEBUG [2b3553cf] [GET] [/api/v1/books/search] [127.0.0.1] o.s.w.s.m.m.a.RequestMappingHandlerMapping - Mapped to com.ohgiraffers.stability.section01.exception.controller.BookController#searchBooksByTitle(String)
2026-04-29 12:07:37.159 [http-nio-8080-exec-1] INFO  [2b3553cf] [GET] [/api/v1/books/search] [127.0.0.1] c.o.s.s.e.controller.BookController - [s1][BookController] 제목으로 도서 검색 요청 - 키워드: 스프링
2026-04-29 12:07:37.159 [http-nio-8080-exec-1] DEBUG [2b3553cf] [GET] [/api/v1/books/search] [127.0.0.1] c.o.s.s.e.service.BookService - 제목으로 도서 검색 시작 - 키워드: 스프링
2026-04-29 12:07:37.165 [http-nio-8080-exec-1] DEBUG [2b3553cf] [GET] [/api/v1/books/search] [127.0.0.1] org.hibernate.SQL - 
    select
        b1_0.book_id,
        b1_0.author,
        b1_0.available,
        b1_0.isbn,
        b1_0.publish_date,
        b1_0.publisher,
        b1_0.stock_quantity,
        b1_0.title 
    from
        tbl_book b1_0 
    where
        upper(b1_0.title) like upper(?) escape '\'
2026-04-29 12:07:37.166 [http-nio-8080-exec-1] DEBUG [2b3553cf] [GET] [/api/v1/books/search] [127.0.0.1] c.o.s.s.e.service.BookService - 제목으로 도서 검색 완료 - 검색 결과: 1권
2026-04-29 12:07:37.167 [http-nio-8080-exec-1] INFO  [2b3553cf] [GET] [/api/v1/books/search] [127.0.0.1] c.o.s.s.e.controller.BookController - [s1][BookController] 제목으로 도서 검색 완료 - 키워드: 스프링, 검색 결과: 1권
2026-04-29 12:07:37.167 [http-nio-8080-exec-1] DEBUG [2b3553cf] [GET] [/api/v1/books/search] [127.0.0.1] o.s.w.s.m.m.a.HttpEntityMethodProcessor - Using 'application/json', given [*/*] and supported [application/json, application/*+json]
2026-04-29 12:07:37.167 [http-nio-8080-exec-1] DEBUG [2b3553cf] [GET] [/api/v1/books/search] [127.0.0.1] o.s.w.s.m.m.a.HttpEntityMethodProcessor - Writing [[BookDTO{bookId=1, isbn='9788966262281', title='스프링 부트와 AWS로 혼자 구현하는 웹 서비스', author='이동욱', publisher (truncated)...]
2026-04-29 12:07:37.168 [http-nio-8080-exec-1] DEBUG [2b3553cf] [GET] [/api/v1/books/search] [127.0.0.1] o.s.web.servlet.DispatcherServlet - Completed 200 OK
2026-04-29 12:07:37.209 [http-nio-8080-exec-3] DEBUG [229c9ed8] [PATCH] [/api/v1/books/1/stock/increase] [127.0.0.1] o.s.web.servlet.DispatcherServlet - PATCH "/api/v1/books/1/stock/increase?quantity=5", parameters={masked}
2026-04-29 12:07:37.210 [http-nio-8080-exec-3] DEBUG [229c9ed8] [PATCH] [/api/v1/books/1/stock/increase] [127.0.0.1] o.s.w.s.m.m.a.RequestMappingHandlerMapping - Mapped to com.ohgiraffers.stability.section01.exception.controller.BookController#increaseStock(Long, int)
2026-04-29 12:07:37.210 [http-nio-8080-exec-3] INFO  [229c9ed8] [PATCH] [/api/v1/books/1/stock/increase] [127.0.0.1] c.o.s.s.e.controller.BookController - [s1][BookController] 재고 증가 요청 - 도서 ID: 1, 증가 수량: 5
2026-04-29 12:07:37.211 [http-nio-8080-exec-3] DEBUG [229c9ed8] [PATCH] [/api/v1/books/1/stock/increase] [127.0.0.1] c.o.s.s.e.service.BookService - 재고 증가 시작 - 도서 ID: 1, 증가 수량: 5
2026-04-29 12:07:37.211 [http-nio-8080-exec-3] DEBUG [229c9ed8] [PATCH] [/api/v1/books/1/stock/increase] [127.0.0.1] org.hibernate.SQL - 
    select
        b1_0.book_id,
        b1_0.author,
        b1_0.available,
        b1_0.isbn,
        b1_0.publish_date,
        b1_0.publisher,
        b1_0.stock_quantity,
        b1_0.title 
    from
        tbl_book b1_0 
    where
        b1_0.book_id=?
2026-04-29 12:07:37.213 [http-nio-8080-exec-3] INFO  [229c9ed8] [PATCH] [/api/v1/books/1/stock/increase] [127.0.0.1] c.o.s.s.e.service.BookService - [s1][BookService] 재고 증가 완료 - 도서 ID: 1, 현재 재고: 15
2026-04-29 12:07:37.217 [http-nio-8080-exec-3] DEBUG [229c9ed8] [PATCH] [/api/v1/books/1/stock/increase] [127.0.0.1] org.hibernate.SQL - 
    update
        tbl_book 
    set
        author=?,
        available=?,
        isbn=?,
        publish_date=?,
        publisher=?,
        stock_quantity=?,
        title=? 
    where
        book_id=?
2026-04-29 12:07:37.221 [http-nio-8080-exec-3] INFO  [229c9ed8] [PATCH] [/api/v1/books/1/stock/increase] [127.0.0.1] c.o.s.s.e.controller.BookController - [s1][BookController] 재고 증가 완료 - 도서 ID: 1, 현재 재고: 15
2026-04-29 12:07:37.221 [http-nio-8080-exec-3] DEBUG [229c9ed8] [PATCH] [/api/v1/books/1/stock/increase] [127.0.0.1] o.s.w.s.m.m.a.HttpEntityMethodProcessor - Using 'application/json', given [*/*] and supported [application/json, application/*+json]
2026-04-29 12:07:37.221 [http-nio-8080-exec-3] DEBUG [229c9ed8] [PATCH] [/api/v1/books/1/stock/increase] [127.0.0.1] o.s.w.s.m.m.a.HttpEntityMethodProcessor - Writing [BookDTO{bookId=1, isbn='9788966262281', title='스프링 부트와 AWS로 혼자 구현하는 웹 서비스', author='이동욱', publisher= (truncated)...]
2026-04-29 12:07:37.222 [http-nio-8080-exec-3] DEBUG [229c9ed8] [PATCH] [/api/v1/books/1/stock/increase] [127.0.0.1] o.s.web.servlet.DispatcherServlet - Completed 200 OK
2026-04-29 12:07:37.243 [http-nio-8080-exec-2] DEBUG [68374bc2] [PATCH] [/api/v1/books/1/stock/decrease] [127.0.0.1] o.s.web.servlet.DispatcherServlet - PATCH "/api/v1/books/1/stock/decrease?quantity=3", parameters={masked}
2026-04-29 12:07:37.243 [http-nio-8080-exec-2] DEBUG [68374bc2] [PATCH] [/api/v1/books/1/stock/decrease] [127.0.0.1] o.s.w.s.m.m.a.RequestMappingHandlerMapping - Mapped to com.ohgiraffers.stability.section01.exception.controller.BookController#decreaseStock(Long, int)
2026-04-29 12:07:37.244 [http-nio-8080-exec-2] INFO  [68374bc2] [PATCH] [/api/v1/books/1/stock/decrease] [127.0.0.1] c.o.s.s.e.controller.BookController - [s1][BookController] 재고 감소 요청 - 도서 ID: 1, 감소 수량: 3
2026-04-29 12:07:37.245 [http-nio-8080-exec-2] DEBUG [68374bc2] [PATCH] [/api/v1/books/1/stock/decrease] [127.0.0.1] c.o.s.s.e.service.BookService - 재고 감소 시작 - 도서 ID: 1, 감소 수량: 3
2026-04-29 12:07:37.245 [http-nio-8080-exec-2] DEBUG [68374bc2] [PATCH] [/api/v1/books/1/stock/decrease] [127.0.0.1] org.hibernate.SQL - 
    select
        b1_0.book_id,
        b1_0.author,
        b1_0.available,
        b1_0.isbn,
        b1_0.publish_date,
        b1_0.publisher,
        b1_0.stock_quantity,
        b1_0.title 
    from
        tbl_book b1_0 
    where
        b1_0.book_id=?
2026-04-29 12:07:37.246 [http-nio-8080-exec-2] INFO  [68374bc2] [PATCH] [/api/v1/books/1/stock/decrease] [127.0.0.1] c.o.s.s.e.service.BookService - [s1][BookService] 재고 감소 완료 - 도서 ID: 1, 현재 재고: 12
2026-04-29 12:07:37.247 [http-nio-8080-exec-2] DEBUG [68374bc2] [PATCH] [/api/v1/books/1/stock/decrease] [127.0.0.1] org.hibernate.SQL - 
    update
        tbl_book 
    set
        author=?,
        available=?,
        isbn=?,
        publish_date=?,
        publisher=?,
        stock_quantity=?,
        title=? 
    where
        book_id=?
2026-04-29 12:07:37.247 [http-nio-8080-exec-2] INFO  [68374bc2] [PATCH] [/api/v1/books/1/stock/decrease] [127.0.0.1] c.o.s.s.e.controller.BookController - [s1][BookController] 재고 감소 완료 - 도서 ID: 1, 현재 재고: 12
2026-04-29 12:07:37.248 [http-nio-8080-exec-2] DEBUG [68374bc2] [PATCH] [/api/v1/books/1/stock/decrease] [127.0.0.1] o.s.w.s.m.m.a.HttpEntityMethodProcessor - Using 'application/json', given [*/*] and supported [application/json, application/*+json]
2026-04-29 12:07:37.248 [http-nio-8080-exec-2] DEBUG [68374bc2] [PATCH] [/api/v1/books/1/stock/decrease] [127.0.0.1] o.s.w.s.m.m.a.HttpEntityMethodProcessor - Writing [BookDTO{bookId=1, isbn='9788966262281', title='스프링 부트와 AWS로 혼자 구현하는 웹 서비스', author='이동욱', publisher= (truncated)...]
2026-04-29 12:07:37.248 [http-nio-8080-exec-2] DEBUG [68374bc2] [PATCH] [/api/v1/books/1/stock/decrease] [127.0.0.1] o.s.web.servlet.DispatcherServlet - Completed 200 OK
2026-04-29 12:07:37.272 [http-nio-8080-exec-4] DEBUG [5b42dbdf] [PUT] [/api/v1/books/1] [127.0.0.1] o.s.web.servlet.DispatcherServlet - PUT "/api/v1/books/1", parameters={}
2026-04-29 12:07:37.272 [http-nio-8080-exec-4] DEBUG [5b42dbdf] [PUT] [/api/v1/books/1] [127.0.0.1] o.s.w.s.m.m.a.RequestMappingHandlerMapping - Mapped to com.ohgiraffers.stability.section01.exception.controller.BookController#updateBook(Long, BookDTO)
2026-04-29 12:07:37.273 [http-nio-8080-exec-4] DEBUG [5b42dbdf] [PUT] [/api/v1/books/1] [127.0.0.1] o.s.w.s.m.m.a.RequestResponseBodyMethodProcessor - Read "application/json;charset=UTF-8" to [BookDTO{bookId=null, isbn='null', title='스프링 부트와 AWS로 혼자 구현하는 웹 서비스 (개정판)', author='이동욱', publisher= (truncated)...]
2026-04-29 12:07:37.273 [http-nio-8080-exec-4] INFO  [5b42dbdf] [PUT] [/api/v1/books/1] [127.0.0.1] c.o.s.s.e.controller.BookController - [s1][BookController] 도서 정보 수정 요청 - ID: 1
2026-04-29 12:07:37.274 [http-nio-8080-exec-4] DEBUG [5b42dbdf] [PUT] [/api/v1/books/1] [127.0.0.1] c.o.s.s.e.service.BookService - 도서 정보 수정 시작 - ID: 1
2026-04-29 12:07:37.274 [http-nio-8080-exec-4] DEBUG [5b42dbdf] [PUT] [/api/v1/books/1] [127.0.0.1] org.hibernate.SQL - 
    select
        b1_0.book_id,
        b1_0.author,
        b1_0.available,
        b1_0.isbn,
        b1_0.publish_date,
        b1_0.publisher,
        b1_0.stock_quantity,
        b1_0.title 
    from
        tbl_book b1_0 
    where
        b1_0.book_id=?
2026-04-29 12:07:37.276 [http-nio-8080-exec-4] INFO  [5b42dbdf] [PUT] [/api/v1/books/1] [127.0.0.1] c.o.s.s.e.service.BookService - [s1][BookService] 도서 정보 수정 완료 - ID: 1, 제목: 스프링 부트와 AWS로 혼자 구현하는 웹 서비스 (개정판)
2026-04-29 12:07:37.276 [http-nio-8080-exec-4] DEBUG [5b42dbdf] [PUT] [/api/v1/books/1] [127.0.0.1] org.hibernate.SQL - 
    update
        tbl_book 
    set
        author=?,
        available=?,
        isbn=?,
        publish_date=?,
        publisher=?,
        stock_quantity=?,
        title=? 
    where
        book_id=?
2026-04-29 12:07:37.277 [http-nio-8080-exec-4] INFO  [5b42dbdf] [PUT] [/api/v1/books/1] [127.0.0.1] c.o.s.s.e.controller.BookController - [s1][BookController] 도서 정보 수정 완료 - ID: 1, 제목: 스프링 부트와 AWS로 혼자 구현하는 웹 서비스 (개정판)
2026-04-29 12:07:37.277 [http-nio-8080-exec-4] DEBUG [5b42dbdf] [PUT] [/api/v1/books/1] [127.0.0.1] o.s.w.s.m.m.a.HttpEntityMethodProcessor - Using 'application/json', given [*/*] and supported [application/json, application/*+json]
2026-04-29 12:07:37.277 [http-nio-8080-exec-4] DEBUG [5b42dbdf] [PUT] [/api/v1/books/1] [127.0.0.1] o.s.w.s.m.m.a.HttpEntityMethodProcessor - Writing [BookDTO{bookId=1, isbn='9788966262281', title='스프링 부트와 AWS로 혼자 구현하는 웹 서비스 (개정판)', author='이동욱', publ (truncated)...]
2026-04-29 12:07:37.278 [http-nio-8080-exec-4] DEBUG [5b42dbdf] [PUT] [/api/v1/books/1] [127.0.0.1] o.s.web.servlet.DispatcherServlet - Completed 200 OK
2026-04-29 12:07:37.301 [http-nio-8080-exec-5] DEBUG [1fac4b67] [GET] [/api/v1/books/999] [127.0.0.1] o.s.web.servlet.DispatcherServlet - GET "/api/v1/books/999", parameters={}
2026-04-29 12:07:37.301 [http-nio-8080-exec-5] DEBUG [1fac4b67] [GET] [/api/v1/books/999] [127.0.0.1] o.s.w.s.m.m.a.RequestMappingHandlerMapping - Mapped to com.ohgiraffers.stability.section01.exception.controller.BookController#getBookById(Long)
2026-04-29 12:07:37.302 [http-nio-8080-exec-5] INFO  [1fac4b67] [GET] [/api/v1/books/999] [127.0.0.1] c.o.s.s.e.controller.BookController - [s1][BookController] 도서 조회 요청 - ID: 999
2026-04-29 12:07:37.302 [http-nio-8080-exec-5] DEBUG [1fac4b67] [GET] [/api/v1/books/999] [127.0.0.1] c.o.s.s.e.service.BookService - 도서 조회 시작 - ID: 999
2026-04-29 12:07:37.302 [http-nio-8080-exec-5] DEBUG [1fac4b67] [GET] [/api/v1/books/999] [127.0.0.1] org.hibernate.SQL - 
    select
        b1_0.book_id,
        b1_0.author,
        b1_0.available,
        b1_0.isbn,
        b1_0.publish_date,
        b1_0.publisher,
        b1_0.stock_quantity,
        b1_0.title 
    from
        tbl_book b1_0 
    where
        b1_0.book_id=?
2026-04-29 12:07:37.303 [http-nio-8080-exec-5] ERROR [1fac4b67] [GET] [/api/v1/books/999] [127.0.0.1] c.o.s.s.e.service.BookService - 도서 조회 실패 - ID: 999: 해당 ID의 도서를 찾을 수 없습니다: 999
2026-04-29 12:07:37.305 [http-nio-8080-exec-5] DEBUG [1fac4b67] [GET] [/api/v1/books/999] [127.0.0.1] o.s.w.s.m.m.a.ExceptionHandlerExceptionResolver - Using @ExceptionHandler com.ohgiraffers.stability.section01.exception.handler.GlobalExceptionHandler#handleBookNotFoundException(BookNotFoundException, HttpServletRequest)
2026-04-29 12:07:37.305 [http-nio-8080-exec-5] WARN  [1fac4b67] [GET] [/api/v1/books/999] [127.0.0.1] c.o.s.s.e.h.GlobalExceptionHandler - [s1][GlobalExceptionHandler] 도서 조회 실패: 해당 ID의 도서를 찾을 수 없습니다: 999
2026-04-29 12:07:37.305 [http-nio-8080-exec-5] DEBUG [1fac4b67] [GET] [/api/v1/books/999] [127.0.0.1] o.s.w.s.m.m.a.HttpEntityMethodProcessor - Using 'application/json', given [*/*] and supported [application/json, application/*+json]
2026-04-29 12:07:37.305 [http-nio-8080-exec-5] DEBUG [1fac4b67] [GET] [/api/v1/books/999] [127.0.0.1] o.s.w.s.m.m.a.HttpEntityMethodProcessor - Writing [ErrorResponse{errorCode='BOOK_NOT_FOUND_BY_ID', message='해당 ID의 도서를 찾을 수 없습니다: 999', timestamp=2026- (truncated)...]
2026-04-29 12:07:37.306 [http-nio-8080-exec-5] WARN  [1fac4b67] [GET] [/api/v1/books/999] [127.0.0.1] o.s.w.s.m.m.a.ExceptionHandlerExceptionResolver - Resolved [com.ohgiraffers.stability.section01.exception.exception.BookNotFoundException: 해당 ID의 도서를 찾을 수 없습니다: 999]
2026-04-29 12:07:37.306 [http-nio-8080-exec-5] DEBUG [1fac4b67] [GET] [/api/v1/books/999] [127.0.0.1] o.s.web.servlet.DispatcherServlet - Completed 404 NOT_FOUND
2026-04-29 12:07:37.327 [http-nio-8080-exec-6] DEBUG [dd1d6f10] [GET] [/api/v1/books/isbn/1234567890123] [127.0.0.1] o.s.web.servlet.DispatcherServlet - GET "/api/v1/books/isbn/1234567890123", parameters={}
2026-04-29 12:07:37.327 [http-nio-8080-exec-6] DEBUG [dd1d6f10] [GET] [/api/v1/books/isbn/1234567890123] [127.0.0.1] o.s.w.s.m.m.a.RequestMappingHandlerMapping - Mapped to com.ohgiraffers.stability.section01.exception.controller.BookController#getBookByIsbn(String)
2026-04-29 12:07:37.327 [http-nio-8080-exec-6] INFO  [dd1d6f10] [GET] [/api/v1/books/isbn/1234567890123] [127.0.0.1] c.o.s.s.e.controller.BookController - [s1][BookController] ISBN으로 도서 조회 요청 - ISBN: 1234567890123
2026-04-29 12:07:37.328 [http-nio-8080-exec-6] DEBUG [dd1d6f10] [GET] [/api/v1/books/isbn/1234567890123] [127.0.0.1] c.o.s.s.e.service.BookService - ISBN으로 도서 조회 시작 - ISBN: 1234567890123
2026-04-29 12:07:37.329 [http-nio-8080-exec-6] DEBUG [dd1d6f10] [GET] [/api/v1/books/isbn/1234567890123] [127.0.0.1] org.hibernate.SQL - 
    select
        b1_0.book_id,
        b1_0.author,
        b1_0.available,
        b1_0.isbn,
        b1_0.publish_date,
        b1_0.publisher,
        b1_0.stock_quantity,
        b1_0.title 
    from
        tbl_book b1_0 
    where
        b1_0.isbn=?
2026-04-29 12:07:37.330 [http-nio-8080-exec-6] DEBUG [dd1d6f10] [GET] [/api/v1/books/isbn/1234567890123] [127.0.0.1] o.s.w.s.m.m.a.ExceptionHandlerExceptionResolver - Using @ExceptionHandler com.ohgiraffers.stability.section01.exception.handler.GlobalExceptionHandler#handleBookNotFoundException(BookNotFoundException, HttpServletRequest)
2026-04-29 12:07:37.330 [http-nio-8080-exec-6] WARN  [dd1d6f10] [GET] [/api/v1/books/isbn/1234567890123] [127.0.0.1] c.o.s.s.e.h.GlobalExceptionHandler - [s1][GlobalExceptionHandler] 도서 조회 실패: 해당 ISBN의 도서를 찾을 수 없습니다: 1234567890123
2026-04-29 12:07:37.330 [http-nio-8080-exec-6] DEBUG [dd1d6f10] [GET] [/api/v1/books/isbn/1234567890123] [127.0.0.1] o.s.w.s.m.m.a.HttpEntityMethodProcessor - Using 'application/json', given [*/*] and supported [application/json, application/*+json]
2026-04-29 12:07:37.330 [http-nio-8080-exec-6] DEBUG [dd1d6f10] [GET] [/api/v1/books/isbn/1234567890123] [127.0.0.1] o.s.w.s.m.m.a.HttpEntityMethodProcessor - Writing [ErrorResponse{errorCode='BOOK_NOT_FOUND_BY_ISBN', message='해당 ISBN의 도서를 찾을 수 없습니다: 1234567890123', t (truncated)...]
2026-04-29 12:07:37.331 [http-nio-8080-exec-6] WARN  [dd1d6f10] [GET] [/api/v1/books/isbn/1234567890123] [127.0.0.1] o.s.w.s.m.m.a.ExceptionHandlerExceptionResolver - Resolved [com.ohgiraffers.stability.section01.exception.exception.BookNotFoundException: 해당 ISBN의 도서를 찾을 수 없습니다: 1234567890123]
2026-04-29 12:07:37.331 [http-nio-8080-exec-6] DEBUG [dd1d6f10] [GET] [/api/v1/books/isbn/1234567890123] [127.0.0.1] o.s.web.servlet.DispatcherServlet - Completed 404 NOT_FOUND
2026-04-29 12:07:37.357 [http-nio-8080-exec-7] DEBUG [86bb5af1] [PATCH] [/api/v1/books/999/stock/increase] [127.0.0.1] o.s.web.servlet.DispatcherServlet - PATCH "/api/v1/books/999/stock/increase?quantity=5", parameters={masked}
2026-04-29 12:07:37.358 [http-nio-8080-exec-7] DEBUG [86bb5af1] [PATCH] [/api/v1/books/999/stock/increase] [127.0.0.1] o.s.w.s.m.m.a.RequestMappingHandlerMapping - Mapped to com.ohgiraffers.stability.section01.exception.controller.BookController#increaseStock(Long, int)
2026-04-29 12:07:37.358 [http-nio-8080-exec-7] INFO  [86bb5af1] [PATCH] [/api/v1/books/999/stock/increase] [127.0.0.1] c.o.s.s.e.controller.BookController - [s1][BookController] 재고 증가 요청 - 도서 ID: 999, 증가 수량: 5
2026-04-29 12:07:37.358 [http-nio-8080-exec-7] DEBUG [86bb5af1] [PATCH] [/api/v1/books/999/stock/increase] [127.0.0.1] c.o.s.s.e.service.BookService - 재고 증가 시작 - 도서 ID: 999, 증가 수량: 5
2026-04-29 12:07:37.358 [http-nio-8080-exec-7] DEBUG [86bb5af1] [PATCH] [/api/v1/books/999/stock/increase] [127.0.0.1] org.hibernate.SQL - 
    select
        b1_0.book_id,
        b1_0.author,
        b1_0.available,
        b1_0.isbn,
        b1_0.publish_date,
        b1_0.publisher,
        b1_0.stock_quantity,
        b1_0.title 
    from
        tbl_book b1_0 
    where
        b1_0.book_id=?
2026-04-29 12:07:37.359 [http-nio-8080-exec-7] DEBUG [86bb5af1] [PATCH] [/api/v1/books/999/stock/increase] [127.0.0.1] o.s.w.s.m.m.a.ExceptionHandlerExceptionResolver - Using @ExceptionHandler com.ohgiraffers.stability.section01.exception.handler.GlobalExceptionHandler#handleBookNotFoundException(BookNotFoundException, HttpServletRequest)
2026-04-29 12:07:37.359 [http-nio-8080-exec-7] WARN  [86bb5af1] [PATCH] [/api/v1/books/999/stock/increase] [127.0.0.1] c.o.s.s.e.h.GlobalExceptionHandler - [s1][GlobalExceptionHandler] 도서 조회 실패: 해당 ID의 도서를 찾을 수 없습니다: 999
2026-04-29 12:07:37.360 [http-nio-8080-exec-7] DEBUG [86bb5af1] [PATCH] [/api/v1/books/999/stock/increase] [127.0.0.1] o.s.w.s.m.m.a.HttpEntityMethodProcessor - Using 'application/json', given [*/*] and supported [application/json, application/*+json]
2026-04-29 12:07:37.360 [http-nio-8080-exec-7] DEBUG [86bb5af1] [PATCH] [/api/v1/books/999/stock/increase] [127.0.0.1] o.s.w.s.m.m.a.HttpEntityMethodProcessor - Writing [ErrorResponse{errorCode='BOOK_NOT_FOUND_BY_ID', message='해당 ID의 도서를 찾을 수 없습니다: 999', timestamp=2026- (truncated)...]
2026-04-29 12:07:37.360 [http-nio-8080-exec-7] WARN  [86bb5af1] [PATCH] [/api/v1/books/999/stock/increase] [127.0.0.1] o.s.w.s.m.m.a.ExceptionHandlerExceptionResolver - Resolved [com.ohgiraffers.stability.section01.exception.exception.BookNotFoundException: 해당 ID의 도서를 찾을 수 없습니다: 999]
2026-04-29 12:07:37.360 [http-nio-8080-exec-7] DEBUG [86bb5af1] [PATCH] [/api/v1/books/999/stock/increase] [127.0.0.1] o.s.web.servlet.DispatcherServlet - Completed 404 NOT_FOUND
2026-04-29 12:07:37.390 [http-nio-8080-exec-8] DEBUG [64ca9cf3] [PUT] [/api/v1/books/999] [127.0.0.1] o.s.web.servlet.DispatcherServlet - PUT "/api/v1/books/999", parameters={}
2026-04-29 12:07:37.390 [http-nio-8080-exec-8] DEBUG [64ca9cf3] [PUT] [/api/v1/books/999] [127.0.0.1] o.s.w.s.m.m.a.RequestMappingHandlerMapping - Mapped to com.ohgiraffers.stability.section01.exception.controller.BookController#updateBook(Long, BookDTO)
2026-04-29 12:07:37.391 [http-nio-8080-exec-8] DEBUG [64ca9cf3] [PUT] [/api/v1/books/999] [127.0.0.1] o.s.w.s.m.m.a.RequestResponseBodyMethodProcessor - Read "application/json;charset=UTF-8" to [BookDTO{bookId=null, isbn='null', title='존재하지 않는 도서', author='테스트', publisher='테스트', publishDate=202 (truncated)...]
2026-04-29 12:07:37.391 [http-nio-8080-exec-8] INFO  [64ca9cf3] [PUT] [/api/v1/books/999] [127.0.0.1] c.o.s.s.e.controller.BookController - [s1][BookController] 도서 정보 수정 요청 - ID: 999
2026-04-29 12:07:37.391 [http-nio-8080-exec-8] DEBUG [64ca9cf3] [PUT] [/api/v1/books/999] [127.0.0.1] c.o.s.s.e.service.BookService - 도서 정보 수정 시작 - ID: 999
2026-04-29 12:07:37.392 [http-nio-8080-exec-8] DEBUG [64ca9cf3] [PUT] [/api/v1/books/999] [127.0.0.1] org.hibernate.SQL - 
    select
        b1_0.book_id,
        b1_0.author,
        b1_0.available,
        b1_0.isbn,
        b1_0.publish_date,
        b1_0.publisher,
        b1_0.stock_quantity,
        b1_0.title 
    from
        tbl_book b1_0 
    where
        b1_0.book_id=?
2026-04-29 12:07:37.393 [http-nio-8080-exec-8] DEBUG [64ca9cf3] [PUT] [/api/v1/books/999] [127.0.0.1] o.s.w.s.m.m.a.ExceptionHandlerExceptionResolver - Using @ExceptionHandler com.ohgiraffers.stability.section01.exception.handler.GlobalExceptionHandler#handleBookNotFoundException(BookNotFoundException, HttpServletRequest)
2026-04-29 12:07:37.393 [http-nio-8080-exec-8] WARN  [64ca9cf3] [PUT] [/api/v1/books/999] [127.0.0.1] c.o.s.s.e.h.GlobalExceptionHandler - [s1][GlobalExceptionHandler] 도서 조회 실패: 해당 ID의 도서를 찾을 수 없습니다: 999
2026-04-29 12:07:37.393 [http-nio-8080-exec-8] DEBUG [64ca9cf3] [PUT] [/api/v1/books/999] [127.0.0.1] o.s.w.s.m.m.a.HttpEntityMethodProcessor - Using 'application/json', given [*/*] and supported [application/json, application/*+json]
2026-04-29 12:07:37.393 [http-nio-8080-exec-8] DEBUG [64ca9cf3] [PUT] [/api/v1/books/999] [127.0.0.1] o.s.w.s.m.m.a.HttpEntityMethodProcessor - Writing [ErrorResponse{errorCode='BOOK_NOT_FOUND_BY_ID', message='해당 ID의 도서를 찾을 수 없습니다: 999', timestamp=2026- (truncated)...]
2026-04-29 12:07:37.394 [http-nio-8080-exec-8] WARN  [64ca9cf3] [PUT] [/api/v1/books/999] [127.0.0.1] o.s.w.s.m.m.a.ExceptionHandlerExceptionResolver - Resolved [com.ohgiraffers.stability.section01.exception.exception.BookNotFoundException: 해당 ID의 도서를 찾을 수 없습니다: 999]
2026-04-29 12:07:37.394 [http-nio-8080-exec-8] DEBUG [64ca9cf3] [PUT] [/api/v1/books/999] [127.0.0.1] o.s.web.servlet.DispatcherServlet - Completed 404 NOT_FOUND
2026-04-29 12:07:37.414 [http-nio-8080-exec-10] DEBUG [36e69b24] [DELETE] [/api/v1/books/999] [127.0.0.1] o.s.web.servlet.DispatcherServlet - DELETE "/api/v1/books/999", parameters={}
2026-04-29 12:07:37.415 [http-nio-8080-exec-10] DEBUG [36e69b24] [DELETE] [/api/v1/books/999] [127.0.0.1] o.s.w.s.m.m.a.RequestMappingHandlerMapping - Mapped to com.ohgiraffers.stability.section01.exception.controller.BookController#deleteBook(Long)
2026-04-29 12:07:37.415 [http-nio-8080-exec-10] INFO  [36e69b24] [DELETE] [/api/v1/books/999] [127.0.0.1] c.o.s.s.e.controller.BookController - [s1][BookController] 도서 삭제 요청 - ID: 999
2026-04-29 12:07:37.415 [http-nio-8080-exec-10] DEBUG [36e69b24] [DELETE] [/api/v1/books/999] [127.0.0.1] c.o.s.s.e.service.BookService - 도서 삭제 시작 - ID: 999
2026-04-29 12:07:37.416 [http-nio-8080-exec-10] DEBUG [36e69b24] [DELETE] [/api/v1/books/999] [127.0.0.1] org.hibernate.SQL - 
    select
        b1_0.book_id,
        b1_0.author,
        b1_0.available,
        b1_0.isbn,
        b1_0.publish_date,
        b1_0.publisher,
        b1_0.stock_quantity,
        b1_0.title 
    from
        tbl_book b1_0 
    where
        b1_0.book_id=?
2026-04-29 12:07:37.417 [http-nio-8080-exec-10] DEBUG [36e69b24] [DELETE] [/api/v1/books/999] [127.0.0.1] o.s.w.s.m.m.a.ExceptionHandlerExceptionResolver - Using @ExceptionHandler com.ohgiraffers.stability.section01.exception.handler.GlobalExceptionHandler#handleBookNotFoundException(BookNotFoundException, HttpServletRequest)
2026-04-29 12:07:37.417 [http-nio-8080-exec-10] WARN  [36e69b24] [DELETE] [/api/v1/books/999] [127.0.0.1] c.o.s.s.e.h.GlobalExceptionHandler - [s1][GlobalExceptionHandler] 도서 조회 실패: 해당 ID의 도서를 찾을 수 없습니다: 999
2026-04-29 12:07:37.417 [http-nio-8080-exec-10] DEBUG [36e69b24] [DELETE] [/api/v1/books/999] [127.0.0.1] o.s.w.s.m.m.a.HttpEntityMethodProcessor - Using 'application/json', given [*/*] and supported [application/json, application/*+json]
2026-04-29 12:07:37.417 [http-nio-8080-exec-10] DEBUG [36e69b24] [DELETE] [/api/v1/books/999] [127.0.0.1] o.s.w.s.m.m.a.HttpEntityMethodProcessor - Writing [ErrorResponse{errorCode='BOOK_NOT_FOUND_BY_ID', message='해당 ID의 도서를 찾을 수 없습니다: 999', timestamp=2026- (truncated)...]
2026-04-29 12:07:37.418 [http-nio-8080-exec-10] WARN  [36e69b24] [DELETE] [/api/v1/books/999] [127.0.0.1] o.s.w.s.m.m.a.ExceptionHandlerExceptionResolver - Resolved [com.ohgiraffers.stability.section01.exception.exception.BookNotFoundException: 해당 ID의 도서를 찾을 수 없습니다: 999]
2026-04-29 12:07:37.418 [http-nio-8080-exec-10] DEBUG [36e69b24] [DELETE] [/api/v1/books/999] [127.0.0.1] o.s.web.servlet.DispatcherServlet - Completed 404 NOT_FOUND
2026-04-29 12:07:37.438 [http-nio-8080-exec-9] DEBUG [bc7f5a21] [POST] [/api/v1/books] [127.0.0.1] o.s.web.servlet.DispatcherServlet - POST "/api/v1/books", parameters={}
2026-04-29 12:07:37.438 [http-nio-8080-exec-9] DEBUG [bc7f5a21] [POST] [/api/v1/books] [127.0.0.1] o.s.w.s.m.m.a.RequestMappingHandlerMapping - Mapped to com.ohgiraffers.stability.section01.exception.controller.BookController#registerBook(BookDTO)
2026-04-29 12:07:37.439 [http-nio-8080-exec-9] DEBUG [bc7f5a21] [POST] [/api/v1/books] [127.0.0.1] o.s.w.s.m.m.a.RequestResponseBodyMethodProcessor - Read "application/json;charset=UTF-8" to [BookDTO{bookId=null, isbn='9788966262281', title='중복 ISBN 테스트 도서', author='테스트 저자', publisher='테스트 출 (truncated)...]
2026-04-29 12:07:37.439 [http-nio-8080-exec-9] INFO  [bc7f5a21] [POST] [/api/v1/books] [127.0.0.1] c.o.s.s.e.controller.BookController - [s1][BookController] 도서 등록 요청 - ISBN: 9788966262281, 제목: 중복 ISBN 테스트 도서
2026-04-29 12:07:37.439 [http-nio-8080-exec-9] DEBUG [bc7f5a21] [POST] [/api/v1/books] [127.0.0.1] c.o.s.s.e.service.BookService - 도서 등록 시작 - ISBN: 9788966262281, 제목: 중복 ISBN 테스트 도서
2026-04-29 12:07:37.440 [http-nio-8080-exec-9] DEBUG [bc7f5a21] [POST] [/api/v1/books] [127.0.0.1] org.hibernate.SQL - 
    select
        b1_0.book_id 
    from
        tbl_book b1_0 
    where
        b1_0.isbn=? 
    fetch
        first ? rows only
2026-04-29 12:07:37.442 [http-nio-8080-exec-9] DEBUG [bc7f5a21] [POST] [/api/v1/books] [127.0.0.1] o.s.w.s.m.m.a.ExceptionHandlerExceptionResolver - Using @ExceptionHandler com.ohgiraffers.stability.section01.exception.handler.GlobalExceptionHandler#handleDuplicateIsbnException(DuplicateIsbnException, HttpServletRequest)
2026-04-29 12:07:37.442 [http-nio-8080-exec-9] WARN  [bc7f5a21] [POST] [/api/v1/books] [127.0.0.1] c.o.s.s.e.h.GlobalExceptionHandler - [s1][GlobalExceptionHandler] 중복 ISBN 등록 시도: 이미 존재하는 ISBN입니다: 9788966262281
2026-04-29 12:07:37.443 [http-nio-8080-exec-9] DEBUG [bc7f5a21] [POST] [/api/v1/books] [127.0.0.1] o.s.w.s.m.m.a.HttpEntityMethodProcessor - Using 'application/json', given [*/*] and supported [application/json, application/*+json]
2026-04-29 12:07:37.443 [http-nio-8080-exec-9] DEBUG [bc7f5a21] [POST] [/api/v1/books] [127.0.0.1] o.s.w.s.m.m.a.HttpEntityMethodProcessor - Writing [ErrorResponse{errorCode='DUPLICATE_ISBN', message='이미 존재하는 ISBN입니다: 9788966262281', timestamp=2026-0 (truncated)...]
2026-04-29 12:07:37.443 [http-nio-8080-exec-9] WARN  [bc7f5a21] [POST] [/api/v1/books] [127.0.0.1] o.s.w.s.m.m.a.ExceptionHandlerExceptionResolver - Resolved [com.ohgiraffers.stability.section01.exception.exception.DuplicateIsbnException: 이미 존재하는 ISBN입니다: 9788966262281]
2026-04-29 12:07:37.443 [http-nio-8080-exec-9] DEBUG [bc7f5a21] [POST] [/api/v1/books] [127.0.0.1] o.s.web.servlet.DispatcherServlet - Completed 409 CONFLICT
2026-04-29 12:07:37.462 [http-nio-8080-exec-1] DEBUG [1447f2fb] [GET] [/api/v1/books/3] [127.0.0.1] o.s.web.servlet.DispatcherServlet - GET "/api/v1/books/3", parameters={}
2026-04-29 12:07:37.462 [http-nio-8080-exec-1] DEBUG [1447f2fb] [GET] [/api/v1/books/3] [127.0.0.1] o.s.w.s.m.m.a.RequestMappingHandlerMapping - Mapped to com.ohgiraffers.stability.section01.exception.controller.BookController#getBookById(Long)
2026-04-29 12:07:37.463 [http-nio-8080-exec-1] INFO  [1447f2fb] [GET] [/api/v1/books/3] [127.0.0.1] c.o.s.s.e.controller.BookController - [s1][BookController] 도서 조회 요청 - ID: 3
2026-04-29 12:07:37.463 [http-nio-8080-exec-1] DEBUG [1447f2fb] [GET] [/api/v1/books/3] [127.0.0.1] c.o.s.s.e.service.BookService - 도서 조회 시작 - ID: 3
2026-04-29 12:07:37.463 [http-nio-8080-exec-1] DEBUG [1447f2fb] [GET] [/api/v1/books/3] [127.0.0.1] org.hibernate.SQL - 
    select
        b1_0.book_id,
        b1_0.author,
        b1_0.available,
        b1_0.isbn,
        b1_0.publish_date,
        b1_0.publisher,
        b1_0.stock_quantity,
        b1_0.title 
    from
        tbl_book b1_0 
    where
        b1_0.book_id=?
2026-04-29 12:07:37.464 [http-nio-8080-exec-1] DEBUG [1447f2fb] [GET] [/api/v1/books/3] [127.0.0.1] c.o.s.s.e.service.BookService - 도서 조회 완료 - 제목: Effective Java 3/E
2026-04-29 12:07:37.464 [http-nio-8080-exec-1] INFO  [1447f2fb] [GET] [/api/v1/books/3] [127.0.0.1] c.o.s.s.e.controller.BookController - [s1][BookController] 도서 조회 완료 - ID: 3, 제목: Effective Java 3/E
2026-04-29 12:07:37.464 [http-nio-8080-exec-1] DEBUG [1447f2fb] [GET] [/api/v1/books/3] [127.0.0.1] o.s.w.s.m.m.a.HttpEntityMethodProcessor - Using 'application/json', given [*/*] and supported [application/json, application/*+json]
2026-04-29 12:07:37.464 [http-nio-8080-exec-1] DEBUG [1447f2fb] [GET] [/api/v1/books/3] [127.0.0.1] o.s.w.s.m.m.a.HttpEntityMethodProcessor - Writing [BookDTO{bookId=3, isbn='9788960773417', title='Effective Java 3/E', author='조슈아 블로크', publisher='인사이 (truncated)...]
2026-04-29 12:07:37.465 [http-nio-8080-exec-1] DEBUG [1447f2fb] [GET] [/api/v1/books/3] [127.0.0.1] o.s.web.servlet.DispatcherServlet - Completed 200 OK
2026-04-29 12:07:37.485 [http-nio-8080-exec-3] DEBUG [68122703] [PATCH] [/api/v1/books/3/stock/decrease] [127.0.0.1] o.s.web.servlet.DispatcherServlet - PATCH "/api/v1/books/3/stock/decrease?quantity=10", parameters={masked}
2026-04-29 12:07:37.485 [http-nio-8080-exec-3] DEBUG [68122703] [PATCH] [/api/v1/books/3/stock/decrease] [127.0.0.1] o.s.w.s.m.m.a.RequestMappingHandlerMapping - Mapped to com.ohgiraffers.stability.section01.exception.controller.BookController#decreaseStock(Long, int)
2026-04-29 12:07:37.486 [http-nio-8080-exec-3] INFO  [68122703] [PATCH] [/api/v1/books/3/stock/decrease] [127.0.0.1] c.o.s.s.e.controller.BookController - [s1][BookController] 재고 감소 요청 - 도서 ID: 3, 감소 수량: 10
2026-04-29 12:07:37.486 [http-nio-8080-exec-3] DEBUG [68122703] [PATCH] [/api/v1/books/3/stock/decrease] [127.0.0.1] c.o.s.s.e.service.BookService - 재고 감소 시작 - 도서 ID: 3, 감소 수량: 10
2026-04-29 12:07:37.486 [http-nio-8080-exec-3] DEBUG [68122703] [PATCH] [/api/v1/books/3/stock/decrease] [127.0.0.1] org.hibernate.SQL - 
    select
        b1_0.book_id,
        b1_0.author,
        b1_0.available,
        b1_0.isbn,
        b1_0.publish_date,
        b1_0.publisher,
        b1_0.stock_quantity,
        b1_0.title 
    from
        tbl_book b1_0 
    where
        b1_0.book_id=?
2026-04-29 12:07:37.487 [http-nio-8080-exec-3] DEBUG [68122703] [PATCH] [/api/v1/books/3/stock/decrease] [127.0.0.1] o.s.w.s.m.m.a.ExceptionHandlerExceptionResolver - Using @ExceptionHandler com.ohgiraffers.stability.section01.exception.handler.GlobalExceptionHandler#handleInsufficientStockException(InsufficientStockException, HttpServletRequest)
2026-04-29 12:07:37.487 [http-nio-8080-exec-3] WARN  [68122703] [PATCH] [/api/v1/books/3/stock/decrease] [127.0.0.1] c.o.s.s.e.h.GlobalExceptionHandler - [s1][GlobalExceptionHandler] 재고 부족: 재고가 부족합니다. 도서: Effective Java 3/E, 요청 수량: 10, 현재 재고: 3
2026-04-29 12:07:37.488 [http-nio-8080-exec-3] DEBUG [68122703] [PATCH] [/api/v1/books/3/stock/decrease] [127.0.0.1] o.s.w.s.m.m.a.HttpEntityMethodProcessor - Using 'application/json', given [*/*] and supported [application/json, application/*+json]
2026-04-29 12:07:37.488 [http-nio-8080-exec-3] DEBUG [68122703] [PATCH] [/api/v1/books/3/stock/decrease] [127.0.0.1] o.s.w.s.m.m.a.HttpEntityMethodProcessor - Writing [ErrorResponse{errorCode='INSUFFICIENT_STOCK', message='재고가 부족합니다. 도서: Effective Java 3/E, 요청 수량: 10, (truncated)...]
2026-04-29 12:07:37.489 [http-nio-8080-exec-3] WARN  [68122703] [PATCH] [/api/v1/books/3/stock/decrease] [127.0.0.1] o.s.w.s.m.m.a.ExceptionHandlerExceptionResolver - Resolved [com.ohgiraffers.stability.section01.exception.exception.InsufficientStockException: 재고가 부족합니다. 도서: Effective Java 3/E, 요청 수량: 10, 현재 재고: 3]
2026-04-29 12:07:37.489 [http-nio-8080-exec-3] DEBUG [68122703] [PATCH] [/api/v1/books/3/stock/decrease] [127.0.0.1] o.s.web.servlet.DispatcherServlet - Completed 400 BAD_REQUEST
2026-04-29 12:07:37.511 [http-nio-8080-exec-2] DEBUG [19f2006c] [PATCH] [/api/v1/books/3/stock/decrease] [127.0.0.1] o.s.web.servlet.DispatcherServlet - PATCH "/api/v1/books/3/stock/decrease?quantity=3", parameters={masked}
2026-04-29 12:07:37.511 [http-nio-8080-exec-2] DEBUG [19f2006c] [PATCH] [/api/v1/books/3/stock/decrease] [127.0.0.1] o.s.w.s.m.m.a.RequestMappingHandlerMapping - Mapped to com.ohgiraffers.stability.section01.exception.controller.BookController#decreaseStock(Long, int)
2026-04-29 12:07:37.511 [http-nio-8080-exec-2] INFO  [19f2006c] [PATCH] [/api/v1/books/3/stock/decrease] [127.0.0.1] c.o.s.s.e.controller.BookController - [s1][BookController] 재고 감소 요청 - 도서 ID: 3, 감소 수량: 3
2026-04-29 12:07:37.511 [http-nio-8080-exec-2] DEBUG [19f2006c] [PATCH] [/api/v1/books/3/stock/decrease] [127.0.0.1] c.o.s.s.e.service.BookService - 재고 감소 시작 - 도서 ID: 3, 감소 수량: 3
2026-04-29 12:07:37.511 [http-nio-8080-exec-2] DEBUG [19f2006c] [PATCH] [/api/v1/books/3/stock/decrease] [127.0.0.1] org.hibernate.SQL - 
    select
        b1_0.book_id,
        b1_0.author,
        b1_0.available,
        b1_0.isbn,
        b1_0.publish_date,
        b1_0.publisher,
        b1_0.stock_quantity,
        b1_0.title 
    from
        tbl_book b1_0 
    where
        b1_0.book_id=?
2026-04-29 12:07:37.512 [http-nio-8080-exec-2] INFO  [19f2006c] [PATCH] [/api/v1/books/3/stock/decrease] [127.0.0.1] c.o.s.s.e.service.BookService - [s1][BookService] 재고 감소 완료 - 도서 ID: 3, 현재 재고: 0
2026-04-29 12:07:37.513 [http-nio-8080-exec-2] DEBUG [19f2006c] [PATCH] [/api/v1/books/3/stock/decrease] [127.0.0.1] org.hibernate.SQL - 
    update
        tbl_book 
    set
        author=?,
        available=?,
        isbn=?,
        publish_date=?,
        publisher=?,
        stock_quantity=?,
        title=? 
    where
        book_id=?
2026-04-29 12:07:37.514 [http-nio-8080-exec-2] INFO  [19f2006c] [PATCH] [/api/v1/books/3/stock/decrease] [127.0.0.1] c.o.s.s.e.controller.BookController - [s1][BookController] 재고 감소 완료 - 도서 ID: 3, 현재 재고: 0
2026-04-29 12:07:37.514 [http-nio-8080-exec-2] DEBUG [19f2006c] [PATCH] [/api/v1/books/3/stock/decrease] [127.0.0.1] o.s.w.s.m.m.a.HttpEntityMethodProcessor - Using 'application/json', given [*/*] and supported [application/json, application/*+json]
2026-04-29 12:07:37.514 [http-nio-8080-exec-2] DEBUG [19f2006c] [PATCH] [/api/v1/books/3/stock/decrease] [127.0.0.1] o.s.w.s.m.m.a.HttpEntityMethodProcessor - Writing [BookDTO{bookId=3, isbn='9788960773417', title='Effective Java 3/E', author='조슈아 블로크', publisher='인사이 (truncated)...]
2026-04-29 12:07:37.515 [http-nio-8080-exec-2] DEBUG [19f2006c] [PATCH] [/api/v1/books/3/stock/decrease] [127.0.0.1] o.s.web.servlet.DispatcherServlet - Completed 200 OK
2026-04-29 12:07:37.536 [http-nio-8080-exec-4] DEBUG [f57118d4] [PATCH] [/api/v1/books/1/stock/increase] [127.0.0.1] o.s.web.servlet.DispatcherServlet - PATCH "/api/v1/books/1/stock/increase?quantity=-5", parameters={masked}
2026-04-29 12:07:37.536 [http-nio-8080-exec-4] DEBUG [f57118d4] [PATCH] [/api/v1/books/1/stock/increase] [127.0.0.1] o.s.w.s.m.m.a.RequestMappingHandlerMapping - Mapped to com.ohgiraffers.stability.section01.exception.controller.BookController#increaseStock(Long, int)
2026-04-29 12:07:37.537 [http-nio-8080-exec-4] INFO  [f57118d4] [PATCH] [/api/v1/books/1/stock/increase] [127.0.0.1] c.o.s.s.e.controller.BookController - [s1][BookController] 재고 증가 요청 - 도서 ID: 1, 증가 수량: -5
2026-04-29 12:07:37.537 [http-nio-8080-exec-4] DEBUG [f57118d4] [PATCH] [/api/v1/books/1/stock/increase] [127.0.0.1] c.o.s.s.e.service.BookService - 재고 증가 시작 - 도서 ID: 1, 증가 수량: -5
2026-04-29 12:07:37.538 [http-nio-8080-exec-4] DEBUG [f57118d4] [PATCH] [/api/v1/books/1/stock/increase] [127.0.0.1] org.hibernate.SQL - 
    select
        b1_0.book_id,
        b1_0.author,
        b1_0.available,
        b1_0.isbn,
        b1_0.publish_date,
        b1_0.publisher,
        b1_0.stock_quantity,
        b1_0.title 
    from
        tbl_book b1_0 
    where
        b1_0.book_id=?
2026-04-29 12:07:37.538 [http-nio-8080-exec-4] INFO  [f57118d4] [PATCH] [/api/v1/books/1/stock/increase] [127.0.0.1] c.o.s.s.e.service.BookService - [s1][BookService] 재고 증가 완료 - 도서 ID: 1, 현재 재고: 7
2026-04-29 12:07:37.539 [http-nio-8080-exec-4] DEBUG [f57118d4] [PATCH] [/api/v1/books/1/stock/increase] [127.0.0.1] org.hibernate.SQL - 
    update
        tbl_book 
    set
        author=?,
        available=?,
        isbn=?,
        publish_date=?,
        publisher=?,
        stock_quantity=?,
        title=? 
    where
        book_id=?
2026-04-29 12:07:37.539 [http-nio-8080-exec-4] INFO  [f57118d4] [PATCH] [/api/v1/books/1/stock/increase] [127.0.0.1] c.o.s.s.e.controller.BookController - [s1][BookController] 재고 증가 완료 - 도서 ID: 1, 현재 재고: 7
2026-04-29 12:07:37.540 [http-nio-8080-exec-4] DEBUG [f57118d4] [PATCH] [/api/v1/books/1/stock/increase] [127.0.0.1] o.s.w.s.m.m.a.HttpEntityMethodProcessor - Using 'application/json', given [*/*] and supported [application/json, application/*+json]
2026-04-29 12:07:37.540 [http-nio-8080-exec-4] DEBUG [f57118d4] [PATCH] [/api/v1/books/1/stock/increase] [127.0.0.1] o.s.w.s.m.m.a.HttpEntityMethodProcessor - Writing [BookDTO{bookId=1, isbn='9788966262281', title='스프링 부트와 AWS로 혼자 구현하는 웹 서비스 (개정판)', author='이동욱', publ (truncated)...]
2026-04-29 12:07:37.540 [http-nio-8080-exec-4] DEBUG [f57118d4] [PATCH] [/api/v1/books/1/stock/increase] [127.0.0.1] o.s.web.servlet.DispatcherServlet - Completed 200 OK
2026-04-29 12:07:37.560 [http-nio-8080-exec-5] DEBUG [c337a449] [PATCH] [/api/v1/books/1/stock/decrease] [127.0.0.1] o.s.web.servlet.DispatcherServlet - PATCH "/api/v1/books/1/stock/decrease?quantity=-3", parameters={masked}
2026-04-29 12:07:37.561 [http-nio-8080-exec-5] DEBUG [c337a449] [PATCH] [/api/v1/books/1/stock/decrease] [127.0.0.1] o.s.w.s.m.m.a.RequestMappingHandlerMapping - Mapped to com.ohgiraffers.stability.section01.exception.controller.BookController#decreaseStock(Long, int)
2026-04-29 12:07:37.561 [http-nio-8080-exec-5] INFO  [c337a449] [PATCH] [/api/v1/books/1/stock/decrease] [127.0.0.1] c.o.s.s.e.controller.BookController - [s1][BookController] 재고 감소 요청 - 도서 ID: 1, 감소 수량: -3
2026-04-29 12:07:37.561 [http-nio-8080-exec-5] DEBUG [c337a449] [PATCH] [/api/v1/books/1/stock/decrease] [127.0.0.1] c.o.s.s.e.service.BookService - 재고 감소 시작 - 도서 ID: 1, 감소 수량: -3
2026-04-29 12:07:37.562 [http-nio-8080-exec-5] DEBUG [c337a449] [PATCH] [/api/v1/books/1/stock/decrease] [127.0.0.1] org.hibernate.SQL - 
    select
        b1_0.book_id,
        b1_0.author,
        b1_0.available,
        b1_0.isbn,
        b1_0.publish_date,
        b1_0.publisher,
        b1_0.stock_quantity,
        b1_0.title 
    from
        tbl_book b1_0 
    where
        b1_0.book_id=?
2026-04-29 12:07:37.562 [http-nio-8080-exec-5] INFO  [c337a449] [PATCH] [/api/v1/books/1/stock/decrease] [127.0.0.1] c.o.s.s.e.service.BookService - [s1][BookService] 재고 감소 완료 - 도서 ID: 1, 현재 재고: 10
2026-04-29 12:07:37.563 [http-nio-8080-exec-5] DEBUG [c337a449] [PATCH] [/api/v1/books/1/stock/decrease] [127.0.0.1] org.hibernate.SQL - 
    update
        tbl_book 
    set
        author=?,
        available=?,
        isbn=?,
        publish_date=?,
        publisher=?,
        stock_quantity=?,
        title=? 
    where
        book_id=?
2026-04-29 12:07:37.563 [http-nio-8080-exec-5] INFO  [c337a449] [PATCH] [/api/v1/books/1/stock/decrease] [127.0.0.1] c.o.s.s.e.controller.BookController - [s1][BookController] 재고 감소 완료 - 도서 ID: 1, 현재 재고: 10
2026-04-29 12:07:37.564 [http-nio-8080-exec-5] DEBUG [c337a449] [PATCH] [/api/v1/books/1/stock/decrease] [127.0.0.1] o.s.w.s.m.m.a.HttpEntityMethodProcessor - Using 'application/json', given [*/*] and supported [application/json, application/*+json]
2026-04-29 12:07:37.564 [http-nio-8080-exec-5] DEBUG [c337a449] [PATCH] [/api/v1/books/1/stock/decrease] [127.0.0.1] o.s.w.s.m.m.a.HttpEntityMethodProcessor - Writing [BookDTO{bookId=1, isbn='9788966262281', title='스프링 부트와 AWS로 혼자 구현하는 웹 서비스 (개정판)', author='이동욱', publ (truncated)...]
2026-04-29 12:07:37.565 [http-nio-8080-exec-5] DEBUG [c337a449] [PATCH] [/api/v1/books/1/stock/decrease] [127.0.0.1] o.s.web.servlet.DispatcherServlet - Completed 200 OK
2026-04-29 12:07:37.585 [http-nio-8080-exec-6] DEBUG [6e030b65] [POST] [/api/v1/books] [127.0.0.1] o.s.web.servlet.DispatcherServlet - POST "/api/v1/books", parameters={}
2026-04-29 12:07:37.585 [http-nio-8080-exec-6] DEBUG [6e030b65] [POST] [/api/v1/books] [127.0.0.1] o.s.w.s.m.m.a.RequestMappingHandlerMapping - Mapped to com.ohgiraffers.stability.section01.exception.controller.BookController#registerBook(BookDTO)
2026-04-29 12:07:37.590 [http-nio-8080-exec-6] DEBUG [6e030b65] [POST] [/api/v1/books] [127.0.0.1] o.s.web.method.HandlerMethod - Could not resolve parameter [0] in public org.springframework.http.ResponseEntity<com.ohgiraffers.stability.section01.exception.dto.BookDTO> com.ohgiraffers.stability.section01.exception.controller.BookController.registerBook(com.ohgiraffers.stability.section01.exception.dto.BookDTO): JSON parse error: Cannot deserialize value of type `java.time.LocalDate` from String "잘못된 날짜 형식": Failed to deserialize java.time.LocalDate: (java.time.format.DateTimeParseException) Text '잘못된 날짜 형식' could not be parsed at index 0
2026-04-29 12:07:37.590 [http-nio-8080-exec-6] DEBUG [6e030b65] [POST] [/api/v1/books] [127.0.0.1] o.s.w.s.m.m.a.ExceptionHandlerExceptionResolver - Using @ExceptionHandler com.ohgiraffers.stability.section01.exception.handler.GlobalExceptionHandler#handleGenericException(Exception, HttpServletRequest)
2026-04-29 12:07:37.590 [http-nio-8080-exec-6] ERROR [6e030b65] [POST] [/api/v1/books] [127.0.0.1] c.o.s.s.e.h.GlobalExceptionHandler - [s1][GlobalExceptionHandler] 예상하지 못한 오류 발생
org.springframework.http.converter.HttpMessageNotReadableException: JSON parse error: Cannot deserialize value of type `java.time.LocalDate` from String "잘못된 날짜 형식": Failed to deserialize java.time.LocalDate: (java.time.format.DateTimeParseException) Text '잘못된 날짜 형식' could not be parsed at index 0
	at org.springframework.http.converter.json.AbstractJackson2HttpMessageConverter.readJavaType(AbstractJackson2HttpMessageConverter.java:408)
	at org.springframework.http.converter.json.AbstractJackson2HttpMessageConverter.read(AbstractJackson2HttpMessageConverter.java:356)
	at org.springframework.web.servlet.mvc.method.annotation.AbstractMessageConverterMethodArgumentResolver.readWithMessageConverters(AbstractMessageConverterMethodArgumentResolver.java:204)
	at org.springframework.web.servlet.mvc.method.annotation.RequestResponseBodyMethodProcessor.readWithMessageConverters(RequestResponseBodyMethodProcessor.java:176)
	at org.springframework.web.servlet.mvc.method.annotation.RequestResponseBodyMethodProcessor.resolveArgument(RequestResponseBodyMethodProcessor.java:150)
	at org.springframework.web.method.support.HandlerMethodArgumentResolverComposite.resolveArgument(HandlerMethodArgumentResolverComposite.java:122)
	at org.springframework.web.method.support.InvocableHandlerMethod.getMethodArgumentValues(InvocableHandlerMethod.java:227)
	at org.springframework.web.method.support.InvocableHandlerMethod.invokeForRequest(InvocableHandlerMethod.java:181)
	at org.springframework.web.servlet.mvc.method.annotation.ServletInvocableHandlerMethod.invokeAndHandle(ServletInvocableHandlerMethod.java:118)
	at org.springframework.web.servlet.mvc.method.annotation.RequestMappingHandlerAdapter.invokeHandlerMethod(RequestMappingHandlerAdapter.java:991)
	at org.springframework.web.servlet.mvc.method.annotation.RequestMappingHandlerAdapter.handleInternal(RequestMappingHandlerAdapter.java:896)
	at org.springframework.web.servlet.mvc.method.AbstractHandlerMethodAdapter.handle(AbstractHandlerMethodAdapter.java:87)
	at org.springframework.web.servlet.DispatcherServlet.doDispatch(DispatcherServlet.java:1089)
	at org.springframework.web.servlet.DispatcherServlet.doService(DispatcherServlet.java:979)
	at org.springframework.web.servlet.FrameworkServlet.processRequest(FrameworkServlet.java:1014)
	at org.springframework.web.servlet.FrameworkServlet.doPost(FrameworkServlet.java:914)
	at jakarta.servlet.http.HttpServlet.service(HttpServlet.java:590)
	at org.springframework.web.servlet.FrameworkServlet.service(FrameworkServlet.java:885)
	at jakarta.servlet.http.HttpServlet.service(HttpServlet.java:658)
	at org.apache.catalina.core.ApplicationFilterChain.internalDoFilter(ApplicationFilterChain.java:193)
	at org.apache.catalina.core.ApplicationFilterChain.doFilter(ApplicationFilterChain.java:138)
	at org.apache.tomcat.websocket.server.WsFilter.doFilter(WsFilter.java:51)
	at org.apache.catalina.core.ApplicationFilterChain.internalDoFilter(ApplicationFilterChain.java:162)
	at org.apache.catalina.core.ApplicationFilterChain.doFilter(ApplicationFilterChain.java:138)
	at com.ohgiraffers.stability.section02.logging.config.LoggingConfig$1.doFilterInternal(LoggingConfig.java:79)
	at org.springframework.web.filter.OncePerRequestFilter.doFilter(OncePerRequestFilter.java:116)
	at org.apache.catalina.core.ApplicationFilterChain.internalDoFilter(ApplicationFilterChain.java:162)
	at org.apache.catalina.core.ApplicationFilterChain.doFilter(ApplicationFilterChain.java:138)
	at org.springframework.web.filter.RequestContextFilter.doFilterInternal(RequestContextFilter.java:100)
	at org.springframework.web.filter.OncePerRequestFilter.doFilter(OncePerRequestFilter.java:116)
	at org.apache.catalina.core.ApplicationFilterChain.internalDoFilter(ApplicationFilterChain.java:162)
	at org.apache.catalina.core.ApplicationFilterChain.doFilter(ApplicationFilterChain.java:138)
	at org.springframework.web.filter.FormContentFilter.doFilterInternal(FormContentFilter.java:93)
	at org.springframework.web.filter.OncePerRequestFilter.doFilter(OncePerRequestFilter.java:116)
	at org.apache.catalina.core.ApplicationFilterChain.internalDoFilter(ApplicationFilterChain.java:162)
	at org.apache.catalina.core.ApplicationFilterChain.doFilter(ApplicationFilterChain.java:138)
	at org.springframework.web.filter.CharacterEncodingFilter.doFilterInternal(CharacterEncodingFilter.java:201)
	at org.springframework.web.filter.OncePerRequestFilter.doFilter(OncePerRequestFilter.java:116)
	at org.apache.catalina.core.ApplicationFilterChain.internalDoFilter(ApplicationFilterChain.java:162)
	at org.apache.catalina.core.ApplicationFilterChain.doFilter(ApplicationFilterChain.java:138)
	at org.apache.catalina.core.StandardWrapperValve.invoke(StandardWrapperValve.java:165)
	at org.apache.catalina.core.StandardContextValve.invoke(StandardContextValve.java:88)
	at org.apache.catalina.authenticator.AuthenticatorBase.invoke(AuthenticatorBase.java:482)
	at org.apache.catalina.core.StandardHostValve.invoke(StandardHostValve.java:113)
	at org.apache.catalina.valves.ErrorReportValve.invoke(ErrorReportValve.java:83)
	at org.apache.catalina.core.StandardEngineValve.invoke(StandardEngineValve.java:72)
	at org.apache.catalina.connector.CoyoteAdapter.service(CoyoteAdapter.java:342)
	at org.apache.coyote.http11.Http11Processor.service(Http11Processor.java:399)
	at org.apache.coyote.AbstractProcessorLight.process(AbstractProcessorLight.java:63)
	at org.apache.coyote.AbstractProtocol$ConnectionHandler.process(AbstractProtocol.java:903)
	at org.apache.tomcat.util.net.NioEndpoint$SocketProcessor.doRun(NioEndpoint.java:1774)
	at org.apache.tomcat.util.net.SocketProcessorBase.run(SocketProcessorBase.java:52)
	at org.apache.tomcat.util.threads.ThreadPoolExecutor.runWorker(ThreadPoolExecutor.java:973)
	at org.apache.tomcat.util.threads.ThreadPoolExecutor$Worker.run(ThreadPoolExecutor.java:491)
	at org.apache.tomcat.util.threads.TaskThread$WrappingRunnable.run(TaskThread.java:63)
	at java.base/java.lang.Thread.run(Thread.java:840)
Caused by: com.fasterxml.jackson.databind.exc.InvalidFormatException: Cannot deserialize value of type `java.time.LocalDate` from String "잘못된 날짜 형식": Failed to deserialize java.time.LocalDate: (java.time.format.DateTimeParseException) Text '잘못된 날짜 형식' could not be parsed at index 0
 at [Source: REDACTED (`StreamReadFeature.INCLUDE_SOURCE_IN_LOCATION` disabled); line: 6, column: 18] (through reference chain: com.ohgiraffers.stability.section01.exception.dto.BookDTO["publishDate"])
	at com.fasterxml.jackson.databind.exc.InvalidFormatException.from(InvalidFormatException.java:67)
	at com.fasterxml.jackson.databind.DeserializationContext.weirdStringException(DeserializationContext.java:1959)
	at com.fasterxml.jackson.databind.DeserializationContext.handleWeirdStringValue(DeserializationContext.java:1245)
	at com.fasterxml.jackson.datatype.jsr310.deser.JSR310DeserializerBase._handleDateTimeException(JSR310DeserializerBase.java:176)
	at com.fasterxml.jackson.datatype.jsr310.deser.LocalDateDeserializer._fromString(LocalDateDeserializer.java:178)
	at com.fasterxml.jackson.datatype.jsr310.deser.LocalDateDeserializer.deserialize(LocalDateDeserializer.java:91)
	at com.fasterxml.jackson.datatype.jsr310.deser.LocalDateDeserializer.deserialize(LocalDateDeserializer.java:37)
	at com.fasterxml.jackson.databind.deser.impl.MethodProperty.deserializeAndSet(MethodProperty.java:129)
	at com.fasterxml.jackson.databind.deser.BeanDeserializer.deserializeFromObject(BeanDeserializer.java:399)
	at com.fasterxml.jackson.databind.deser.BeanDeserializer.deserialize(BeanDeserializer.java:185)
	at com.fasterxml.jackson.databind.deser.DefaultDeserializationContext.readRootValue(DefaultDeserializationContext.java:342)
	at com.fasterxml.jackson.databind.ObjectReader._bindAndClose(ObjectReader.java:2131)
	at com.fasterxml.jackson.databind.ObjectReader.readValue(ObjectReader.java:1501)
	at org.springframework.http.converter.json.AbstractJackson2HttpMessageConverter.readJavaType(AbstractJackson2HttpMessageConverter.java:397)
	... 55 common frames omitted
Caused by: java.time.format.DateTimeParseException: Text '잘못된 날짜 형식' could not be parsed at index 0
	at java.base/java.time.format.DateTimeFormatter.parseResolved0(DateTimeFormatter.java:2052)
	at java.base/java.time.format.DateTimeFormatter.parse(DateTimeFormatter.java:1954)
	at java.base/java.time.LocalDate.parse(LocalDate.java:430)
	at com.fasterxml.jackson.datatype.jsr310.deser.LocalDateDeserializer._fromString(LocalDateDeserializer.java:176)
	... 64 common frames omitted
2026-04-29 12:07:37.603 [http-nio-8080-exec-6] DEBUG [6e030b65] [POST] [/api/v1/books] [127.0.0.1] o.s.w.s.m.m.a.HttpEntityMethodProcessor - Using 'application/json', given [*/*] and supported [application/json, application/*+json]
2026-04-29 12:07:37.603 [http-nio-8080-exec-6] DEBUG [6e030b65] [POST] [/api/v1/books] [127.0.0.1] o.s.w.s.m.m.a.HttpEntityMethodProcessor - Writing [ErrorResponse{errorCode='INTERNAL_SERVER_ERROR', message='서버 내부 오류가 발생했습니다.', timestamp=2026-04-29T1 (truncated)...]
2026-04-29 12:07:37.603 [http-nio-8080-exec-6] WARN  [6e030b65] [POST] [/api/v1/books] [127.0.0.1] o.s.w.s.m.m.a.ExceptionHandlerExceptionResolver - Resolved [org.springframework.http.converter.HttpMessageNotReadableException: JSON parse error: Cannot deserialize value of type `java.time.LocalDate` from String "잘못된 날짜 형식": Failed to deserialize java.time.LocalDate: (java.time.format.DateTimeParseException) Text '잘못된 날짜 형식' could not be parsed at index 0]
2026-04-29 12:07:37.603 [http-nio-8080-exec-6] DEBUG [6e030b65] [POST] [/api/v1/books] [127.0.0.1] o.s.web.servlet.DispatcherServlet - Completed 500 INTERNAL_SERVER_ERROR
2026-04-29 12:07:37.627 [http-nio-8080-exec-7] DEBUG [2ee6b379] [POST] [/api/v1/books] [127.0.0.1] o.s.web.servlet.DispatcherServlet - POST "/api/v1/books", parameters={}
2026-04-29 12:07:37.627 [http-nio-8080-exec-7] DEBUG [2ee6b379] [POST] [/api/v1/books] [127.0.0.1] o.s.w.s.m.m.a.RequestMappingHandlerMapping - Mapped to com.ohgiraffers.stability.section01.exception.controller.BookController#registerBook(BookDTO)
2026-04-29 12:07:37.628 [http-nio-8080-exec-7] DEBUG [2ee6b379] [POST] [/api/v1/books] [127.0.0.1] o.s.w.s.m.m.a.RequestResponseBodyMethodProcessor - Read "application/json;charset=UTF-8" to [BookDTO{bookId=null, isbn='null', title='제목만 있는 도서', author='null', publisher='null', publishDate=nu (truncated)...]
2026-04-29 12:07:37.628 [http-nio-8080-exec-7] INFO  [2ee6b379] [POST] [/api/v1/books] [127.0.0.1] c.o.s.s.e.controller.BookController - [s1][BookController] 도서 등록 요청 - ISBN: null, 제목: 제목만 있는 도서
2026-04-29 12:07:37.628 [http-nio-8080-exec-7] DEBUG [2ee6b379] [POST] [/api/v1/books] [127.0.0.1] c.o.s.s.e.service.BookService - 도서 등록 시작 - ISBN: null, 제목: 제목만 있는 도서
2026-04-29 12:07:37.631 [http-nio-8080-exec-7] DEBUG [2ee6b379] [POST] [/api/v1/books] [127.0.0.1] org.hibernate.SQL - 
    select
        b1_0.book_id 
    from
        tbl_book b1_0 
    where
        b1_0.isbn is null 
    fetch
        first ? rows only
2026-04-29 12:07:37.633 [http-nio-8080-exec-7] DEBUG [2ee6b379] [POST] [/api/v1/books] [127.0.0.1] org.hibernate.SQL - 
    insert 
    into
        tbl_book
        (author, available, isbn, publish_date, publisher, stock_quantity, title, book_id) 
    values
        (?, ?, ?, ?, ?, ?, ?, default)
2026-04-29 12:07:37.634 [http-nio-8080-exec-7] WARN  [2ee6b379] [POST] [/api/v1/books] [127.0.0.1] o.h.e.jdbc.spi.SqlExceptionHelper - SQL Error: 23502, SQLState: 23502
2026-04-29 12:07:37.634 [http-nio-8080-exec-7] ERROR [2ee6b379] [POST] [/api/v1/books] [127.0.0.1] o.h.e.jdbc.spi.SqlExceptionHelper - NULL not allowed for column "PUBLISH_DATE"; SQL statement:
insert into tbl_book (author,available,isbn,publish_date,publisher,stock_quantity,title,book_id) values (?,?,?,?,?,?,?,default) [23502-232]
2026-04-29 12:07:37.640 [http-nio-8080-exec-7] DEBUG [2ee6b379] [POST] [/api/v1/books] [127.0.0.1] o.s.w.s.m.m.a.ExceptionHandlerExceptionResolver - Using @ExceptionHandler com.ohgiraffers.stability.section01.exception.handler.GlobalExceptionHandler#handleGenericException(Exception, HttpServletRequest)
2026-04-29 12:07:37.640 [http-nio-8080-exec-7] ERROR [2ee6b379] [POST] [/api/v1/books] [127.0.0.1] c.o.s.s.e.h.GlobalExceptionHandler - [s1][GlobalExceptionHandler] 예상하지 못한 오류 발생
org.springframework.dao.DataIntegrityViolationException: could not execute statement [NULL not allowed for column "PUBLISH_DATE"; SQL statement:
insert into tbl_book (author,available,isbn,publish_date,publisher,stock_quantity,title,book_id) values (?,?,?,?,?,?,?,default) [23502-232]] [insert into tbl_book (author,available,isbn,publish_date,publisher,stock_quantity,title,book_id) values (?,?,?,?,?,?,?,default)]; SQL [insert into tbl_book (author,available,isbn,publish_date,publisher,stock_quantity,title,book_id) values (?,?,?,?,?,?,?,default)]; constraint [null]
	at org.springframework.orm.jpa.vendor.HibernateJpaDialect.convertHibernateAccessException(HibernateJpaDialect.java:294)
	at org.springframework.orm.jpa.vendor.HibernateJpaDialect.convertHibernateAccessException(HibernateJpaDialect.java:256)
	at org.springframework.orm.jpa.vendor.HibernateJpaDialect.translateExceptionIfPossible(HibernateJpaDialect.java:241)
	at org.springframework.orm.jpa.AbstractEntityManagerFactoryBean.translateExceptionIfPossible(AbstractEntityManagerFactoryBean.java:560)
	at org.springframework.dao.support.ChainedPersistenceExceptionTranslator.translateExceptionIfPossible(ChainedPersistenceExceptionTranslator.java:61)
	at org.springframework.dao.support.DataAccessUtils.translateIfNecessary(DataAccessUtils.java:343)
	at org.springframework.dao.support.PersistenceExceptionTranslationInterceptor.invoke(PersistenceExceptionTranslationInterceptor.java:160)
	at org.springframework.aop.framework.ReflectiveMethodInvocation.proceed(ReflectiveMethodInvocation.java:184)
	at org.springframework.data.jpa.repository.support.CrudMethodMetadataPostProcessor$CrudMethodMetadataPopulatingMethodInterceptor.invoke(CrudMethodMetadataPostProcessor.java:165)
	at org.springframework.aop.framework.ReflectiveMethodInvocation.proceed(ReflectiveMethodInvocation.java:184)
	at org.springframework.aop.framework.JdkDynamicAopProxy.invoke(JdkDynamicAopProxy.java:223)
	at jdk.proxy5/jdk.proxy5.$Proxy160.save(Unknown Source)
	at com.ohgiraffers.stability.section01.exception.service.BookService.registerBook(BookService.java:142)
	at java.base/jdk.internal.reflect.NativeMethodAccessorImpl.invoke0(Native Method)
	at java.base/jdk.internal.reflect.NativeMethodAccessorImpl.invoke(NativeMethodAccessorImpl.java:77)
	at java.base/jdk.internal.reflect.DelegatingMethodAccessorImpl.invoke(DelegatingMethodAccessorImpl.java:43)
	at java.base/java.lang.reflect.Method.invoke(Method.java:569)
	at org.springframework.aop.support.AopUtils.invokeJoinpointUsingReflection(AopUtils.java:360)
	at org.springframework.aop.framework.ReflectiveMethodInvocation.invokeJoinpoint(ReflectiveMethodInvocation.java:196)
	at org.springframework.aop.framework.ReflectiveMethodInvocation.proceed(ReflectiveMethodInvocation.java:163)
	at org.springframework.transaction.interceptor.TransactionAspectSupport.invokeWithinTransaction(TransactionAspectSupport.java:380)
	at org.springframework.transaction.interceptor.TransactionInterceptor.invoke(TransactionInterceptor.java:119)
	at org.springframework.aop.framework.ReflectiveMethodInvocation.proceed(ReflectiveMethodInvocation.java:184)
	at org.springframework.aop.framework.CglibAopProxy$DynamicAdvisedInterceptor.intercept(CglibAopProxy.java:728)
	at com.ohgiraffers.stability.section01.exception.service.BookService$$SpringCGLIB$$0.registerBook(<generated>)
	at com.ohgiraffers.stability.section01.exception.controller.BookController.registerBook(BookController.java:110)
	at java.base/jdk.internal.reflect.NativeMethodAccessorImpl.invoke0(Native Method)
	at java.base/jdk.internal.reflect.NativeMethodAccessorImpl.invoke(NativeMethodAccessorImpl.java:77)
	at java.base/jdk.internal.reflect.DelegatingMethodAccessorImpl.invoke(DelegatingMethodAccessorImpl.java:43)
	at java.base/java.lang.reflect.Method.invoke(Method.java:569)
	at org.springframework.web.method.support.InvocableHandlerMethod.doInvoke(InvocableHandlerMethod.java:258)
	at org.springframework.web.method.support.InvocableHandlerMethod.invokeForRequest(InvocableHandlerMethod.java:191)
	at org.springframework.web.servlet.mvc.method.annotation.ServletInvocableHandlerMethod.invokeAndHandle(ServletInvocableHandlerMethod.java:118)
	at org.springframework.web.servlet.mvc.method.annotation.RequestMappingHandlerAdapter.invokeHandlerMethod(RequestMappingHandlerAdapter.java:991)
	at org.springframework.web.servlet.mvc.method.annotation.RequestMappingHandlerAdapter.handleInternal(RequestMappingHandlerAdapter.java:896)
	at org.springframework.web.servlet.mvc.method.AbstractHandlerMethodAdapter.handle(AbstractHandlerMethodAdapter.java:87)
	at org.springframework.web.servlet.DispatcherServlet.doDispatch(DispatcherServlet.java:1089)
	at org.springframework.web.servlet.DispatcherServlet.doService(DispatcherServlet.java:979)
	at org.springframework.web.servlet.FrameworkServlet.processRequest(FrameworkServlet.java:1014)
	at org.springframework.web.servlet.FrameworkServlet.doPost(FrameworkServlet.java:914)
	at jakarta.servlet.http.HttpServlet.service(HttpServlet.java:590)
	at org.springframework.web.servlet.FrameworkServlet.service(FrameworkServlet.java:885)
	at jakarta.servlet.http.HttpServlet.service(HttpServlet.java:658)
	at org.apache.catalina.core.ApplicationFilterChain.internalDoFilter(ApplicationFilterChain.java:193)
	at org.apache.catalina.core.ApplicationFilterChain.doFilter(ApplicationFilterChain.java:138)
	at org.apache.tomcat.websocket.server.WsFilter.doFilter(WsFilter.java:51)
	at org.apache.catalina.core.ApplicationFilterChain.internalDoFilter(ApplicationFilterChain.java:162)
	at org.apache.catalina.core.ApplicationFilterChain.doFilter(ApplicationFilterChain.java:138)
	at com.ohgiraffers.stability.section02.logging.config.LoggingConfig$1.doFilterInternal(LoggingConfig.java:79)
	at org.springframework.web.filter.OncePerRequestFilter.doFilter(OncePerRequestFilter.java:116)
	at org.apache.catalina.core.ApplicationFilterChain.internalDoFilter(ApplicationFilterChain.java:162)
	at org.apache.catalina.core.ApplicationFilterChain.doFilter(ApplicationFilterChain.java:138)
	at org.springframework.web.filter.RequestContextFilter.doFilterInternal(RequestContextFilter.java:100)
	at org.springframework.web.filter.OncePerRequestFilter.doFilter(OncePerRequestFilter.java:116)
	at org.apache.catalina.core.ApplicationFilterChain.internalDoFilter(ApplicationFilterChain.java:162)
	at org.apache.catalina.core.ApplicationFilterChain.doFilter(ApplicationFilterChain.java:138)
	at org.springframework.web.filter.FormContentFilter.doFilterInternal(FormContentFilter.java:93)
	at org.springframework.web.filter.OncePerRequestFilter.doFilter(OncePerRequestFilter.java:116)
	at org.apache.catalina.core.ApplicationFilterChain.internalDoFilter(ApplicationFilterChain.java:162)
	at org.apache.catalina.core.ApplicationFilterChain.doFilter(ApplicationFilterChain.java:138)
	at org.springframework.web.filter.CharacterEncodingFilter.doFilterInternal(CharacterEncodingFilter.java:201)
	at org.springframework.web.filter.OncePerRequestFilter.doFilter(OncePerRequestFilter.java:116)
	at org.apache.catalina.core.ApplicationFilterChain.internalDoFilter(ApplicationFilterChain.java:162)
	at org.apache.catalina.core.ApplicationFilterChain.doFilter(ApplicationFilterChain.java:138)
	at org.apache.catalina.core.StandardWrapperValve.invoke(StandardWrapperValve.java:165)
	at org.apache.catalina.core.StandardContextValve.invoke(StandardContextValve.java:88)
	at org.apache.catalina.authenticator.AuthenticatorBase.invoke(AuthenticatorBase.java:482)
	at org.apache.catalina.core.StandardHostValve.invoke(StandardHostValve.java:113)
	at org.apache.catalina.valves.ErrorReportValve.invoke(ErrorReportValve.java:83)
	at org.apache.catalina.core.StandardEngineValve.invoke(StandardEngineValve.java:72)
	at org.apache.catalina.connector.CoyoteAdapter.service(CoyoteAdapter.java:342)
	at org.apache.coyote.http11.Http11Processor.service(Http11Processor.java:399)
	at org.apache.coyote.AbstractProcessorLight.process(AbstractProcessorLight.java:63)
	at org.apache.coyote.AbstractProtocol$ConnectionHandler.process(AbstractProtocol.java:903)
	at org.apache.tomcat.util.net.NioEndpoint$SocketProcessor.doRun(NioEndpoint.java:1774)
	at org.apache.tomcat.util.net.SocketProcessorBase.run(SocketProcessorBase.java:52)
	at org.apache.tomcat.util.threads.ThreadPoolExecutor.runWorker(ThreadPoolExecutor.java:973)
	at org.apache.tomcat.util.threads.ThreadPoolExecutor$Worker.run(ThreadPoolExecutor.java:491)
	at org.apache.tomcat.util.threads.TaskThread$WrappingRunnable.run(TaskThread.java:63)
	at java.base/java.lang.Thread.run(Thread.java:840)
Caused by: org.hibernate.exception.ConstraintViolationException: could not execute statement [NULL not allowed for column "PUBLISH_DATE"; SQL statement:
insert into tbl_book (author,available,isbn,publish_date,publisher,stock_quantity,title,book_id) values (?,?,?,?,?,?,?,default) [23502-232]] [insert into tbl_book (author,available,isbn,publish_date,publisher,stock_quantity,title,book_id) values (?,?,?,?,?,?,?,default)]
	at org.hibernate.exception.internal.SQLExceptionTypeDelegate.convert(SQLExceptionTypeDelegate.java:62)
	at org.hibernate.exception.internal.StandardSQLExceptionConverter.convert(StandardSQLExceptionConverter.java:58)
	at org.hibernate.engine.jdbc.spi.SqlExceptionHelper.convert(SqlExceptionHelper.java:108)
	at org.hibernate.engine.jdbc.internal.ResultSetReturnImpl.executeUpdate(ResultSetReturnImpl.java:197)
	at org.hibernate.id.insert.GetGeneratedKeysDelegate.performMutation(GetGeneratedKeysDelegate.java:116)
	at org.hibernate.engine.jdbc.mutation.internal.MutationExecutorSingleNonBatched.performNonBatchedOperations(MutationExecutorSingleNonBatched.java:47)
	at org.hibernate.engine.jdbc.mutation.internal.AbstractMutationExecutor.execute(AbstractMutationExecutor.java:55)
	at org.hibernate.persister.entity.mutation.InsertCoordinatorStandard.doStaticInserts(InsertCoordinatorStandard.java:194)
	at org.hibernate.persister.entity.mutation.InsertCoordinatorStandard.coordinateInsert(InsertCoordinatorStandard.java:132)
	at org.hibernate.persister.entity.mutation.InsertCoordinatorStandard.insert(InsertCoordinatorStandard.java:95)
	at org.hibernate.action.internal.EntityIdentityInsertAction.execute(EntityIdentityInsertAction.java:85)
	at org.hibernate.engine.spi.ActionQueue.execute(ActionQueue.java:682)
	at org.hibernate.engine.spi.ActionQueue.addResolvedEntityInsertAction(ActionQueue.java:293)
	at org.hibernate.engine.spi.ActionQueue.addInsertAction(ActionQueue.java:274)
	at org.hibernate.engine.spi.ActionQueue.addAction(ActionQueue.java:324)
	at org.hibernate.event.internal.AbstractSaveEventListener.addInsertAction(AbstractSaveEventListener.java:394)
	at org.hibernate.event.internal.AbstractSaveEventListener.performSaveOrReplicate(AbstractSaveEventListener.java:308)
	at org.hibernate.event.internal.AbstractSaveEventListener.performSave(AbstractSaveEventListener.java:224)
	at org.hibernate.event.internal.AbstractSaveEventListener.saveWithGeneratedId(AbstractSaveEventListener.java:136)
	at org.hibernate.event.internal.DefaultPersistEventListener.entityIsTransient(DefaultPersistEventListener.java:177)
	at org.hibernate.event.internal.DefaultPersistEventListener.persist(DefaultPersistEventListener.java:95)
	at org.hibernate.event.internal.DefaultPersistEventListener.onPersist(DefaultPersistEventListener.java:79)
	at org.hibernate.event.internal.DefaultPersistEventListener.onPersist(DefaultPersistEventListener.java:55)
	at org.hibernate.event.service.internal.EventListenerGroupImpl.fireEventOnEachListener(EventListenerGroupImpl.java:127)
	at org.hibernate.internal.SessionImpl.firePersist(SessionImpl.java:761)
	at org.hibernate.internal.SessionImpl.persist(SessionImpl.java:745)
	at java.base/jdk.internal.reflect.NativeMethodAccessorImpl.invoke0(Native Method)
	at java.base/jdk.internal.reflect.NativeMethodAccessorImpl.invoke(NativeMethodAccessorImpl.java:77)
	at java.base/jdk.internal.reflect.DelegatingMethodAccessorImpl.invoke(DelegatingMethodAccessorImpl.java:43)
	at java.base/java.lang.reflect.Method.invoke(Method.java:569)
	at org.springframework.orm.jpa.ExtendedEntityManagerCreator$ExtendedEntityManagerInvocationHandler.invoke(ExtendedEntityManagerCreator.java:364)
	at jdk.proxy5/jdk.proxy5.$Proxy158.persist(Unknown Source)
	at java.base/jdk.internal.reflect.NativeMethodAccessorImpl.invoke0(Native Method)
	at java.base/jdk.internal.reflect.NativeMethodAccessorImpl.invoke(NativeMethodAccessorImpl.java:77)
	at java.base/jdk.internal.reflect.DelegatingMethodAccessorImpl.invoke(DelegatingMethodAccessorImpl.java:43)
	at java.base/java.lang.reflect.Method.invoke(Method.java:569)
	at org.springframework.orm.jpa.SharedEntityManagerCreator$SharedEntityManagerInvocationHandler.invoke(SharedEntityManagerCreator.java:320)
	at jdk.proxy5/jdk.proxy5.$Proxy158.persist(Unknown Source)
	at org.springframework.data.jpa.repository.support.SimpleJpaRepository.save(SimpleJpaRepository.java:636)
	at java.base/jdk.internal.reflect.NativeMethodAccessorImpl.invoke0(Native Method)
	at java.base/jdk.internal.reflect.NativeMethodAccessorImpl.invoke(NativeMethodAccessorImpl.java:77)
	at java.base/jdk.internal.reflect.DelegatingMethodAccessorImpl.invoke(DelegatingMethodAccessorImpl.java:43)
	at java.base/java.lang.reflect.Method.invoke(Method.java:569)
	at org.springframework.aop.support.AopUtils.invokeJoinpointUsingReflection(AopUtils.java:360)
	at org.springframework.data.repository.core.support.RepositoryMethodInvoker$RepositoryFragmentMethodInvoker.lambda$new$0(RepositoryMethodInvoker.java:277)
	at org.springframework.data.repository.core.support.RepositoryMethodInvoker.doInvoke(RepositoryMethodInvoker.java:170)
	at org.springframework.data.repository.core.support.RepositoryMethodInvoker.invoke(RepositoryMethodInvoker.java:158)
	at org.springframework.data.repository.core.support.RepositoryComposition$RepositoryFragments.invoke(RepositoryComposition.java:515)
	at org.springframework.data.repository.core.support.RepositoryComposition.invoke(RepositoryComposition.java:284)
	at org.springframework.data.repository.core.support.RepositoryFactorySupport$ImplementationMethodExecutionInterceptor.invoke(RepositoryFactorySupport.java:731)
	at org.springframework.aop.framework.ReflectiveMethodInvocation.proceed(ReflectiveMethodInvocation.java:184)
	at org.springframework.data.repository.core.support.QueryExecutorMethodInterceptor.doInvoke(QueryExecutorMethodInterceptor.java:174)
	at org.springframework.data.repository.core.support.QueryExecutorMethodInterceptor.invoke(QueryExecutorMethodInterceptor.java:149)
	at org.springframework.aop.framework.ReflectiveMethodInvocation.proceed(ReflectiveMethodInvocation.java:184)
	at org.springframework.data.projection.DefaultMethodInvokingMethodInterceptor.invoke(DefaultMethodInvokingMethodInterceptor.java:69)
	at org.springframework.aop.framework.ReflectiveMethodInvocation.proceed(ReflectiveMethodInvocation.java:184)
	at org.springframework.transaction.interceptor.TransactionAspectSupport.invokeWithinTransaction(TransactionAspectSupport.java:380)
	at org.springframework.transaction.interceptor.TransactionInterceptor.invoke(TransactionInterceptor.java:119)
	at org.springframework.aop.framework.ReflectiveMethodInvocation.proceed(ReflectiveMethodInvocation.java:184)
	at org.springframework.dao.support.PersistenceExceptionTranslationInterceptor.invoke(PersistenceExceptionTranslationInterceptor.java:138)
	... 73 common frames omitted
Caused by: org.h2.jdbc.JdbcSQLIntegrityConstraintViolationException: NULL not allowed for column "PUBLISH_DATE"; SQL statement:
insert into tbl_book (author,available,isbn,publish_date,publisher,stock_quantity,title,book_id) values (?,?,?,?,?,?,?,default) [23502-232]
	at org.h2.message.DbException.getJdbcSQLException(DbException.java:520)
	at org.h2.message.DbException.getJdbcSQLException(DbException.java:489)
	at org.h2.message.DbException.get(DbException.java:223)
	at org.h2.message.DbException.get(DbException.java:199)
	at org.h2.table.Column.validateConvertUpdateSequence(Column.java:402)
	at org.h2.table.Table.convertInsertRow(Table.java:963)
	at org.h2.command.dml.Insert.insertRows(Insert.java:167)
	at org.h2.command.dml.Insert.update(Insert.java:135)
	at org.h2.command.CommandContainer.executeUpdateWithGeneratedKeys(CommandContainer.java:212)
	at org.h2.command.CommandContainer.update(CommandContainer.java:133)
	at org.h2.command.Command.executeUpdate(Command.java:304)
	at org.h2.command.Command.executeUpdate(Command.java:248)
	at org.h2.jdbc.JdbcPreparedStatement.executeUpdateInternal(JdbcPreparedStatement.java:213)
	at org.h2.jdbc.JdbcPreparedStatement.executeUpdate(JdbcPreparedStatement.java:172)
	at com.zaxxer.hikari.pool.ProxyPreparedStatement.executeUpdate(ProxyPreparedStatement.java:61)
	at com.zaxxer.hikari.pool.HikariProxyPreparedStatement.executeUpdate(HikariProxyPreparedStatement.java)
	at org.hibernate.engine.jdbc.internal.ResultSetReturnImpl.executeUpdate(ResultSetReturnImpl.java:194)
	... 129 common frames omitted
2026-04-29 12:07:37.643 [http-nio-8080-exec-7] DEBUG [2ee6b379] [POST] [/api/v1/books] [127.0.0.1] o.s.w.s.m.m.a.HttpEntityMethodProcessor - Using 'application/json', given [*/*] and supported [application/json, application/*+json]
2026-04-29 12:07:37.643 [http-nio-8080-exec-7] DEBUG [2ee6b379] [POST] [/api/v1/books] [127.0.0.1] o.s.w.s.m.m.a.HttpEntityMethodProcessor - Writing [ErrorResponse{errorCode='INTERNAL_SERVER_ERROR', message='서버 내부 오류가 발생했습니다.', timestamp=2026-04-29T1 (truncated)...]
2026-04-29 12:07:37.643 [http-nio-8080-exec-7] WARN  [2ee6b379] [POST] [/api/v1/books] [127.0.0.1] o.s.w.s.m.m.a.ExceptionHandlerExceptionResolver - Resolved [org.springframework.dao.DataIntegrityViolationException: could not execute statement [NULL not allowed for column "PUBLISH_DATE"; SQL statement:<EOL>insert into tbl_book (author,available,isbn,publish_date,publisher,stock_quantity,title,book_id) values (?,?,?,?,?,?,?,default) [23502-232]] [insert into tbl_book (author,available,isbn,publish_date,publisher,stock_quantity,title,book_id) values (?,?,?,?,?,?,?,default)]; SQL [insert into tbl_book (author,available,isbn,publish_date,publisher,stock_quantity,title,book_id) values (?,?,?,?,?,?,?,default)]; constraint [null]]
2026-04-29 12:07:37.644 [http-nio-8080-exec-7] DEBUG [2ee6b379] [POST] [/api/v1/books] [127.0.0.1] o.s.web.servlet.DispatcherServlet - Completed 500 INTERNAL_SERVER_ERROR
2026-04-29 12:07:37.683 [http-nio-8080-exec-8] DEBUG [2afd532f] [DELETE] [/api/v1/books/2] [127.0.0.1] o.s.web.servlet.DispatcherServlet - DELETE "/api/v1/books/2", parameters={}
2026-04-29 12:07:37.683 [http-nio-8080-exec-8] DEBUG [2afd532f] [DELETE] [/api/v1/books/2] [127.0.0.1] o.s.w.s.m.m.a.RequestMappingHandlerMapping - Mapped to com.ohgiraffers.stability.section01.exception.controller.BookController#deleteBook(Long)
2026-04-29 12:07:37.683 [http-nio-8080-exec-8] INFO  [2afd532f] [DELETE] [/api/v1/books/2] [127.0.0.1] c.o.s.s.e.controller.BookController - [s1][BookController] 도서 삭제 요청 - ID: 2
2026-04-29 12:07:37.684 [http-nio-8080-exec-8] DEBUG [2afd532f] [DELETE] [/api/v1/books/2] [127.0.0.1] c.o.s.s.e.service.BookService - 도서 삭제 시작 - ID: 2
2026-04-29 12:07:37.684 [http-nio-8080-exec-8] DEBUG [2afd532f] [DELETE] [/api/v1/books/2] [127.0.0.1] org.hibernate.SQL - 
    select
        b1_0.book_id,
        b1_0.author,
        b1_0.available,
        b1_0.isbn,
        b1_0.publish_date,
        b1_0.publisher,
        b1_0.stock_quantity,
        b1_0.title 
    from
        tbl_book b1_0 
    where
        b1_0.book_id=?
2026-04-29 12:07:37.688 [http-nio-8080-exec-8] INFO  [2afd532f] [DELETE] [/api/v1/books/2] [127.0.0.1] c.o.s.s.e.service.BookService - [s1][BookService] 도서 삭제 완료 - ID: 2, 제목: Clean Code 클린 코드
2026-04-29 12:07:37.689 [http-nio-8080-exec-8] DEBUG [2afd532f] [DELETE] [/api/v1/books/2] [127.0.0.1] org.hibernate.SQL - 
    delete 
    from
        tbl_book 
    where
        book_id=?
2026-04-29 12:07:37.690 [http-nio-8080-exec-8] INFO  [2afd532f] [DELETE] [/api/v1/books/2] [127.0.0.1] c.o.s.s.e.controller.BookController - [s1][BookController] 도서 삭제 완료 - ID: 2
2026-04-29 12:07:37.691 [http-nio-8080-exec-8] DEBUG [2afd532f] [DELETE] [/api/v1/books/2] [127.0.0.1] o.s.w.s.m.m.a.HttpEntityMethodProcessor - Using 'application/json', given [*/*] and supported [application/json, application/*+json]
2026-04-29 12:07:37.691 [http-nio-8080-exec-8] DEBUG [2afd532f] [DELETE] [/api/v1/books/2] [127.0.0.1] o.s.w.s.m.m.a.HttpEntityMethodProcessor - Nothing to write: null body
2026-04-29 12:07:37.691 [http-nio-8080-exec-8] DEBUG [2afd532f] [DELETE] [/api/v1/books/2] [127.0.0.1] o.s.web.servlet.DispatcherServlet - Completed 204 NO_CONTENT
2026-04-29 12:07:37.705 [http-nio-8080-exec-10] DEBUG [9b83f315] [GET] [/api/v1/books/2] [127.0.0.1] o.s.web.servlet.DispatcherServlet - GET "/api/v1/books/2", parameters={}
2026-04-29 12:07:37.705 [http-nio-8080-exec-10] DEBUG [9b83f315] [GET] [/api/v1/books/2] [127.0.0.1] o.s.w.s.m.m.a.RequestMappingHandlerMapping - Mapped to com.ohgiraffers.stability.section01.exception.controller.BookController#getBookById(Long)
2026-04-29 12:07:37.706 [http-nio-8080-exec-10] INFO  [9b83f315] [GET] [/api/v1/books/2] [127.0.0.1] c.o.s.s.e.controller.BookController - [s1][BookController] 도서 조회 요청 - ID: 2
2026-04-29 12:07:37.706 [http-nio-8080-exec-10] DEBUG [9b83f315] [GET] [/api/v1/books/2] [127.0.0.1] c.o.s.s.e.service.BookService - 도서 조회 시작 - ID: 2
2026-04-29 12:07:37.707 [http-nio-8080-exec-10] DEBUG [9b83f315] [GET] [/api/v1/books/2] [127.0.0.1] org.hibernate.SQL - 
    select
        b1_0.book_id,
        b1_0.author,
        b1_0.available,
        b1_0.isbn,
        b1_0.publish_date,
        b1_0.publisher,
        b1_0.stock_quantity,
        b1_0.title 
    from
        tbl_book b1_0 
    where
        b1_0.book_id=?
2026-04-29 12:07:37.707 [http-nio-8080-exec-10] ERROR [9b83f315] [GET] [/api/v1/books/2] [127.0.0.1] c.o.s.s.e.service.BookService - 도서 조회 실패 - ID: 2: 해당 ID의 도서를 찾을 수 없습니다: 2
2026-04-29 12:07:37.707 [http-nio-8080-exec-10] DEBUG [9b83f315] [GET] [/api/v1/books/2] [127.0.0.1] o.s.w.s.m.m.a.ExceptionHandlerExceptionResolver - Using @ExceptionHandler com.ohgiraffers.stability.section01.exception.handler.GlobalExceptionHandler#handleBookNotFoundException(BookNotFoundException, HttpServletRequest)
2026-04-29 12:07:37.707 [http-nio-8080-exec-10] WARN  [9b83f315] [GET] [/api/v1/books/2] [127.0.0.1] c.o.s.s.e.h.GlobalExceptionHandler - [s1][GlobalExceptionHandler] 도서 조회 실패: 해당 ID의 도서를 찾을 수 없습니다: 2
2026-04-29 12:07:37.708 [http-nio-8080-exec-10] DEBUG [9b83f315] [GET] [/api/v1/books/2] [127.0.0.1] o.s.w.s.m.m.a.HttpEntityMethodProcessor - Using 'application/json', given [*/*] and supported [application/json, application/*+json]
2026-04-29 12:07:37.708 [http-nio-8080-exec-10] DEBUG [9b83f315] [GET] [/api/v1/books/2] [127.0.0.1] o.s.w.s.m.m.a.HttpEntityMethodProcessor - Writing [ErrorResponse{errorCode='BOOK_NOT_FOUND_BY_ID', message='해당 ID의 도서를 찾을 수 없습니다: 2', timestamp=2026-04 (truncated)...]
2026-04-29 12:07:37.708 [http-nio-8080-exec-10] WARN  [9b83f315] [GET] [/api/v1/books/2] [127.0.0.1] o.s.w.s.m.m.a.ExceptionHandlerExceptionResolver - Resolved [com.ohgiraffers.stability.section01.exception.exception.BookNotFoundException: 해당 ID의 도서를 찾을 수 없습니다: 2]
2026-04-29 12:07:37.708 [http-nio-8080-exec-10] DEBUG [9b83f315] [GET] [/api/v1/books/2] [127.0.0.1] o.s.web.servlet.DispatcherServlet - Completed 404 NOT_FOUND
2026-04-29 12:07:37.730 [http-nio-8080-exec-9] DEBUG [05485059] [GET] [/api/v1/books] [127.0.0.1] o.s.web.servlet.DispatcherServlet - GET "/api/v1/books", parameters={}
2026-04-29 12:07:37.731 [http-nio-8080-exec-9] DEBUG [05485059] [GET] [/api/v1/books] [127.0.0.1] o.s.w.s.m.m.a.RequestMappingHandlerMapping - Mapped to com.ohgiraffers.stability.section01.exception.controller.BookController#getAllBooks()
2026-04-29 12:07:37.731 [http-nio-8080-exec-9] INFO  [05485059] [GET] [/api/v1/books] [127.0.0.1] c.o.s.s.e.controller.BookController - [s1][BookController] 전체 도서 목록 조회 요청
2026-04-29 12:07:37.731 [http-nio-8080-exec-9] DEBUG [05485059] [GET] [/api/v1/books] [127.0.0.1] c.o.s.s.e.service.BookService - 전체 도서 목록 조회 시작
2026-04-29 12:07:37.732 [http-nio-8080-exec-9] DEBUG [05485059] [GET] [/api/v1/books] [127.0.0.1] org.hibernate.SQL - 
    select
        b1_0.book_id,
        b1_0.author,
        b1_0.available,
        b1_0.isbn,
        b1_0.publish_date,
        b1_0.publisher,
        b1_0.stock_quantity,
        b1_0.title 
    from
        tbl_book b1_0
2026-04-29 12:07:37.733 [http-nio-8080-exec-9] DEBUG [05485059] [GET] [/api/v1/books] [127.0.0.1] c.o.s.s.e.service.BookService - 전체 도서 목록 조회 완료 - 총 2권
2026-04-29 12:07:37.733 [http-nio-8080-exec-9] DEBUG [05485059] [GET] [/api/v1/books] [127.0.0.1] c.o.s.s.e.service.BookService - 전체 도서 목록 조회 종료
2026-04-29 12:07:37.734 [http-nio-8080-exec-9] INFO  [05485059] [GET] [/api/v1/books] [127.0.0.1] c.o.s.s.e.controller.BookController - [s1][BookController] 전체 도서 목록 조회 완료 - 총 2권
2026-04-29 12:07:37.734 [http-nio-8080-exec-9] DEBUG [05485059] [GET] [/api/v1/books] [127.0.0.1] o.s.w.s.m.m.a.HttpEntityMethodProcessor - Using 'application/json', given [*/*] and supported [application/json, application/*+json]
2026-04-29 12:07:37.734 [http-nio-8080-exec-9] DEBUG [05485059] [GET] [/api/v1/books] [127.0.0.1] o.s.w.s.m.m.a.HttpEntityMethodProcessor - Writing [[BookDTO{bookId=1, isbn='9788966262281', title='스프링 부트와 AWS로 혼자 구현하는 웹 서비스 (개정판)', author='이동욱', pub (truncated)...]
2026-04-29 12:07:37.735 [http-nio-8080-exec-9] DEBUG [05485059] [GET] [/api/v1/books] [127.0.0.1] o.s.web.servlet.DispatcherServlet - Completed 200 OK
2026-04-29 12:13:50.976 [File Watcher] INFO  [] [] [] [] o.s.b.d.a.LocalDevToolsAutoConfiguration$RestartingClassPathChangeChangedEventListener - Restarting due to 1 class path change (0 additions, 0 deletions, 1 modification)
2026-04-29 12:13:50.977 [Thread-7] INFO  [] [] [] [] o.s.b.w.e.tomcat.GracefulShutdown - Commencing graceful shutdown. Waiting for active requests to complete
2026-04-29 12:13:50.978 [tomcat-shutdown] INFO  [] [] [] [] o.a.coyote.http11.Http11NioProtocol - Pausing ProtocolHandler ["http-nio-8080"]
2026-04-29 12:13:51.136 [tomcat-shutdown] INFO  [] [] [] [] o.s.b.w.e.tomcat.GracefulShutdown - Graceful shutdown complete
2026-04-29 12:13:51.136 [Thread-7] INFO  [] [] [] [] o.a.coyote.http11.Http11NioProtocol - Stopping ProtocolHandler ["http-nio-8080"]
2026-04-29 12:13:51.138 [Thread-7] INFO  [] [] [] [] o.s.o.j.LocalContainerEntityManagerFactoryBean - Closing JPA EntityManagerFactory for persistence unit 'default'
2026-04-29 12:13:51.138 [Thread-7] DEBUG [] [] [] [] org.hibernate.SQL - 
    drop table if exists tbl_book cascade 
2026-04-29 12:13:51.139 [Thread-7] DEBUG [] [] [] [] org.hibernate.SQL - 
    drop table if exists tbl_loan cascade 
2026-04-29 12:13:51.139 [Thread-7] DEBUG [] [] [] [] org.hibernate.SQL - 
    drop table if exists tbl_member cascade 
2026-04-29 12:13:51.139 [Thread-7] DEBUG [] [] [] [] org.hibernate.SQL - 
    drop table if exists tbl_review cascade 
2026-04-29 12:13:51.140 [Thread-7] WARN  [] [] [] [] o.s.b.f.s.DisposableBeanAdapter - Invocation of destroy method failed on bean with name 'inMemoryDatabaseShutdownExecutor': org.h2.jdbc.JdbcSQLNonTransientConnectionException: Database is already closed (to disable automatic closing at VM shutdown, add ";DB_CLOSE_ON_EXIT=FALSE" to the db URL) [90121-232]
2026-04-29 12:13:51.140 [Thread-7] INFO  [] [] [] [] com.zaxxer.hikari.HikariDataSource - HikariPool-2 - Shutdown initiated...
2026-04-29 12:13:51.141 [Thread-7] INFO  [] [] [] [] com.zaxxer.hikari.HikariDataSource - HikariPool-2 - Shutdown completed.
2026-04-29 12:13:51.217 [restartedMain] INFO  [] [] [] [] c.o.s.Chap01SpringStabilityApplication - Starting Chap01SpringStabilityApplication using Java 17.0.18 with PID 25936 (C:\Lecture\10_Logging-Monitoring\module01-spring-stability\module01-spring-stability\build\classes\java\main started by user in C:\Lecture\10_Logging-Monitoring\module01-spring-stability\module01-spring-stability)
2026-04-29 12:13:51.217 [restartedMain] DEBUG [] [] [] [] c.o.s.Chap01SpringStabilityApplication - Running with Spring Boot v3.4.13, Spring v6.2.15
2026-04-29 12:13:51.217 [restartedMain] INFO  [] [] [] [] c.o.s.Chap01SpringStabilityApplication - The following 1 profile is active: "dev"
2026-04-29 12:13:51.378 [restartedMain] INFO  [] [] [] [] o.s.d.r.c.RepositoryConfigurationDelegate - Bootstrapping Spring Data JPA repositories in DEFAULT mode.
2026-04-29 12:13:51.398 [restartedMain] INFO  [] [] [] [] o.s.d.r.c.RepositoryConfigurationDelegate - Finished Spring Data repository scanning in 20 ms. Found 4 JPA repository interfaces.
2026-04-29 12:13:51.504 [restartedMain] INFO  [] [] [] [] o.s.b.w.e.tomcat.TomcatWebServer - Tomcat initialized with port 8080 (http)
2026-04-29 12:13:51.505 [restartedMain] INFO  [] [] [] [] o.a.coyote.http11.Http11NioProtocol - Initializing ProtocolHandler ["http-nio-8080"]
2026-04-29 12:13:51.505 [restartedMain] INFO  [] [] [] [] o.a.catalina.core.StandardService - Starting service [Tomcat]
2026-04-29 12:13:51.505 [restartedMain] INFO  [] [] [] [] o.a.catalina.core.StandardEngine - Starting Servlet engine: [Apache Tomcat/10.1.50]
2026-04-29 12:13:51.518 [restartedMain] INFO  [] [] [] [] o.a.c.c.C.[Tomcat].[localhost].[/] - Initializing Spring embedded WebApplicationContext
2026-04-29 12:13:51.518 [restartedMain] INFO  [] [] [] [] o.s.b.w.s.c.ServletWebServerApplicationContext - Root WebApplicationContext: initialization completed in 299 ms
2026-04-29 12:13:51.529 [restartedMain] DEBUG [] [] [] [] c.o.s.s.l.config.LoggingConfig$1 - Filter 'mdcLoggingFilter' configured for use
2026-04-29 12:13:51.564 [restartedMain] INFO  [] [] [] [] o.h.jpa.internal.util.LogHelper - HHH000204: Processing PersistenceUnitInfo [name: default]
2026-04-29 12:13:51.567 [restartedMain] INFO  [] [] [] [] o.h.c.i.RegionFactoryInitiator - HHH000026: Second-level cache disabled
2026-04-29 12:13:51.578 [restartedMain] INFO  [] [] [] [] o.s.o.j.p.SpringPersistenceUnitInfo - No LoadTimeWeaver setup: ignoring JPA class transformer
2026-04-29 12:13:51.579 [restartedMain] INFO  [] [] [] [] com.zaxxer.hikari.HikariDataSource - HikariPool-3 - Starting...
2026-04-29 12:13:51.580 [restartedMain] INFO  [] [] [] [] com.zaxxer.hikari.pool.HikariPool - HikariPool-3 - Added connection conn21: url=jdbc:h2:mem:library user=OHGIRAFFERS
2026-04-29 12:13:51.580 [restartedMain] INFO  [] [] [] [] com.zaxxer.hikari.HikariDataSource - HikariPool-3 - Start completed.
2026-04-29 12:13:51.581 [restartedMain] INFO  [] [] [] [] o.hibernate.orm.connections.pooling - HHH10001005: Database info:
	Database JDBC URL [Connecting through datasource 'HikariDataSource (HikariPool-3)']
	Database driver: undefined/unknown
	Database version: 2.3.232
	Autocommit mode: undefined/unknown
	Isolation level: undefined/unknown
	Minimum pool size: undefined/unknown
	Maximum pool size: undefined/unknown
2026-04-29 12:13:51.658 [restartedMain] INFO  [] [] [] [] o.h.e.t.j.p.i.JtaPlatformInitiator - HHH000489: No JTA platform available (set 'hibernate.transaction.jta.platform' to enable JTA platform integration)
2026-04-29 12:13:51.658 [restartedMain] DEBUG [] [] [] [] org.hibernate.SQL - 
    drop table if exists tbl_book cascade 
2026-04-29 12:13:51.658 [restartedMain] DEBUG [] [] [] [] org.hibernate.SQL - 
    drop table if exists tbl_loan cascade 
2026-04-29 12:13:51.658 [restartedMain] DEBUG [] [] [] [] org.hibernate.SQL - 
    drop table if exists tbl_member cascade 
2026-04-29 12:13:51.658 [restartedMain] DEBUG [] [] [] [] org.hibernate.SQL - 
    drop table if exists tbl_review cascade 
2026-04-29 12:13:51.660 [restartedMain] DEBUG [] [] [] [] org.hibernate.SQL - 
    create table tbl_book (
        available boolean not null,
        publish_date date not null,
        stock_quantity integer not null,
        book_id bigint generated by default as identity,
        isbn varchar(13) not null unique,
        author varchar(100) not null,
        publisher varchar(100) not null,
        title varchar(200) not null,
        primary key (book_id)
    )
2026-04-29 12:13:51.661 [restartedMain] DEBUG [] [] [] [] org.hibernate.SQL - 
    create table tbl_loan (
        fine_amount integer,
        overdue_days integer,
        book_id bigint not null,
        due_date timestamp(6) not null,
        loan_date timestamp(6) not null,
        loan_id bigint generated by default as identity,
        member_id bigint not null,
        return_date timestamp(6),
        status enum ('ACTIVE','OVERDUE','RETURNED') not null,
        primary key (loan_id)
    )
2026-04-29 12:13:51.662 [restartedMain] DEBUG [] [] [] [] org.hibernate.SQL - 
    create table tbl_member (
        active boolean not null,
        join_date timestamp(6) not null,
        member_id bigint generated by default as identity,
        phone varchar(20),
        member_name varchar(50) not null,
        email varchar(100) not null unique,
        primary key (member_id)
    )
2026-04-29 12:13:51.663 [restartedMain] DEBUG [] [] [] [] org.hibernate.SQL - 
    create table tbl_review (
        helpful_count integer not null check (helpful_count>=0),
        rating float(53) not null,
        verified_purchase boolean not null,
        book_id bigint not null,
        created_at timestamp(6) not null,
        member_id bigint not null,
        review_id bigint generated by default as identity,
        updated_at timestamp(6),
        title varchar(100) not null,
        content varchar(2000) not null,
        status enum ('ACTIVE','DELETED','HIDDEN') not null,
        primary key (review_id),
        unique (member_id, book_id)
    )
2026-04-29 12:13:51.664 [restartedMain] DEBUG [] [] [] [] org.hibernate.SQL - 
    alter table if exists tbl_loan 
       add constraint FK963g40utp85k5mww691e4ma6g 
       foreign key (book_id) 
       references tbl_book
2026-04-29 12:13:51.666 [restartedMain] DEBUG [] [] [] [] org.hibernate.SQL - 
    alter table if exists tbl_loan 
       add constraint FKqtnm703pqo6mnin10corsjsc 
       foreign key (member_id) 
       references tbl_member
2026-04-29 12:13:51.667 [restartedMain] DEBUG [] [] [] [] org.hibernate.SQL - 
    alter table if exists tbl_review 
       add constraint FK6ykodvsh8wis5tfouaxwi9qbc 
       foreign key (book_id) 
       references tbl_book
2026-04-29 12:13:51.668 [restartedMain] DEBUG [] [] [] [] org.hibernate.SQL - 
    alter table if exists tbl_review 
       add constraint FKcgs2lvcrlf9x3jtif9sskpx0 
       foreign key (member_id) 
       references tbl_member
2026-04-29 12:13:51.669 [restartedMain] INFO  [] [] [] [] o.s.o.j.LocalContainerEntityManagerFactoryBean - Initialized JPA EntityManagerFactory for persistence unit 'default'
2026-04-29 12:13:51.889 [restartedMain] WARN  [] [] [] [] o.s.b.a.o.j.JpaBaseConfiguration$JpaWebConfiguration - spring.jpa.open-in-view is enabled by default. Therefore, database queries may be performed during view rendering. Explicitly configure spring.jpa.open-in-view to disable this warning
2026-04-29 12:13:51.930 [restartedMain] DEBUG [] [] [] [] o.s.w.s.m.m.a.RequestMappingHandlerMapping - 29 mappings in 'requestMappingHandlerMapping'
2026-04-29 12:13:52.004 [restartedMain] DEBUG [] [] [] [] o.s.w.s.h.SimpleUrlHandlerMapping - Patterns [/webjars/**, /**] in 'resourceHandlerMapping'
2026-04-29 12:13:52.020 [restartedMain] DEBUG [] [] [] [] o.s.w.s.m.m.a.RequestMappingHandlerAdapter - ControllerAdvice beans: 0 @ModelAttribute, 0 @InitBinder, 1 RequestBodyAdvice, 1 ResponseBodyAdvice
2026-04-29 12:13:52.034 [restartedMain] DEBUG [] [] [] [] o.s.w.s.m.m.a.ExceptionHandlerExceptionResolver - ControllerAdvice beans: 2 @ExceptionHandler, 1 ResponseBodyAdvice
2026-04-29 12:13:52.071 [restartedMain] INFO  [] [] [] [] o.s.b.a.h.H2ConsoleAutoConfiguration - H2 console available at '/h2-console'. Database available at 'jdbc:h2:mem:library'
2026-04-29 12:13:52.121 [restartedMain] INFO  [] [] [] [] o.s.b.d.a.OptionalLiveReloadServer - LiveReload server is running on port 35729
2026-04-29 12:13:52.129 [restartedMain] INFO  [] [] [] [] o.a.coyote.http11.Http11NioProtocol - Starting ProtocolHandler ["http-nio-8080"]
2026-04-29 12:13:52.131 [restartedMain] INFO  [] [] [] [] o.s.b.w.e.tomcat.TomcatWebServer - Tomcat started on port 8080 (http) with context path '/'
2026-04-29 12:13:52.137 [restartedMain] INFO  [] [] [] [] c.o.s.Chap01SpringStabilityApplication - Started Chap01SpringStabilityApplication in 0.958 seconds (process running for 2837.591)
2026-04-29 12:13:52.138 [restartedMain] INFO  [] [] [] [] o.s.b.d.a.ConditionEvaluationDeltaLoggingListener - Condition evaluation unchanged
2026-04-29 12:16:42.775 [http-nio-8080-exec-1] INFO  [] [] [] [] o.a.c.c.C.[Tomcat].[localhost].[/] - Initializing Spring DispatcherServlet 'dispatcherServlet'
2026-04-29 12:16:42.775 [http-nio-8080-exec-1] INFO  [] [] [] [] o.s.web.servlet.DispatcherServlet - Initializing Servlet 'dispatcherServlet'
2026-04-29 12:16:42.775 [http-nio-8080-exec-1] DEBUG [] [] [] [] o.s.web.servlet.DispatcherServlet - Detected StandardServletMultipartResolver
2026-04-29 12:16:42.775 [http-nio-8080-exec-1] DEBUG [] [] [] [] o.s.web.servlet.DispatcherServlet - Detected AcceptHeaderLocaleResolver
2026-04-29 12:16:42.775 [http-nio-8080-exec-1] DEBUG [] [] [] [] o.s.web.servlet.DispatcherServlet - Detected FixedThemeResolver
2026-04-29 12:16:42.776 [http-nio-8080-exec-1] DEBUG [] [] [] [] o.s.web.servlet.DispatcherServlet - Detected org.springframework.web.servlet.view.DefaultRequestToViewNameTranslator@20dc848b
2026-04-29 12:16:42.776 [http-nio-8080-exec-1] DEBUG [] [] [] [] o.s.web.servlet.DispatcherServlet - Detected org.springframework.web.servlet.support.SessionFlashMapManager@417839be
2026-04-29 12:16:42.776 [http-nio-8080-exec-1] DEBUG [] [] [] [] o.s.web.servlet.DispatcherServlet - enableLoggingRequestDetails='false': request parameters and headers will be masked to prevent unsafe logging of potentially sensitive data
2026-04-29 12:16:42.776 [http-nio-8080-exec-1] INFO  [] [] [] [] o.s.web.servlet.DispatcherServlet - Completed initialization in 1 ms
2026-04-29 12:16:42.776 [http-nio-8080-exec-1] DEBUG [d1d89a0a] [GET] [/api/v1/loans/status] [10.200.13.225] o.s.web.servlet.DispatcherServlet - GET "/api/v1/loans/status", parameters={}
2026-04-29 12:16:42.776 [http-nio-8080-exec-1] DEBUG [d1d89a0a] [GET] [/api/v1/loans/status] [10.200.13.225] o.s.w.s.m.m.a.RequestMappingHandlerMapping - Mapped to com.ohgiraffers.stability.section02.logging.controller.LoanController#getSystemStatus()
2026-04-29 12:16:42.780 [http-nio-8080-exec-1] INFO  [d1d89a0a] [GET] [/api/v1/loans/status] [10.200.13.225] c.o.s.s.l.controller.LoanController - [s2][LoanController] 대출 시스템 상태 확인 요청
2026-04-29 12:16:42.782 [http-nio-8080-exec-1] INFO  [d1d89a0a] [GET] [/api/v1/loans/status] [10.200.13.225] c.o.s.s.l.controller.LoanController - [s2][LoanController] 대출 시스템 상태 확인 완료 - 상태: HEALTHY
2026-04-29 12:16:42.788 [http-nio-8080-exec-1] DEBUG [d1d89a0a] [GET] [/api/v1/loans/status] [10.200.13.225] o.s.w.s.m.m.a.HttpEntityMethodProcessor - Using 'application/json', given [application/json] and supported [application/json, application/*+json]
2026-04-29 12:16:42.788 [http-nio-8080-exec-1] DEBUG [d1d89a0a] [GET] [/api/v1/loans/status] [10.200.13.225] o.s.w.s.m.m.a.HttpEntityMethodProcessor - Writing [{timestamp=2026-04-29T12:16:42.782213100, message=대출 시스템이 정상적으로 동작 중입니다., status=HEALTHY}]
2026-04-29 12:16:42.789 [http-nio-8080-exec-1] DEBUG [d1d89a0a] [GET] [/api/v1/loans/status] [10.200.13.225] o.s.web.servlet.DispatcherServlet - Completed 200 OK
2026-04-29 12:20:27.569 [http-nio-8080-exec-3] DEBUG [0cf15e45] [GET] [/api/v1/loans/status] [10.200.13.225] o.s.web.servlet.DispatcherServlet - GET "/api/v1/loans/status", parameters={}
2026-04-29 12:20:27.569 [http-nio-8080-exec-3] DEBUG [0cf15e45] [GET] [/api/v1/loans/status] [10.200.13.225] o.s.w.s.m.m.a.RequestMappingHandlerMapping - Mapped to com.ohgiraffers.stability.section02.logging.controller.LoanController#getSystemStatus()
2026-04-29 12:20:27.570 [http-nio-8080-exec-3] INFO  [0cf15e45] [GET] [/api/v1/loans/status] [10.200.13.225] c.o.s.s.l.controller.LoanController - [s2][LoanController] 대출 시스템 상태 확인 요청
2026-04-29 12:20:27.570 [http-nio-8080-exec-3] INFO  [0cf15e45] [GET] [/api/v1/loans/status] [10.200.13.225] c.o.s.s.l.controller.LoanController - [s2][LoanController] 대출 시스템 상태 확인 완료 - 상태: HEALTHY
2026-04-29 12:20:27.580 [http-nio-8080-exec-3] DEBUG [0cf15e45] [GET] [/api/v1/loans/status] [10.200.13.225] o.s.w.s.m.m.a.HttpEntityMethodProcessor - Using 'application/json', given [application/json] and supported [application/json, application/*+json]
2026-04-29 12:20:27.580 [http-nio-8080-exec-3] DEBUG [0cf15e45] [GET] [/api/v1/loans/status] [10.200.13.225] o.s.w.s.m.m.a.HttpEntityMethodProcessor - Writing [{timestamp=2026-04-29T12:20:27.570127800, message=대출 시스템이 정상적으로 동작 중입니다., status=HEALTHY}]
2026-04-29 12:20:27.580 [http-nio-8080-exec-3] DEBUG [0cf15e45] [GET] [/api/v1/loans/status] [10.200.13.225] o.s.web.servlet.DispatcherServlet - Completed 200 OK
2026-04-29 12:20:27.622 [http-nio-8080-exec-4] DEBUG [91422920] [POST] [/api/v1/books] [127.0.0.1] o.s.web.servlet.DispatcherServlet - POST "/api/v1/books", parameters={}
2026-04-29 12:20:27.622 [http-nio-8080-exec-4] DEBUG [91422920] [POST] [/api/v1/books] [127.0.0.1] o.s.w.s.m.m.a.RequestMappingHandlerMapping - Mapped to com.ohgiraffers.stability.section01.exception.controller.BookController#registerBook(BookDTO)
2026-04-29 12:20:27.627 [http-nio-8080-exec-4] DEBUG [91422920] [POST] [/api/v1/books] [127.0.0.1] o.s.w.s.m.m.a.RequestResponseBodyMethodProcessor - Read "application/json;charset=UTF-8" to [BookDTO{bookId=null, isbn='9781234567890', title='Spring Boot 완벽 가이드', author='김개발', publisher='테크출판 (truncated)...]
2026-04-29 12:20:27.627 [http-nio-8080-exec-4] INFO  [91422920] [POST] [/api/v1/books] [127.0.0.1] c.o.s.s.e.controller.BookController - [s1][BookController] 도서 등록 요청 - ISBN: 9781234567890, 제목: Spring Boot 완벽 가이드
2026-04-29 12:20:27.628 [http-nio-8080-exec-4] DEBUG [91422920] [POST] [/api/v1/books] [127.0.0.1] c.o.s.s.e.service.BookService - 도서 등록 시작 - ISBN: 9781234567890, 제목: Spring Boot 완벽 가이드
2026-04-29 12:20:27.631 [http-nio-8080-exec-4] DEBUG [91422920] [POST] [/api/v1/books] [127.0.0.1] org.hibernate.SQL - 
    select
        b1_0.book_id 
    from
        tbl_book b1_0 
    where
        b1_0.isbn=? 
    fetch
        first ? rows only
2026-04-29 12:20:27.633 [http-nio-8080-exec-4] DEBUG [91422920] [POST] [/api/v1/books] [127.0.0.1] org.hibernate.SQL - 
    insert 
    into
        tbl_book
        (author, available, isbn, publish_date, publisher, stock_quantity, title, book_id) 
    values
        (?, ?, ?, ?, ?, ?, ?, default)
2026-04-29 12:20:27.634 [http-nio-8080-exec-4] INFO  [91422920] [POST] [/api/v1/books] [127.0.0.1] c.o.s.s.e.service.BookService - [s1][BookService] 도서 등록 완료 - ID: 1, 제목: Spring Boot 완벽 가이드
2026-04-29 12:20:27.634 [http-nio-8080-exec-4] INFO  [91422920] [POST] [/api/v1/books] [127.0.0.1] c.o.s.s.e.controller.BookController - [s1][BookController] 도서 등록 완료 - ID: 1, 제목: Spring Boot 완벽 가이드
2026-04-29 12:20:27.636 [http-nio-8080-exec-4] DEBUG [91422920] [POST] [/api/v1/books] [127.0.0.1] o.s.w.s.m.m.a.HttpEntityMethodProcessor - Using 'application/json', given [*/*] and supported [application/json, application/*+json]
2026-04-29 12:20:27.637 [http-nio-8080-exec-4] DEBUG [91422920] [POST] [/api/v1/books] [127.0.0.1] o.s.w.s.m.m.a.HttpEntityMethodProcessor - Writing [BookDTO{bookId=1, isbn='9781234567890', title='Spring Boot 완벽 가이드', author='김개발', publisher='테크출판사', (truncated)...]
2026-04-29 12:20:27.637 [http-nio-8080-exec-4] DEBUG [91422920] [POST] [/api/v1/books] [127.0.0.1] o.s.web.servlet.DispatcherServlet - Completed 201 CREATED
2026-04-29 12:20:27.656 [http-nio-8080-exec-5] DEBUG [d6533864] [POST] [/api/v1/books] [127.0.0.1] o.s.web.servlet.DispatcherServlet - POST "/api/v1/books", parameters={}
2026-04-29 12:20:27.657 [http-nio-8080-exec-5] DEBUG [d6533864] [POST] [/api/v1/books] [127.0.0.1] o.s.w.s.m.m.a.RequestMappingHandlerMapping - Mapped to com.ohgiraffers.stability.section01.exception.controller.BookController#registerBook(BookDTO)
2026-04-29 12:20:27.657 [http-nio-8080-exec-5] DEBUG [d6533864] [POST] [/api/v1/books] [127.0.0.1] o.s.w.s.m.m.a.RequestResponseBodyMethodProcessor - Read "application/json;charset=UTF-8" to [BookDTO{bookId=null, isbn='9780987654321', title='Java 프로그래밍 입문', author='박자바', publisher='코딩출판사', p (truncated)...]
2026-04-29 12:20:27.657 [http-nio-8080-exec-5] INFO  [d6533864] [POST] [/api/v1/books] [127.0.0.1] c.o.s.s.e.controller.BookController - [s1][BookController] 도서 등록 요청 - ISBN: 9780987654321, 제목: Java 프로그래밍 입문
2026-04-29 12:20:27.658 [http-nio-8080-exec-5] DEBUG [d6533864] [POST] [/api/v1/books] [127.0.0.1] c.o.s.s.e.service.BookService - 도서 등록 시작 - ISBN: 9780987654321, 제목: Java 프로그래밍 입문
2026-04-29 12:20:27.659 [http-nio-8080-exec-5] DEBUG [d6533864] [POST] [/api/v1/books] [127.0.0.1] org.hibernate.SQL - 
    select
        b1_0.book_id 
    from
        tbl_book b1_0 
    where
        b1_0.isbn=? 
    fetch
        first ? rows only
2026-04-29 12:20:27.660 [http-nio-8080-exec-5] DEBUG [d6533864] [POST] [/api/v1/books] [127.0.0.1] org.hibernate.SQL - 
    insert 
    into
        tbl_book
        (author, available, isbn, publish_date, publisher, stock_quantity, title, book_id) 
    values
        (?, ?, ?, ?, ?, ?, ?, default)
2026-04-29 12:20:27.660 [http-nio-8080-exec-5] INFO  [d6533864] [POST] [/api/v1/books] [127.0.0.1] c.o.s.s.e.service.BookService - [s1][BookService] 도서 등록 완료 - ID: 2, 제목: Java 프로그래밍 입문
2026-04-29 12:20:27.660 [http-nio-8080-exec-5] INFO  [d6533864] [POST] [/api/v1/books] [127.0.0.1] c.o.s.s.e.controller.BookController - [s1][BookController] 도서 등록 완료 - ID: 2, 제목: Java 프로그래밍 입문
2026-04-29 12:20:27.660 [http-nio-8080-exec-5] DEBUG [d6533864] [POST] [/api/v1/books] [127.0.0.1] o.s.w.s.m.m.a.HttpEntityMethodProcessor - Using 'application/json', given [*/*] and supported [application/json, application/*+json]
2026-04-29 12:20:27.660 [http-nio-8080-exec-5] DEBUG [d6533864] [POST] [/api/v1/books] [127.0.0.1] o.s.w.s.m.m.a.HttpEntityMethodProcessor - Writing [BookDTO{bookId=2, isbn='9780987654321', title='Java 프로그래밍 입문', author='박자바', publisher='코딩출판사', publ (truncated)...]
2026-04-29 12:20:27.661 [http-nio-8080-exec-5] DEBUG [d6533864] [POST] [/api/v1/books] [127.0.0.1] o.s.web.servlet.DispatcherServlet - Completed 201 CREATED
2026-04-29 12:20:27.678 [http-nio-8080-exec-6] DEBUG [3e072784] [POST] [/api/v1/books] [127.0.0.1] o.s.web.servlet.DispatcherServlet - POST "/api/v1/books", parameters={}
2026-04-29 12:20:27.678 [http-nio-8080-exec-6] DEBUG [3e072784] [POST] [/api/v1/books] [127.0.0.1] o.s.w.s.m.m.a.RequestMappingHandlerMapping - Mapped to com.ohgiraffers.stability.section01.exception.controller.BookController#registerBook(BookDTO)
2026-04-29 12:20:27.679 [http-nio-8080-exec-6] DEBUG [3e072784] [POST] [/api/v1/books] [127.0.0.1] o.s.w.s.m.m.a.RequestResponseBodyMethodProcessor - Read "application/json;charset=UTF-8" to [BookDTO{bookId=null, isbn='9788966262281', title='Clean Code', author='로버트 마틴', publisher='인사이트', pu (truncated)...]
2026-04-29 12:20:27.679 [http-nio-8080-exec-6] INFO  [3e072784] [POST] [/api/v1/books] [127.0.0.1] c.o.s.s.e.controller.BookController - [s1][BookController] 도서 등록 요청 - ISBN: 9788966262281, 제목: Clean Code
2026-04-29 12:20:27.679 [http-nio-8080-exec-6] DEBUG [3e072784] [POST] [/api/v1/books] [127.0.0.1] c.o.s.s.e.service.BookService - 도서 등록 시작 - ISBN: 9788966262281, 제목: Clean Code
2026-04-29 12:20:27.680 [http-nio-8080-exec-6] DEBUG [3e072784] [POST] [/api/v1/books] [127.0.0.1] org.hibernate.SQL - 
    select
        b1_0.book_id 
    from
        tbl_book b1_0 
    where
        b1_0.isbn=? 
    fetch
        first ? rows only
2026-04-29 12:20:27.681 [http-nio-8080-exec-6] DEBUG [3e072784] [POST] [/api/v1/books] [127.0.0.1] org.hibernate.SQL - 
    insert 
    into
        tbl_book
        (author, available, isbn, publish_date, publisher, stock_quantity, title, book_id) 
    values
        (?, ?, ?, ?, ?, ?, ?, default)
2026-04-29 12:20:27.681 [http-nio-8080-exec-6] INFO  [3e072784] [POST] [/api/v1/books] [127.0.0.1] c.o.s.s.e.service.BookService - [s1][BookService] 도서 등록 완료 - ID: 3, 제목: Clean Code
2026-04-29 12:20:27.682 [http-nio-8080-exec-6] INFO  [3e072784] [POST] [/api/v1/books] [127.0.0.1] c.o.s.s.e.controller.BookController - [s1][BookController] 도서 등록 완료 - ID: 3, 제목: Clean Code
2026-04-29 12:20:27.682 [http-nio-8080-exec-6] DEBUG [3e072784] [POST] [/api/v1/books] [127.0.0.1] o.s.w.s.m.m.a.HttpEntityMethodProcessor - Using 'application/json', given [*/*] and supported [application/json, application/*+json]
2026-04-29 12:20:27.682 [http-nio-8080-exec-6] DEBUG [3e072784] [POST] [/api/v1/books] [127.0.0.1] o.s.w.s.m.m.a.HttpEntityMethodProcessor - Writing [BookDTO{bookId=3, isbn='9788966262281', title='Clean Code', author='로버트 마틴', publisher='인사이트', publi (truncated)...]
2026-04-29 12:20:27.683 [http-nio-8080-exec-6] DEBUG [3e072784] [POST] [/api/v1/books] [127.0.0.1] o.s.web.servlet.DispatcherServlet - Completed 201 CREATED
2026-04-29 12:20:27.704 [http-nio-8080-exec-7] DEBUG [96b2e232] [GET] [/api/v1/books] [127.0.0.1] o.s.web.servlet.DispatcherServlet - GET "/api/v1/books", parameters={}
2026-04-29 12:20:27.704 [http-nio-8080-exec-7] DEBUG [96b2e232] [GET] [/api/v1/books] [127.0.0.1] o.s.w.s.m.m.a.RequestMappingHandlerMapping - Mapped to com.ohgiraffers.stability.section01.exception.controller.BookController#getAllBooks()
2026-04-29 12:20:27.705 [http-nio-8080-exec-7] INFO  [96b2e232] [GET] [/api/v1/books] [127.0.0.1] c.o.s.s.e.controller.BookController - [s1][BookController] 전체 도서 목록 조회 요청
2026-04-29 12:20:27.705 [http-nio-8080-exec-7] DEBUG [96b2e232] [GET] [/api/v1/books] [127.0.0.1] c.o.s.s.e.service.BookService - 전체 도서 목록 조회 시작
2026-04-29 12:20:27.706 [http-nio-8080-exec-7] DEBUG [96b2e232] [GET] [/api/v1/books] [127.0.0.1] org.hibernate.SQL - 
    select
        b1_0.book_id,
        b1_0.author,
        b1_0.available,
        b1_0.isbn,
        b1_0.publish_date,
        b1_0.publisher,
        b1_0.stock_quantity,
        b1_0.title 
    from
        tbl_book b1_0
2026-04-29 12:20:27.707 [http-nio-8080-exec-7] DEBUG [96b2e232] [GET] [/api/v1/books] [127.0.0.1] c.o.s.s.e.service.BookService - 전체 도서 목록 조회 완료 - 총 3권
2026-04-29 12:20:27.707 [http-nio-8080-exec-7] DEBUG [96b2e232] [GET] [/api/v1/books] [127.0.0.1] c.o.s.s.e.service.BookService - 전체 도서 목록 조회 종료
2026-04-29 12:20:27.708 [http-nio-8080-exec-7] INFO  [96b2e232] [GET] [/api/v1/books] [127.0.0.1] c.o.s.s.e.controller.BookController - [s1][BookController] 전체 도서 목록 조회 완료 - 총 3권
2026-04-29 12:20:27.708 [http-nio-8080-exec-7] DEBUG [96b2e232] [GET] [/api/v1/books] [127.0.0.1] o.s.w.s.m.m.a.HttpEntityMethodProcessor - Using 'application/json', given [application/json] and supported [application/json, application/*+json]
2026-04-29 12:20:27.708 [http-nio-8080-exec-7] DEBUG [96b2e232] [GET] [/api/v1/books] [127.0.0.1] o.s.w.s.m.m.a.HttpEntityMethodProcessor - Writing [[BookDTO{bookId=1, isbn='9781234567890', title='Spring Boot 완벽 가이드', author='김개발', publisher='테크출판사' (truncated)...]
2026-04-29 12:20:27.709 [http-nio-8080-exec-7] DEBUG [96b2e232] [GET] [/api/v1/books] [127.0.0.1] o.s.web.servlet.DispatcherServlet - Completed 200 OK
2026-04-29 12:20:27.733 [http-nio-8080-exec-8] DEBUG [9878cb42] [POST] [/api/v1/loans] [127.0.0.1] o.s.web.servlet.DispatcherServlet - POST "/api/v1/loans?memberId=1&bookId=1", parameters={masked}
2026-04-29 12:20:27.733 [http-nio-8080-exec-8] DEBUG [9878cb42] [POST] [/api/v1/loans] [127.0.0.1] o.s.w.s.m.m.a.RequestMappingHandlerMapping - Mapped to com.ohgiraffers.stability.section02.logging.controller.LoanController#createLoan(Long, Long)
2026-04-29 12:20:27.734 [http-nio-8080-exec-8] INFO  [9878cb42] [POST] [/api/v1/loans] [127.0.0.1] c.o.s.s.l.controller.LoanController - [s2][LoanController] 대출 요청 접수 - 회원 ID: 1, 도서 ID: 1
2026-04-29 12:20:27.735 [http-nio-8080-exec-8] DEBUG [9878cb42] [POST] [/api/v1/loans] [127.0.0.1] org.hibernate.SQL - 
    select
        m1_0.member_id,
        m1_0.active,
        m1_0.email,
        m1_0.join_date,
        m1_0.member_name,
        m1_0.phone 
    from
        tbl_member m1_0 
    where
        m1_0.member_id=?
2026-04-29 12:20:27.737 [http-nio-8080-exec-8] DEBUG [9878cb42] [POST] [/api/v1/loans] [127.0.0.1] org.hibernate.SQL - 
    select
        b1_0.book_id,
        b1_0.author,
        b1_0.available,
        b1_0.isbn,
        b1_0.publish_date,
        b1_0.publisher,
        b1_0.stock_quantity,
        b1_0.title 
    from
        tbl_book b1_0 
    where
        b1_0.book_id=?
2026-04-29 12:20:27.746 [http-nio-8080-exec-8] DEBUG [9878cb42] [POST] [/api/v1/loans] [127.0.0.1] org.hibernate.SQL - 
    select
        count(l1_0.loan_id) 
    from
        tbl_loan l1_0 
    where
        l1_0.member_id=? 
        and l1_0.status='ACTIVE'
2026-04-29 12:20:27.755 [http-nio-8080-exec-8] DEBUG [9878cb42] [POST] [/api/v1/loans] [127.0.0.1] org.hibernate.SQL - 
    select
        count(l1_0.loan_id)>0 
    from
        tbl_loan l1_0 
    where
        l1_0.book_id=? 
        and l1_0.status='ACTIVE'
2026-04-29 12:20:27.757 [http-nio-8080-exec-8] DEBUG [9878cb42] [POST] [/api/v1/loans] [127.0.0.1] org.hibernate.SQL - 
    insert 
    into
        tbl_loan
        (book_id, due_date, fine_amount, loan_date, member_id, overdue_days, return_date, status, loan_id) 
    values
        (?, ?, ?, ?, ?, ?, ?, ?, default)
2026-04-29 12:20:27.762 [http-nio-8080-exec-8] DEBUG [9878cb42] [POST] [/api/v1/loans] [127.0.0.1] org.hibernate.SQL - 
    update
        tbl_book 
    set
        author=?,
        available=?,
        isbn=?,
        publish_date=?,
        publisher=?,
        stock_quantity=?,
        title=? 
    where
        book_id=?
2026-04-29 12:20:27.763 [http-nio-8080-exec-8] INFO  [9878cb42] [POST] [/api/v1/loans] [127.0.0.1] c.o.s.s.l.controller.LoanController - [s2][LoanController] 대출 요청 처리 완료 - 대출 ID: 1
2026-04-29 12:20:27.767 [http-nio-8080-exec-8] DEBUG [9878cb42] [POST] [/api/v1/loans] [127.0.0.1] o.s.w.s.m.m.a.HttpEntityMethodProcessor - Using 'application/json', given [application/json] and supported [application/json, application/*+json]
2026-04-29 12:20:27.767 [http-nio-8080-exec-8] DEBUG [9878cb42] [POST] [/api/v1/loans] [127.0.0.1] o.s.w.s.m.m.a.HttpEntityMethodProcessor - Writing [LoanDTO{loanId=1, memberId=1, memberName='김도서', bookId=1, bookTitle='Spring Boot 완벽 가이드', bookIsbn=' (truncated)...]
2026-04-29 12:20:27.768 [http-nio-8080-exec-8] DEBUG [9878cb42] [POST] [/api/v1/loans] [127.0.0.1] o.s.web.servlet.DispatcherServlet - Completed 201 CREATED
2026-04-29 12:20:27.799 [http-nio-8080-exec-10] DEBUG [41c30ee2] [POST] [/api/v1/loans] [127.0.0.1] o.s.web.servlet.DispatcherServlet - POST "/api/v1/loans?memberId=1&bookId=2", parameters={masked}
2026-04-29 12:20:27.799 [http-nio-8080-exec-10] DEBUG [41c30ee2] [POST] [/api/v1/loans] [127.0.0.1] o.s.w.s.m.m.a.RequestMappingHandlerMapping - Mapped to com.ohgiraffers.stability.section02.logging.controller.LoanController#createLoan(Long, Long)
2026-04-29 12:20:27.799 [http-nio-8080-exec-10] INFO  [41c30ee2] [POST] [/api/v1/loans] [127.0.0.1] c.o.s.s.l.controller.LoanController - [s2][LoanController] 대출 요청 접수 - 회원 ID: 1, 도서 ID: 2
2026-04-29 12:20:27.800 [http-nio-8080-exec-10] DEBUG [41c30ee2] [POST] [/api/v1/loans] [127.0.0.1] org.hibernate.SQL - 
    select
        m1_0.member_id,
        m1_0.active,
        m1_0.email,
        m1_0.join_date,
        m1_0.member_name,
        m1_0.phone 
    from
        tbl_member m1_0 
    where
        m1_0.member_id=?
2026-04-29 12:20:27.800 [http-nio-8080-exec-10] DEBUG [41c30ee2] [POST] [/api/v1/loans] [127.0.0.1] org.hibernate.SQL - 
    select
        b1_0.book_id,
        b1_0.author,
        b1_0.available,
        b1_0.isbn,
        b1_0.publish_date,
        b1_0.publisher,
        b1_0.stock_quantity,
        b1_0.title 
    from
        tbl_book b1_0 
    where
        b1_0.book_id=?
2026-04-29 12:20:27.802 [http-nio-8080-exec-10] DEBUG [41c30ee2] [POST] [/api/v1/loans] [127.0.0.1] org.hibernate.SQL - 
    select
        count(l1_0.loan_id) 
    from
        tbl_loan l1_0 
    where
        l1_0.member_id=? 
        and l1_0.status='ACTIVE'
2026-04-29 12:20:27.803 [http-nio-8080-exec-10] DEBUG [41c30ee2] [POST] [/api/v1/loans] [127.0.0.1] org.hibernate.SQL - 
    select
        count(l1_0.loan_id)>0 
    from
        tbl_loan l1_0 
    where
        l1_0.book_id=? 
        and l1_0.status='ACTIVE'
2026-04-29 12:20:27.803 [http-nio-8080-exec-10] DEBUG [41c30ee2] [POST] [/api/v1/loans] [127.0.0.1] org.hibernate.SQL - 
    insert 
    into
        tbl_loan
        (book_id, due_date, fine_amount, loan_date, member_id, overdue_days, return_date, status, loan_id) 
    values
        (?, ?, ?, ?, ?, ?, ?, ?, default)
2026-04-29 12:20:27.805 [http-nio-8080-exec-10] DEBUG [41c30ee2] [POST] [/api/v1/loans] [127.0.0.1] org.hibernate.SQL - 
    update
        tbl_book 
    set
        author=?,
        available=?,
        isbn=?,
        publish_date=?,
        publisher=?,
        stock_quantity=?,
        title=? 
    where
        book_id=?
2026-04-29 12:20:27.806 [http-nio-8080-exec-10] INFO  [41c30ee2] [POST] [/api/v1/loans] [127.0.0.1] c.o.s.s.l.controller.LoanController - [s2][LoanController] 대출 요청 처리 완료 - 대출 ID: 2
2026-04-29 12:20:27.806 [http-nio-8080-exec-10] DEBUG [41c30ee2] [POST] [/api/v1/loans] [127.0.0.1] o.s.w.s.m.m.a.HttpEntityMethodProcessor - Using 'application/json', given [application/json] and supported [application/json, application/*+json]
2026-04-29 12:20:27.806 [http-nio-8080-exec-10] DEBUG [41c30ee2] [POST] [/api/v1/loans] [127.0.0.1] o.s.w.s.m.m.a.HttpEntityMethodProcessor - Writing [LoanDTO{loanId=2, memberId=1, memberName='김도서', bookId=2, bookTitle='Java 프로그래밍 입문', bookIsbn='97809 (truncated)...]
2026-04-29 12:20:27.807 [http-nio-8080-exec-10] DEBUG [41c30ee2] [POST] [/api/v1/loans] [127.0.0.1] o.s.web.servlet.DispatcherServlet - Completed 201 CREATED
2026-04-29 12:20:27.825 [http-nio-8080-exec-9] DEBUG [e01b1ab4] [GET] [/api/v1/loans/member/1] [127.0.0.1] o.s.web.servlet.DispatcherServlet - GET "/api/v1/loans/member/1", parameters={}
2026-04-29 12:20:27.825 [http-nio-8080-exec-9] DEBUG [e01b1ab4] [GET] [/api/v1/loans/member/1] [127.0.0.1] o.s.w.s.m.m.a.RequestMappingHandlerMapping - Mapped to com.ohgiraffers.stability.section02.logging.controller.LoanController#getLoansByMember(Long)
2026-04-29 12:20:27.825 [http-nio-8080-exec-9] INFO  [e01b1ab4] [GET] [/api/v1/loans/member/1] [127.0.0.1] c.o.s.s.l.controller.LoanController - [s2][LoanController] 회원별 대출 목록 조회 요청 - 회원 ID: 1
2026-04-29 12:20:27.826 [http-nio-8080-exec-9] DEBUG [e01b1ab4] [GET] [/api/v1/loans/member/1] [127.0.0.1] org.hibernate.SQL - 
    select
        m1_0.member_id,
        m1_0.active,
        m1_0.email,
        m1_0.join_date,
        m1_0.member_name,
        m1_0.phone 
    from
        tbl_member m1_0 
    where
        m1_0.member_id=?
2026-04-29 12:20:27.829 [http-nio-8080-exec-9] DEBUG [e01b1ab4] [GET] [/api/v1/loans/member/1] [127.0.0.1] org.hibernate.SQL - 
    select
        l1_0.loan_id,
        l1_0.book_id,
        l1_0.due_date,
        l1_0.fine_amount,
        l1_0.loan_date,
        l1_0.member_id,
        l1_0.overdue_days,
        l1_0.return_date,
        l1_0.status 
    from
        tbl_loan l1_0 
    where
        l1_0.member_id=?
2026-04-29 12:20:27.834 [http-nio-8080-exec-9] DEBUG [e01b1ab4] [GET] [/api/v1/loans/member/1] [127.0.0.1] org.hibernate.SQL - 
    select
        b1_0.book_id,
        b1_0.author,
        b1_0.available,
        b1_0.isbn,
        b1_0.publish_date,
        b1_0.publisher,
        b1_0.stock_quantity,
        b1_0.title 
    from
        tbl_book b1_0 
    where
        b1_0.book_id=?
2026-04-29 12:20:27.835 [http-nio-8080-exec-9] DEBUG [e01b1ab4] [GET] [/api/v1/loans/member/1] [127.0.0.1] org.hibernate.SQL - 
    select
        b1_0.book_id,
        b1_0.author,
        b1_0.available,
        b1_0.isbn,
        b1_0.publish_date,
        b1_0.publisher,
        b1_0.stock_quantity,
        b1_0.title 
    from
        tbl_book b1_0 
    where
        b1_0.book_id=?
2026-04-29 12:20:27.835 [http-nio-8080-exec-9] INFO  [e01b1ab4] [GET] [/api/v1/loans/member/1] [127.0.0.1] c.o.s.s.l.controller.LoanController - [s2][LoanController] 회원별 대출 목록 조회 완료 - 회원 ID: 1, 대출 수: 2건
2026-04-29 12:20:27.836 [http-nio-8080-exec-9] DEBUG [e01b1ab4] [GET] [/api/v1/loans/member/1] [127.0.0.1] o.s.w.s.m.m.a.HttpEntityMethodProcessor - Using 'application/json', given [application/json] and supported [application/json, application/*+json]
2026-04-29 12:20:27.836 [http-nio-8080-exec-9] DEBUG [e01b1ab4] [GET] [/api/v1/loans/member/1] [127.0.0.1] o.s.w.s.m.m.a.HttpEntityMethodProcessor - Writing [[LoanDTO{loanId=1, memberId=1, memberName='김도서', bookId=1, bookTitle='Spring Boot 완벽 가이드', bookIsbn= (truncated)...]
2026-04-29 12:20:27.837 [http-nio-8080-exec-9] DEBUG [e01b1ab4] [GET] [/api/v1/loans/member/1] [127.0.0.1] o.s.web.servlet.DispatcherServlet - Completed 200 OK
2026-04-29 12:20:27.859 [http-nio-8080-exec-1] DEBUG [ada9d9a2] [PATCH] [/api/v1/loans/1/extend] [127.0.0.1] o.s.web.servlet.DispatcherServlet - PATCH "/api/v1/loans/1/extend?extensionDays=7", parameters={masked}
2026-04-29 12:20:27.860 [http-nio-8080-exec-1] DEBUG [ada9d9a2] [PATCH] [/api/v1/loans/1/extend] [127.0.0.1] o.s.w.s.m.m.a.RequestMappingHandlerMapping - Mapped to com.ohgiraffers.stability.section02.logging.controller.LoanController#extendLoan(Long, int)
2026-04-29 12:20:27.860 [http-nio-8080-exec-1] INFO  [ada9d9a2] [PATCH] [/api/v1/loans/1/extend] [127.0.0.1] c.o.s.s.l.controller.LoanController - [s2][LoanController] 대출 연장 요청 접수 - 대출 ID: 1, 연장 일수: 7일
2026-04-29 12:20:27.861 [http-nio-8080-exec-1] DEBUG [ada9d9a2] [PATCH] [/api/v1/loans/1/extend] [127.0.0.1] org.hibernate.SQL - 
    select
        l1_0.loan_id,
        l1_0.book_id,
        l1_0.due_date,
        l1_0.fine_amount,
        l1_0.loan_date,
        l1_0.member_id,
        l1_0.overdue_days,
        l1_0.return_date,
        l1_0.status 
    from
        tbl_loan l1_0 
    where
        l1_0.loan_id=?
2026-04-29 12:20:27.864 [http-nio-8080-exec-1] DEBUG [ada9d9a2] [PATCH] [/api/v1/loans/1/extend] [127.0.0.1] org.hibernate.SQL - 
    select
        m1_0.member_id,
        m1_0.active,
        m1_0.email,
        m1_0.join_date,
        m1_0.member_name,
        m1_0.phone 
    from
        tbl_member m1_0 
    where
        m1_0.member_id=?
2026-04-29 12:20:27.865 [http-nio-8080-exec-1] DEBUG [ada9d9a2] [PATCH] [/api/v1/loans/1/extend] [127.0.0.1] org.hibernate.SQL - 
    select
        b1_0.book_id,
        b1_0.author,
        b1_0.available,
        b1_0.isbn,
        b1_0.publish_date,
        b1_0.publisher,
        b1_0.stock_quantity,
        b1_0.title 
    from
        tbl_book b1_0 
    where
        b1_0.book_id=?
2026-04-29 12:20:27.866 [http-nio-8080-exec-1] DEBUG [ada9d9a2] [PATCH] [/api/v1/loans/1/extend] [127.0.0.1] org.hibernate.SQL - 
    update
        tbl_loan 
    set
        book_id=?,
        due_date=?,
        fine_amount=?,
        loan_date=?,
        member_id=?,
        overdue_days=?,
        return_date=?,
        status=? 
    where
        loan_id=?
2026-04-29 12:20:27.866 [http-nio-8080-exec-1] INFO  [ada9d9a2] [PATCH] [/api/v1/loans/1/extend] [127.0.0.1] c.o.s.s.l.controller.LoanController - [s2][LoanController] 대출 연장 요청 처리 완료 - 대출 ID: 1
2026-04-29 12:20:27.867 [http-nio-8080-exec-1] DEBUG [ada9d9a2] [PATCH] [/api/v1/loans/1/extend] [127.0.0.1] o.s.w.s.m.m.a.HttpEntityMethodProcessor - Using 'application/json', given [application/json] and supported [application/json, application/*+json]
2026-04-29 12:20:27.868 [http-nio-8080-exec-1] DEBUG [ada9d9a2] [PATCH] [/api/v1/loans/1/extend] [127.0.0.1] o.s.w.s.m.m.a.HttpEntityMethodProcessor - Writing [LoanDTO{loanId=1, memberId=1, memberName='김도서', bookId=1, bookTitle='Spring Boot 완벽 가이드', bookIsbn=' (truncated)...]
2026-04-29 12:20:27.868 [http-nio-8080-exec-1] DEBUG [ada9d9a2] [PATCH] [/api/v1/loans/1/extend] [127.0.0.1] o.s.web.servlet.DispatcherServlet - Completed 200 OK
2026-04-29 12:20:27.887 [http-nio-8080-exec-2] DEBUG [3bca64a1] [PATCH] [/api/v1/loans/1/return] [127.0.0.1] o.s.web.servlet.DispatcherServlet - PATCH "/api/v1/loans/1/return", parameters={}
2026-04-29 12:20:27.887 [http-nio-8080-exec-2] DEBUG [3bca64a1] [PATCH] [/api/v1/loans/1/return] [127.0.0.1] o.s.w.s.m.m.a.RequestMappingHandlerMapping - Mapped to com.ohgiraffers.stability.section02.logging.controller.LoanController#returnBook(Long)
2026-04-29 12:20:27.888 [http-nio-8080-exec-2] INFO  [3bca64a1] [PATCH] [/api/v1/loans/1/return] [127.0.0.1] c.o.s.s.l.controller.LoanController - [s2][LoanController] 반납 요청 접수 - 대출 ID: 1
2026-04-29 12:20:27.889 [http-nio-8080-exec-2] DEBUG [3bca64a1] [PATCH] [/api/v1/loans/1/return] [127.0.0.1] org.hibernate.SQL - 
    select
        l1_0.loan_id,
        l1_0.book_id,
        l1_0.due_date,
        l1_0.fine_amount,
        l1_0.loan_date,
        l1_0.member_id,
        l1_0.overdue_days,
        l1_0.return_date,
        l1_0.status 
    from
        tbl_loan l1_0 
    where
        l1_0.loan_id=?
2026-04-29 12:20:27.890 [http-nio-8080-exec-2] DEBUG [3bca64a1] [PATCH] [/api/v1/loans/1/return] [127.0.0.1] org.hibernate.SQL - 
    select
        b1_0.book_id,
        b1_0.author,
        b1_0.available,
        b1_0.isbn,
        b1_0.publish_date,
        b1_0.publisher,
        b1_0.stock_quantity,
        b1_0.title 
    from
        tbl_book b1_0 
    where
        b1_0.book_id=?
2026-04-29 12:20:27.890 [http-nio-8080-exec-2] DEBUG [3bca64a1] [PATCH] [/api/v1/loans/1/return] [127.0.0.1] org.hibernate.SQL - 
    select
        m1_0.member_id,
        m1_0.active,
        m1_0.email,
        m1_0.join_date,
        m1_0.member_name,
        m1_0.phone 
    from
        tbl_member m1_0 
    where
        m1_0.member_id=?
2026-04-29 12:20:27.891 [http-nio-8080-exec-2] DEBUG [3bca64a1] [PATCH] [/api/v1/loans/1/return] [127.0.0.1] org.hibernate.SQL - 
    update
        tbl_loan 
    set
        book_id=?,
        due_date=?,
        fine_amount=?,
        loan_date=?,
        member_id=?,
        overdue_days=?,
        return_date=?,
        status=? 
    where
        loan_id=?
2026-04-29 12:20:27.892 [http-nio-8080-exec-2] DEBUG [3bca64a1] [PATCH] [/api/v1/loans/1/return] [127.0.0.1] org.hibernate.SQL - 
    update
        tbl_book 
    set
        author=?,
        available=?,
        isbn=?,
        publish_date=?,
        publisher=?,
        stock_quantity=?,
        title=? 
    where
        book_id=?
2026-04-29 12:20:27.892 [http-nio-8080-exec-2] INFO  [3bca64a1] [PATCH] [/api/v1/loans/1/return] [127.0.0.1] c.o.s.s.l.controller.LoanController - [s2][LoanController] 반납 요청 처리 완료 - 대출 ID: 1
2026-04-29 12:20:27.893 [http-nio-8080-exec-2] DEBUG [3bca64a1] [PATCH] [/api/v1/loans/1/return] [127.0.0.1] o.s.w.s.m.m.a.HttpEntityMethodProcessor - Using 'application/json', given [application/json] and supported [application/json, application/*+json]
2026-04-29 12:20:27.893 [http-nio-8080-exec-2] DEBUG [3bca64a1] [PATCH] [/api/v1/loans/1/return] [127.0.0.1] o.s.w.s.m.m.a.HttpEntityMethodProcessor - Writing [LoanDTO{loanId=1, memberId=1, memberName='김도서', bookId=1, bookTitle='Spring Boot 완벽 가이드', bookIsbn=' (truncated)...]
2026-04-29 12:20:27.893 [http-nio-8080-exec-2] DEBUG [3bca64a1] [PATCH] [/api/v1/loans/1/return] [127.0.0.1] o.s.web.servlet.DispatcherServlet - Completed 200 OK
2026-04-29 12:20:27.916 [http-nio-8080-exec-3] DEBUG [dfd6ae7c] [GET] [/api/v1/loans/overdue] [127.0.0.1] o.s.web.servlet.DispatcherServlet - GET "/api/v1/loans/overdue", parameters={}
2026-04-29 12:20:27.916 [http-nio-8080-exec-3] DEBUG [dfd6ae7c] [GET] [/api/v1/loans/overdue] [127.0.0.1] o.s.w.s.m.m.a.RequestMappingHandlerMapping - Mapped to com.ohgiraffers.stability.section02.logging.controller.LoanController#getOverdueLoans()
2026-04-29 12:20:27.916 [http-nio-8080-exec-3] INFO  [dfd6ae7c] [GET] [/api/v1/loans/overdue] [127.0.0.1] c.o.s.s.l.controller.LoanController - [s2][LoanController] 연체 대출 목록 조회 요청
2026-04-29 12:20:27.919 [http-nio-8080-exec-3] DEBUG [dfd6ae7c] [GET] [/api/v1/loans/overdue] [127.0.0.1] org.hibernate.SQL - 
    select
        l1_0.loan_id,
        l1_0.book_id,
        l1_0.due_date,
        l1_0.fine_amount,
        l1_0.loan_date,
        l1_0.member_id,
        l1_0.overdue_days,
        l1_0.return_date,
        l1_0.status 
    from
        tbl_loan l1_0 
    where
        l1_0.status='ACTIVE' 
        and l1_0.due_date<?
2026-04-29 12:20:27.920 [http-nio-8080-exec-3] INFO  [dfd6ae7c] [GET] [/api/v1/loans/overdue] [127.0.0.1] c.o.s.s.l.controller.LoanController - [s2][LoanController] 연체 대출 목록 조회 완료 - 연체 건수: 0건
2026-04-29 12:20:27.920 [http-nio-8080-exec-3] DEBUG [dfd6ae7c] [GET] [/api/v1/loans/overdue] [127.0.0.1] o.s.w.s.m.m.a.HttpEntityMethodProcessor - Using 'application/json', given [application/json] and supported [application/json, application/*+json]
2026-04-29 12:20:27.920 [http-nio-8080-exec-3] DEBUG [dfd6ae7c] [GET] [/api/v1/loans/overdue] [127.0.0.1] o.s.w.s.m.m.a.HttpEntityMethodProcessor - Writing [[]]
2026-04-29 12:20:27.921 [http-nio-8080-exec-3] DEBUG [dfd6ae7c] [GET] [/api/v1/loans/overdue] [127.0.0.1] o.s.web.servlet.DispatcherServlet - Completed 200 OK
2026-04-29 12:20:27.942 [http-nio-8080-exec-4] DEBUG [b9e4d3f8] [POST] [/api/v1/loans/overdue/process] [127.0.0.1] o.s.web.servlet.DispatcherServlet - POST "/api/v1/loans/overdue/process", parameters={}
2026-04-29 12:20:27.942 [http-nio-8080-exec-4] DEBUG [b9e4d3f8] [POST] [/api/v1/loans/overdue/process] [127.0.0.1] o.s.w.s.m.m.a.RequestMappingHandlerMapping - Mapped to com.ohgiraffers.stability.section02.logging.controller.LoanController#processOverdueLoans()
2026-04-29 12:20:27.942 [http-nio-8080-exec-4] INFO  [b9e4d3f8] [POST] [/api/v1/loans/overdue/process] [127.0.0.1] c.o.s.s.l.controller.LoanController - [s2][LoanController] 연체 대출 일괄 처리 요청
2026-04-29 12:20:27.943 [http-nio-8080-exec-4] DEBUG [b9e4d3f8] [POST] [/api/v1/loans/overdue/process] [127.0.0.1] org.hibernate.SQL - 
    select
        l1_0.loan_id,
        l1_0.book_id,
        l1_0.due_date,
        l1_0.fine_amount,
        l1_0.loan_date,
        l1_0.member_id,
        l1_0.overdue_days,
        l1_0.return_date,
        l1_0.status 
    from
        tbl_loan l1_0 
    where
        l1_0.status='ACTIVE' 
        and l1_0.due_date<?
2026-04-29 12:20:27.944 [http-nio-8080-exec-4] INFO  [b9e4d3f8] [POST] [/api/v1/loans/overdue/process] [127.0.0.1] c.o.s.s.l.controller.LoanController - [s2][LoanController] 연체 대출 일괄 처리 완료 - 처리 건수: 0건
2026-04-29 12:20:27.945 [http-nio-8080-exec-4] DEBUG [b9e4d3f8] [POST] [/api/v1/loans/overdue/process] [127.0.0.1] o.s.w.s.m.m.a.HttpEntityMethodProcessor - Using 'application/json', given [application/json] and supported [application/json, application/*+json]
2026-04-29 12:20:27.945 [http-nio-8080-exec-4] DEBUG [b9e4d3f8] [POST] [/api/v1/loans/overdue/process] [127.0.0.1] o.s.w.s.m.m.a.HttpEntityMethodProcessor - Writing [{processedCount=0, message=연체 대출 일괄 처리가 완료되었습니다.}]
2026-04-29 12:20:27.945 [http-nio-8080-exec-4] DEBUG [b9e4d3f8] [POST] [/api/v1/loans/overdue/process] [127.0.0.1] o.s.web.servlet.DispatcherServlet - Completed 200 OK
2026-04-29 12:20:27.967 [http-nio-8080-exec-5] DEBUG [62988761] [POST] [/api/v1/loans/test/logging] [127.0.0.1] o.s.web.servlet.DispatcherServlet - POST "/api/v1/loans/test/logging?level=debug&message=%EB%94%94%EB%B2%84%EA%B7%B8+%EB%A1%9C%EA%B7%B8+%ED%85%8C%EC%8A%A4%ED%8A%B8%EC%9E%85%EB%8B%88%EB%8B%A4", parameters={masked}
2026-04-29 12:20:27.967 [http-nio-8080-exec-5] DEBUG [62988761] [POST] [/api/v1/loans/test/logging] [127.0.0.1] o.s.w.s.m.m.a.RequestMappingHandlerMapping - Mapped to com.ohgiraffers.stability.section02.logging.controller.LoanController#testLogging(String, String)
2026-04-29 12:20:27.968 [http-nio-8080-exec-5] INFO  [62988761] [POST] [/api/v1/loans/test/logging] [127.0.0.1] c.o.s.s.l.controller.LoanController - [s2][LoanController] 로깅 테스트 요청 - 레벨: debug, 메시지: 디버그 로그 테스트입니다
2026-04-29 12:20:27.968 [http-nio-8080-exec-5] DEBUG [62988761] [POST] [/api/v1/loans/test/logging] [127.0.0.1] c.o.s.s.l.controller.LoanController - [s2][LoanController] DEBUG 테스트: 디버그 로그 테스트입니다
2026-04-29 12:20:27.969 [http-nio-8080-exec-5] DEBUG [62988761] [POST] [/api/v1/loans/test/logging] [127.0.0.1] o.s.w.s.m.m.a.HttpEntityMethodProcessor - Using 'application/json', given [application/json] and supported [application/json, application/*+json]
2026-04-29 12:20:27.969 [http-nio-8080-exec-5] DEBUG [62988761] [POST] [/api/v1/loans/test/logging] [127.0.0.1] o.s.w.s.m.m.a.HttpEntityMethodProcessor - Writing [{message=디버그 로그 테스트입니다, level=debug, result=로깅 테스트가 완료되었습니다.}]
2026-04-29 12:20:27.969 [http-nio-8080-exec-5] DEBUG [62988761] [POST] [/api/v1/loans/test/logging] [127.0.0.1] o.s.web.servlet.DispatcherServlet - Completed 200 OK
2026-04-29 12:20:27.990 [http-nio-8080-exec-6] DEBUG [8bdecfc7] [POST] [/api/v1/loans/test/logging] [127.0.0.1] o.s.web.servlet.DispatcherServlet - POST "/api/v1/loans/test/logging?level=info&message=%EC%A0%95%EB%B3%B4+%EB%A1%9C%EA%B7%B8+%ED%85%8C%EC%8A%A4%ED%8A%B8%EC%9E%85%EB%8B%88%EB%8B%A4", parameters={masked}
2026-04-29 12:20:27.991 [http-nio-8080-exec-6] DEBUG [8bdecfc7] [POST] [/api/v1/loans/test/logging] [127.0.0.1] o.s.w.s.m.m.a.RequestMappingHandlerMapping - Mapped to com.ohgiraffers.stability.section02.logging.controller.LoanController#testLogging(String, String)
2026-04-29 12:20:27.991 [http-nio-8080-exec-6] INFO  [8bdecfc7] [POST] [/api/v1/loans/test/logging] [127.0.0.1] c.o.s.s.l.controller.LoanController - [s2][LoanController] 로깅 테스트 요청 - 레벨: info, 메시지: 정보 로그 테스트입니다
2026-04-29 12:20:27.991 [http-nio-8080-exec-6] INFO  [8bdecfc7] [POST] [/api/v1/loans/test/logging] [127.0.0.1] c.o.s.s.l.controller.LoanController - [s2][LoanController] INFO 테스트: 정보 로그 테스트입니다
2026-04-29 12:20:27.992 [http-nio-8080-exec-6] DEBUG [8bdecfc7] [POST] [/api/v1/loans/test/logging] [127.0.0.1] o.s.w.s.m.m.a.HttpEntityMethodProcessor - Using 'application/json', given [application/json] and supported [application/json, application/*+json]
2026-04-29 12:20:27.992 [http-nio-8080-exec-6] DEBUG [8bdecfc7] [POST] [/api/v1/loans/test/logging] [127.0.0.1] o.s.w.s.m.m.a.HttpEntityMethodProcessor - Writing [{message=정보 로그 테스트입니다, level=info, result=로깅 테스트가 완료되었습니다.}]
2026-04-29 12:20:27.992 [http-nio-8080-exec-6] DEBUG [8bdecfc7] [POST] [/api/v1/loans/test/logging] [127.0.0.1] o.s.web.servlet.DispatcherServlet - Completed 200 OK
2026-04-29 12:20:28.028 [http-nio-8080-exec-7] DEBUG [b206d3a0] [POST] [/api/v1/loans/test/logging] [127.0.0.1] o.s.web.servlet.DispatcherServlet - POST "/api/v1/loans/test/logging?level=warn&message=%EA%B2%BD%EA%B3%A0+%EB%A1%9C%EA%B7%B8+%ED%85%8C%EC%8A%A4%ED%8A%B8%EC%9E%85%EB%8B%88%EB%8B%A4", parameters={masked}
2026-04-29 12:20:28.029 [http-nio-8080-exec-7] DEBUG [b206d3a0] [POST] [/api/v1/loans/test/logging] [127.0.0.1] o.s.w.s.m.m.a.RequestMappingHandlerMapping - Mapped to com.ohgiraffers.stability.section02.logging.controller.LoanController#testLogging(String, String)
2026-04-29 12:20:28.029 [http-nio-8080-exec-7] INFO  [b206d3a0] [POST] [/api/v1/loans/test/logging] [127.0.0.1] c.o.s.s.l.controller.LoanController - [s2][LoanController] 로깅 테스트 요청 - 레벨: warn, 메시지: 경고 로그 테스트입니다
2026-04-29 12:20:28.029 [http-nio-8080-exec-7] WARN  [b206d3a0] [POST] [/api/v1/loans/test/logging] [127.0.0.1] c.o.s.s.l.controller.LoanController - [s2][LoanController] WARN 테스트: 경고 로그 테스트입니다
2026-04-29 12:20:28.030 [http-nio-8080-exec-7] DEBUG [b206d3a0] [POST] [/api/v1/loans/test/logging] [127.0.0.1] o.s.w.s.m.m.a.HttpEntityMethodProcessor - Using 'application/json', given [application/json] and supported [application/json, application/*+json]
2026-04-29 12:20:28.030 [http-nio-8080-exec-7] DEBUG [b206d3a0] [POST] [/api/v1/loans/test/logging] [127.0.0.1] o.s.w.s.m.m.a.HttpEntityMethodProcessor - Writing [{message=경고 로그 테스트입니다, level=warn, result=로깅 테스트가 완료되었습니다.}]
2026-04-29 12:20:28.030 [http-nio-8080-exec-7] DEBUG [b206d3a0] [POST] [/api/v1/loans/test/logging] [127.0.0.1] o.s.web.servlet.DispatcherServlet - Completed 200 OK
2026-04-29 12:20:28.050 [http-nio-8080-exec-8] DEBUG [500f52bb] [POST] [/api/v1/loans/test/logging] [127.0.0.1] o.s.web.servlet.DispatcherServlet - POST "/api/v1/loans/test/logging?level=error&message=%EC%97%90%EB%9F%AC+%EB%A1%9C%EA%B7%B8+%ED%85%8C%EC%8A%A4%ED%8A%B8%EC%9E%85%EB%8B%88%EB%8B%A4", parameters={masked}
2026-04-29 12:20:28.050 [http-nio-8080-exec-8] DEBUG [500f52bb] [POST] [/api/v1/loans/test/logging] [127.0.0.1] o.s.w.s.m.m.a.RequestMappingHandlerMapping - Mapped to com.ohgiraffers.stability.section02.logging.controller.LoanController#testLogging(String, String)
2026-04-29 12:20:28.050 [http-nio-8080-exec-8] INFO  [500f52bb] [POST] [/api/v1/loans/test/logging] [127.0.0.1] c.o.s.s.l.controller.LoanController - [s2][LoanController] 로깅 테스트 요청 - 레벨: error, 메시지: 에러 로그 테스트입니다
2026-04-29 12:20:28.050 [http-nio-8080-exec-8] ERROR [500f52bb] [POST] [/api/v1/loans/test/logging] [127.0.0.1] c.o.s.s.l.controller.LoanController - [s2][LoanController] ERROR 테스트: 에러 로그 테스트입니다
2026-04-29 12:20:28.051 [http-nio-8080-exec-8] DEBUG [500f52bb] [POST] [/api/v1/loans/test/logging] [127.0.0.1] o.s.w.s.m.m.a.HttpEntityMethodProcessor - Using 'application/json', given [application/json] and supported [application/json, application/*+json]
2026-04-29 12:20:28.051 [http-nio-8080-exec-8] DEBUG [500f52bb] [POST] [/api/v1/loans/test/logging] [127.0.0.1] o.s.w.s.m.m.a.HttpEntityMethodProcessor - Writing [{message=에러 로그 테스트입니다, level=error, result=로깅 테스트가 완료되었습니다.}]
2026-04-29 12:20:28.051 [http-nio-8080-exec-8] DEBUG [500f52bb] [POST] [/api/v1/loans/test/logging] [127.0.0.1] o.s.web.servlet.DispatcherServlet - Completed 200 OK
2026-04-29 12:20:28.071 [http-nio-8080-exec-10] DEBUG [602997f4] [POST] [/api/v1/loans] [127.0.0.1] o.s.web.servlet.DispatcherServlet - POST "/api/v1/loans?memberId=999&bookId=1", parameters={masked}
2026-04-29 12:20:28.072 [http-nio-8080-exec-10] DEBUG [602997f4] [POST] [/api/v1/loans] [127.0.0.1] o.s.w.s.m.m.a.RequestMappingHandlerMapping - Mapped to com.ohgiraffers.stability.section02.logging.controller.LoanController#createLoan(Long, Long)
2026-04-29 12:20:28.072 [http-nio-8080-exec-10] INFO  [602997f4] [POST] [/api/v1/loans] [127.0.0.1] c.o.s.s.l.controller.LoanController - [s2][LoanController] 대출 요청 접수 - 회원 ID: 999, 도서 ID: 1
2026-04-29 12:20:28.073 [http-nio-8080-exec-10] DEBUG [602997f4] [POST] [/api/v1/loans] [127.0.0.1] org.hibernate.SQL - 
    select
        m1_0.member_id,
        m1_0.active,
        m1_0.email,
        m1_0.join_date,
        m1_0.member_name,
        m1_0.phone 
    from
        tbl_member m1_0 
    where
        m1_0.member_id=?
2026-04-29 12:20:28.074 [http-nio-8080-exec-10] DEBUG [602997f4] [POST] [/api/v1/loans] [127.0.0.1] o.s.w.s.m.m.a.ExceptionHandlerExceptionResolver - Using @ExceptionHandler com.ohgiraffers.stability.section01.exception.handler.GlobalExceptionHandler#handleIllegalArgumentException(IllegalArgumentException, HttpServletRequest)
2026-04-29 12:20:28.074 [http-nio-8080-exec-10] WARN  [602997f4] [POST] [/api/v1/loans] [127.0.0.1] c.o.s.s.e.h.GlobalExceptionHandler - [s1][GlobalExceptionHandler] 잘못된 인수: 존재하지 않는 회원입니다: 999
2026-04-29 12:20:28.076 [http-nio-8080-exec-10] DEBUG [602997f4] [POST] [/api/v1/loans] [127.0.0.1] o.s.w.s.m.m.a.HttpEntityMethodProcessor - Using 'application/json', given [application/json] and supported [application/json, application/*+json]
2026-04-29 12:20:28.077 [http-nio-8080-exec-10] DEBUG [602997f4] [POST] [/api/v1/loans] [127.0.0.1] o.s.w.s.m.m.a.HttpEntityMethodProcessor - Writing [ErrorResponse{errorCode='INVALID_ARGUMENT', message='존재하지 않는 회원입니다: 999', timestamp=2026-04-29T12:20 (truncated)...]
2026-04-29 12:20:28.078 [http-nio-8080-exec-10] WARN  [602997f4] [POST] [/api/v1/loans] [127.0.0.1] o.s.w.s.m.m.a.ExceptionHandlerExceptionResolver - Resolved [java.lang.IllegalArgumentException: 존재하지 않는 회원입니다: 999]
2026-04-29 12:20:28.078 [http-nio-8080-exec-10] DEBUG [602997f4] [POST] [/api/v1/loans] [127.0.0.1] o.s.web.servlet.DispatcherServlet - Completed 400 BAD_REQUEST
2026-04-29 12:20:28.106 [http-nio-8080-exec-9] DEBUG [d70dffcd] [POST] [/api/v1/loans] [127.0.0.1] o.s.web.servlet.DispatcherServlet - POST "/api/v1/loans?memberId=1&bookId=999", parameters={masked}
2026-04-29 12:20:28.106 [http-nio-8080-exec-9] DEBUG [d70dffcd] [POST] [/api/v1/loans] [127.0.0.1] o.s.w.s.m.m.a.RequestMappingHandlerMapping - Mapped to com.ohgiraffers.stability.section02.logging.controller.LoanController#createLoan(Long, Long)
2026-04-29 12:20:28.106 [http-nio-8080-exec-9] INFO  [d70dffcd] [POST] [/api/v1/loans] [127.0.0.1] c.o.s.s.l.controller.LoanController - [s2][LoanController] 대출 요청 접수 - 회원 ID: 1, 도서 ID: 999
2026-04-29 12:20:28.107 [http-nio-8080-exec-9] DEBUG [d70dffcd] [POST] [/api/v1/loans] [127.0.0.1] org.hibernate.SQL - 
    select
        m1_0.member_id,
        m1_0.active,
        m1_0.email,
        m1_0.join_date,
        m1_0.member_name,
        m1_0.phone 
    from
        tbl_member m1_0 
    where
        m1_0.member_id=?
2026-04-29 12:20:28.108 [http-nio-8080-exec-9] DEBUG [d70dffcd] [POST] [/api/v1/loans] [127.0.0.1] org.hibernate.SQL - 
    select
        b1_0.book_id,
        b1_0.author,
        b1_0.available,
        b1_0.isbn,
        b1_0.publish_date,
        b1_0.publisher,
        b1_0.stock_quantity,
        b1_0.title 
    from
        tbl_book b1_0 
    where
        b1_0.book_id=?
2026-04-29 12:20:28.109 [http-nio-8080-exec-9] DEBUG [d70dffcd] [POST] [/api/v1/loans] [127.0.0.1] o.s.w.s.m.m.a.ExceptionHandlerExceptionResolver - Using @ExceptionHandler com.ohgiraffers.stability.section01.exception.handler.GlobalExceptionHandler#handleBookNotFoundException(BookNotFoundException, HttpServletRequest)
2026-04-29 12:20:28.109 [http-nio-8080-exec-9] WARN  [d70dffcd] [POST] [/api/v1/loans] [127.0.0.1] c.o.s.s.e.h.GlobalExceptionHandler - [s1][GlobalExceptionHandler] 도서 조회 실패: 해당 ID의 도서를 찾을 수 없습니다: 999
2026-04-29 12:20:28.110 [http-nio-8080-exec-9] DEBUG [d70dffcd] [POST] [/api/v1/loans] [127.0.0.1] o.s.w.s.m.m.a.HttpEntityMethodProcessor - Using 'application/json', given [application/json] and supported [application/json, application/*+json]
2026-04-29 12:20:28.110 [http-nio-8080-exec-9] DEBUG [d70dffcd] [POST] [/api/v1/loans] [127.0.0.1] o.s.w.s.m.m.a.HttpEntityMethodProcessor - Writing [ErrorResponse{errorCode='BOOK_NOT_FOUND_BY_ID', message='해당 ID의 도서를 찾을 수 없습니다: 999', timestamp=2026- (truncated)...]
2026-04-29 12:20:28.111 [http-nio-8080-exec-9] WARN  [d70dffcd] [POST] [/api/v1/loans] [127.0.0.1] o.s.w.s.m.m.a.ExceptionHandlerExceptionResolver - Resolved [com.ohgiraffers.stability.section01.exception.exception.BookNotFoundException: 해당 ID의 도서를 찾을 수 없습니다: 999]
2026-04-29 12:20:28.111 [http-nio-8080-exec-9] DEBUG [d70dffcd] [POST] [/api/v1/loans] [127.0.0.1] o.s.web.servlet.DispatcherServlet - Completed 404 NOT_FOUND
2026-04-29 12:20:28.128 [http-nio-8080-exec-1] DEBUG [4eb4c2ac] [PATCH] [/api/v1/loans/1/return] [127.0.0.1] o.s.web.servlet.DispatcherServlet - PATCH "/api/v1/loans/1/return", parameters={}
2026-04-29 12:20:28.128 [http-nio-8080-exec-1] DEBUG [4eb4c2ac] [PATCH] [/api/v1/loans/1/return] [127.0.0.1] o.s.w.s.m.m.a.RequestMappingHandlerMapping - Mapped to com.ohgiraffers.stability.section02.logging.controller.LoanController#returnBook(Long)
2026-04-29 12:20:28.128 [http-nio-8080-exec-1] INFO  [4eb4c2ac] [PATCH] [/api/v1/loans/1/return] [127.0.0.1] c.o.s.s.l.controller.LoanController - [s2][LoanController] 반납 요청 접수 - 대출 ID: 1
2026-04-29 12:20:28.129 [http-nio-8080-exec-1] DEBUG [4eb4c2ac] [PATCH] [/api/v1/loans/1/return] [127.0.0.1] org.hibernate.SQL - 
    select
        l1_0.loan_id,
        l1_0.book_id,
        l1_0.due_date,
        l1_0.fine_amount,
        l1_0.loan_date,
        l1_0.member_id,
        l1_0.overdue_days,
        l1_0.return_date,
        l1_0.status 
    from
        tbl_loan l1_0 
    where
        l1_0.loan_id=?
2026-04-29 12:20:28.131 [http-nio-8080-exec-1] DEBUG [4eb4c2ac] [PATCH] [/api/v1/loans/1/return] [127.0.0.1] o.s.w.s.m.m.a.ExceptionHandlerExceptionResolver - Using @ExceptionHandler com.ohgiraffers.stability.section01.exception.handler.GlobalExceptionHandler#handleIllegalArgumentException(IllegalArgumentException, HttpServletRequest)
2026-04-29 12:20:28.131 [http-nio-8080-exec-1] WARN  [4eb4c2ac] [PATCH] [/api/v1/loans/1/return] [127.0.0.1] c.o.s.s.e.h.GlobalExceptionHandler - [s1][GlobalExceptionHandler] 잘못된 인수: 이미 반납된 도서입니다: 1
2026-04-29 12:20:28.132 [http-nio-8080-exec-1] DEBUG [4eb4c2ac] [PATCH] [/api/v1/loans/1/return] [127.0.0.1] o.s.w.s.m.m.a.HttpEntityMethodProcessor - Using 'application/json', given [application/json] and supported [application/json, application/*+json]
2026-04-29 12:20:28.132 [http-nio-8080-exec-1] DEBUG [4eb4c2ac] [PATCH] [/api/v1/loans/1/return] [127.0.0.1] o.s.w.s.m.m.a.HttpEntityMethodProcessor - Writing [ErrorResponse{errorCode='INVALID_ARGUMENT', message='이미 반납된 도서입니다: 1', timestamp=2026-04-29T12:20:28 (truncated)...]
2026-04-29 12:20:28.132 [http-nio-8080-exec-1] WARN  [4eb4c2ac] [PATCH] [/api/v1/loans/1/return] [127.0.0.1] o.s.w.s.m.m.a.ExceptionHandlerExceptionResolver - Resolved [java.lang.IllegalArgumentException: 이미 반납된 도서입니다: 1]
2026-04-29 12:20:28.132 [http-nio-8080-exec-1] DEBUG [4eb4c2ac] [PATCH] [/api/v1/loans/1/return] [127.0.0.1] o.s.web.servlet.DispatcherServlet - Completed 400 BAD_REQUEST
2026-04-29 12:20:28.157 [http-nio-8080-exec-2] DEBUG [23b7243b] [PATCH] [/api/v1/loans/2/extend] [127.0.0.1] o.s.web.servlet.DispatcherServlet - PATCH "/api/v1/loans/2/extend?extensionDays=30", parameters={masked}
2026-04-29 12:20:28.157 [http-nio-8080-exec-2] DEBUG [23b7243b] [PATCH] [/api/v1/loans/2/extend] [127.0.0.1] o.s.w.s.m.m.a.RequestMappingHandlerMapping - Mapped to com.ohgiraffers.stability.section02.logging.controller.LoanController#extendLoan(Long, int)
2026-04-29 12:20:28.158 [http-nio-8080-exec-2] INFO  [23b7243b] [PATCH] [/api/v1/loans/2/extend] [127.0.0.1] c.o.s.s.l.controller.LoanController - [s2][LoanController] 대출 연장 요청 접수 - 대출 ID: 2, 연장 일수: 30일
2026-04-29 12:20:28.158 [http-nio-8080-exec-2] DEBUG [23b7243b] [PATCH] [/api/v1/loans/2/extend] [127.0.0.1] org.hibernate.SQL - 
    select
        l1_0.loan_id,
        l1_0.book_id,
        l1_0.due_date,
        l1_0.fine_amount,
        l1_0.loan_date,
        l1_0.member_id,
        l1_0.overdue_days,
        l1_0.return_date,
        l1_0.status 
    from
        tbl_loan l1_0 
    where
        l1_0.loan_id=?
2026-04-29 12:20:28.161 [http-nio-8080-exec-2] DEBUG [23b7243b] [PATCH] [/api/v1/loans/2/extend] [127.0.0.1] o.s.w.s.m.m.a.ExceptionHandlerExceptionResolver - Using @ExceptionHandler com.ohgiraffers.stability.section01.exception.handler.GlobalExceptionHandler#handleIllegalArgumentException(IllegalArgumentException, HttpServletRequest)
2026-04-29 12:20:28.161 [http-nio-8080-exec-2] WARN  [23b7243b] [PATCH] [/api/v1/loans/2/extend] [127.0.0.1] c.o.s.s.e.h.GlobalExceptionHandler - [s1][GlobalExceptionHandler] 잘못된 인수: 연장 일수는 1일 이상 14일 이하여야 합니다: 30
2026-04-29 12:20:28.161 [http-nio-8080-exec-2] DEBUG [23b7243b] [PATCH] [/api/v1/loans/2/extend] [127.0.0.1] o.s.w.s.m.m.a.HttpEntityMethodProcessor - Using 'application/json', given [application/json] and supported [application/json, application/*+json]
2026-04-29 12:20:28.161 [http-nio-8080-exec-2] DEBUG [23b7243b] [PATCH] [/api/v1/loans/2/extend] [127.0.0.1] o.s.w.s.m.m.a.HttpEntityMethodProcessor - Writing [ErrorResponse{errorCode='INVALID_ARGUMENT', message='연장 일수는 1일 이상 14일 이하여야 합니다: 30', timestamp=2026- (truncated)...]
2026-04-29 12:20:28.161 [http-nio-8080-exec-2] WARN  [23b7243b] [PATCH] [/api/v1/loans/2/extend] [127.0.0.1] o.s.w.s.m.m.a.ExceptionHandlerExceptionResolver - Resolved [java.lang.IllegalArgumentException: 연장 일수는 1일 이상 14일 이하여야 합니다: 30]
2026-04-29 12:20:28.161 [http-nio-8080-exec-2] DEBUG [23b7243b] [PATCH] [/api/v1/loans/2/extend] [127.0.0.1] o.s.web.servlet.DispatcherServlet - Completed 400 BAD_REQUEST
2026-04-29 12:20:28.183 [http-nio-8080-exec-3] DEBUG [87aa4f0e] [GET] [/api/v1/loans/member/1] [127.0.0.1] o.s.web.servlet.DispatcherServlet - GET "/api/v1/loans/member/1", parameters={}
2026-04-29 12:20:28.183 [http-nio-8080-exec-3] DEBUG [87aa4f0e] [GET] [/api/v1/loans/member/1] [127.0.0.1] o.s.w.s.m.m.a.RequestMappingHandlerMapping - Mapped to com.ohgiraffers.stability.section02.logging.controller.LoanController#getLoansByMember(Long)
2026-04-29 12:20:28.183 [http-nio-8080-exec-3] INFO  [87aa4f0e] [GET] [/api/v1/loans/member/1] [127.0.0.1] c.o.s.s.l.controller.LoanController - [s2][LoanController] 회원별 대출 목록 조회 요청 - 회원 ID: 1
2026-04-29 12:20:28.184 [http-nio-8080-exec-3] DEBUG [87aa4f0e] [GET] [/api/v1/loans/member/1] [127.0.0.1] org.hibernate.SQL - 
    select
        m1_0.member_id,
        m1_0.active,
        m1_0.email,
        m1_0.join_date,
        m1_0.member_name,
        m1_0.phone 
    from
        tbl_member m1_0 
    where
        m1_0.member_id=?
2026-04-29 12:20:28.186 [http-nio-8080-exec-3] DEBUG [87aa4f0e] [GET] [/api/v1/loans/member/1] [127.0.0.1] org.hibernate.SQL - 
    select
        l1_0.loan_id,
        l1_0.book_id,
        l1_0.due_date,
        l1_0.fine_amount,
        l1_0.loan_date,
        l1_0.member_id,
        l1_0.overdue_days,
        l1_0.return_date,
        l1_0.status 
    from
        tbl_loan l1_0 
    where
        l1_0.member_id=?
2026-04-29 12:20:28.186 [http-nio-8080-exec-3] DEBUG [87aa4f0e] [GET] [/api/v1/loans/member/1] [127.0.0.1] org.hibernate.SQL - 
    select
        b1_0.book_id,
        b1_0.author,
        b1_0.available,
        b1_0.isbn,
        b1_0.publish_date,
        b1_0.publisher,
        b1_0.stock_quantity,
        b1_0.title 
    from
        tbl_book b1_0 
    where
        b1_0.book_id=?
2026-04-29 12:20:28.187 [http-nio-8080-exec-3] DEBUG [87aa4f0e] [GET] [/api/v1/loans/member/1] [127.0.0.1] org.hibernate.SQL - 
    select
        b1_0.book_id,
        b1_0.author,
        b1_0.available,
        b1_0.isbn,
        b1_0.publish_date,
        b1_0.publisher,
        b1_0.stock_quantity,
        b1_0.title 
    from
        tbl_book b1_0 
    where
        b1_0.book_id=?
2026-04-29 12:20:28.187 [http-nio-8080-exec-3] INFO  [87aa4f0e] [GET] [/api/v1/loans/member/1] [127.0.0.1] c.o.s.s.l.controller.LoanController - [s2][LoanController] 회원별 대출 목록 조회 완료 - 회원 ID: 1, 대출 수: 2건
2026-04-29 12:20:28.188 [http-nio-8080-exec-3] DEBUG [87aa4f0e] [GET] [/api/v1/loans/member/1] [127.0.0.1] o.s.w.s.m.m.a.HttpEntityMethodProcessor - Using 'application/json', given [application/json] and supported [application/json, application/*+json]
2026-04-29 12:20:28.188 [http-nio-8080-exec-3] DEBUG [87aa4f0e] [GET] [/api/v1/loans/member/1] [127.0.0.1] o.s.w.s.m.m.a.HttpEntityMethodProcessor - Writing [[LoanDTO{loanId=1, memberId=1, memberName='김도서', bookId=1, bookTitle='Spring Boot 완벽 가이드', bookIsbn= (truncated)...]
2026-04-29 12:20:28.188 [http-nio-8080-exec-3] DEBUG [87aa4f0e] [GET] [/api/v1/loans/member/1] [127.0.0.1] o.s.web.servlet.DispatcherServlet - Completed 200 OK
2026-04-29 12:20:28.208 [http-nio-8080-exec-4] DEBUG [2a246455] [GET] [/api/v1/loans/status] [127.0.0.1] o.s.web.servlet.DispatcherServlet - GET "/api/v1/loans/status", parameters={}
2026-04-29 12:20:28.208 [http-nio-8080-exec-4] DEBUG [2a246455] [GET] [/api/v1/loans/status] [127.0.0.1] o.s.w.s.m.m.a.RequestMappingHandlerMapping - Mapped to com.ohgiraffers.stability.section02.logging.controller.LoanController#getSystemStatus()
2026-04-29 12:20:28.208 [http-nio-8080-exec-4] INFO  [2a246455] [GET] [/api/v1/loans/status] [127.0.0.1] c.o.s.s.l.controller.LoanController - [s2][LoanController] 대출 시스템 상태 확인 요청
2026-04-29 12:20:28.208 [http-nio-8080-exec-4] INFO  [2a246455] [GET] [/api/v1/loans/status] [127.0.0.1] c.o.s.s.l.controller.LoanController - [s2][LoanController] 대출 시스템 상태 확인 완료 - 상태: HEALTHY
2026-04-29 12:20:28.208 [http-nio-8080-exec-4] DEBUG [2a246455] [GET] [/api/v1/loans/status] [127.0.0.1] o.s.w.s.m.m.a.HttpEntityMethodProcessor - Using 'application/json', given [application/json] and supported [application/json, application/*+json]
2026-04-29 12:20:28.209 [http-nio-8080-exec-4] DEBUG [2a246455] [GET] [/api/v1/loans/status] [127.0.0.1] o.s.w.s.m.m.a.HttpEntityMethodProcessor - Writing [{timestamp=2026-04-29T12:20:28.208405800, message=대출 시스템이 정상적으로 동작 중입니다., status=HEALTHY}]
2026-04-29 12:20:28.209 [http-nio-8080-exec-4] DEBUG [2a246455] [GET] [/api/v1/loans/status] [127.0.0.1] o.s.web.servlet.DispatcherServlet - Completed 200 OK
2026-04-29 13:20:15.186 [SpringApplicationShutdownHook] INFO  [] [] [] [] o.s.b.w.e.tomcat.GracefulShutdown - Commencing graceful shutdown. Waiting for active requests to complete
2026-04-29 14:21:08.838 [tomcat-shutdown] INFO  [] [] [] [] o.s.b.w.e.tomcat.GracefulShutdown - Graceful shutdown complete
2026-04-29 14:21:08.842 [SpringApplicationShutdownHook] INFO  [] [] [] [] o.s.o.j.LocalContainerEntityManagerFactoryBean - Closing JPA EntityManagerFactory for persistence unit 'default'
2026-04-29 14:21:08.842 [SpringApplicationShutdownHook] DEBUG [] [] [] [] org.hibernate.SQL - 
    drop table if exists tbl_book cascade 
2026-04-29 14:21:08.844 [SpringApplicationShutdownHook] DEBUG [] [] [] [] org.hibernate.SQL - 
    drop table if exists tbl_loan cascade 
2026-04-29 14:21:08.844 [SpringApplicationShutdownHook] DEBUG [] [] [] [] org.hibernate.SQL - 
    drop table if exists tbl_member cascade 
2026-04-29 14:21:08.845 [SpringApplicationShutdownHook] DEBUG [] [] [] [] org.hibernate.SQL - 
    drop table if exists tbl_review cascade 
2026-04-29 14:21:08.846 [SpringApplicationShutdownHook] WARN  [] [] [] [] o.s.b.f.s.DisposableBeanAdapter - Invocation of destroy method failed on bean with name 'inMemoryDatabaseShutdownExecutor': org.h2.jdbc.JdbcSQLNonTransientConnectionException: Database is already closed (to disable automatic closing at VM shutdown, add ";DB_CLOSE_ON_EXIT=FALSE" to the db URL) [90121-232]
2026-04-29 14:21:08.846 [SpringApplicationShutdownHook] INFO  [] [] [] [] com.zaxxer.hikari.HikariDataSource - HikariPool-3 - Shutdown initiated...
2026-04-29 14:21:08.847 [SpringApplicationShutdownHook] INFO  [] [] [] [] com.zaxxer.hikari.HikariDataSource - HikariPool-3 - Shutdown completed.
